Video,Actual_Folder,Actual_Class,Predicted_Class,Confidence,Clear_Probability,Drive_Probability,Drop_Probability,NetShot_Probability,Smash_Probability,Status
CLEAR_MATCH08_SHOT0142_HITFRAME00042410.mp4,CLEAR,Clear,Drop,91.73%,0.0381,0.0383,0.9173,0.0004,0.0059,SUCCESS
CLEAR_MATCH08_SHOT0147_HITFRAME00042620.mp4,CLEAR,Clear,Drive,56.43%,0.0322,0.5643,0.3681,0.0033,0.0321,SUCCESS
CLEAR_MATCH08_SHOT0148_HITFRAME00042650.mp4,CLEAR,Clear,Drop,91.21%,0.0800,0.0021,0.9121,0.0002,0.0056,SUCCESS
CLEAR_MATCH08_SHOT0149_HITFRAME00042678.mp4,CLEAR,Clear,Drop,92.51%,0.0196,0.0336,0.9251,0.0009,0.0208,SUCCESS
CLEAR_MATCH08_SHOT0150_HITFRAME00042710.mp4,CLEAR,Clear,Smash,52.98%,0.0027,0.0058,0.4610,0.0007,0.5298,SUCCESS
CLEAR_MATCH08_SHOT0151_HITFRAME00042734.mp4,CLEAR,Clear,Drive,53.83%,0.0103,0.5383,0.3204,0.0040,0.1270,SUCCESS
CLEAR_MATCH08_SHOT0166_HITFRAME00048564.mp4,CLEAR,Clear,Drop,93.06%,0.0013,0.0034,0.9306,0.0001,0.0646,SUCCESS
CLEAR_MATCH08_SHOT0167_HITFRAME00048594.mp4,CLEAR,Clear,Drop,87.88%,0.0166,0.0829,0.8788,0.0014,0.0204,SUCCESS
CLEAR_MATCH08_SHOT0171_HITFRAME00049447.mp4,CLEAR,Clear,Drive,96.17%,0.0037,0.9617,0.0304,0.0023,0.0021,SUCCESS
CLEAR_MATCH08_SHOT0174_HITFRAME00049574.mp4,CLEAR,Clear,Drop,96.88%,0.0036,0.0013,0.9688,0.0001,0.0262,SUCCESS
CLEAR_MATCH08_SHOT0185_HITFRAME00052296.mp4,CLEAR,Clear,Drop,54.17%,0.0011,0.0029,0.5417,0.0002,0.4541,SUCCESS
CLEAR_MATCH08_SHOT0188_HITFRAME00053094.mp4,CLEAR,Clear,Drive,96.52%,0.0016,0.9652,0.0282,0.0016,0.0034,SUCCESS
CLEAR_MATCH08_SHOT0198_HITFRAME00054875.mp4,CLEAR,Clear,Drop,85.93%,0.0921,0.0421,0.8593,0.0007,0.0058,SUCCESS
CLEAR_MATCH08_SHOT0200_HITFRAME00055006.mp4,CLEAR,Clear,Drive,58.58%,0.1067,0.5858,0.2295,0.0737,0.0044,SUCCESS
CLEAR_MATCH08_SHOT0204_HITFRAME00056578.mp4,CLEAR,Clear,Drop,96.03%,0.0067,0.0007,0.9603,0.0001,0.0322,SUCCESS
CLEAR_MATCH08_SHOT0205_HITFRAME00056609.mp4,CLEAR,Clear,Drop,97.83%,0.0041,0.0051,0.9783,0.0002,0.0124,SUCCESS
CLEAR_MATCH08_SHOT0217_HITFRAME00061694.mp4,CLEAR,Clear,Drop,97.32%,0.0030,0.0047,0.9732,0.0001,0.0190,SUCCESS
CLEAR_MATCH08_SHOT0218_HITFRAME00061723.mp4,CLEAR,Clear,Drop,55.21%,0.0569,0.3733,0.5521,0.0025,0.0153,SUCCESS
CLEAR_MATCH08_SHOT0227_HITFRAME00063550.mp4,CLEAR,Clear,Drop,92.91%,0.0024,0.0009,0.9291,0.0001,0.0676,SUCCESS
CLEAR_MATCH08_SHOT0230_HITFRAME00065601.mp4,CLEAR,Clear,Drive,96.99%,0.0009,0.9699,0.0177,0.0021,0.0094,SUCCESS
CLEAR_MATCH08_SHOT0231_HITFRAME00065712.mp4,CLEAR,Clear,Drop,97.46%,0.0110,0.0064,0.9746,0.0002,0.0078,SUCCESS
CLEAR_MATCH08_SHOT0234_HITFRAME00066728.mp4,CLEAR,Clear,Drop,95.98%,0.0031,0.0012,0.9598,0.0001,0.0358,SUCCESS
CLEAR_MATCH08_SHOT0236_HITFRAME00066846.mp4,CLEAR,Clear,Drop,96.21%,0.0029,0.0019,0.9621,0.0001,0.0329,SUCCESS
CLEAR_MATCH08_SHOT0237_HITFRAME00066876.mp4,CLEAR,Clear,Drop,68.34%,0.0309,0.2682,0.6834,0.0018,0.0156,SUCCESS
CLEAR_MATCH08_SHOT0239_HITFRAME00067123.mp4,CLEAR,Clear,Drop,61.01%,0.0164,0.3409,0.6101,0.0018,0.0307,SUCCESS
CLEAR_MATCH08_SHOT0240_HITFRAME00067229.mp4,CLEAR,Clear,Drop,52.65%,0.0159,0.4445,0.5265,0.0011,0.0120,SUCCESS
CLEAR_MATCH08_SHOT0241_HITFRAME00067260.mp4,CLEAR,Clear,Drop,92.03%,0.0025,0.0017,0.9203,0.0002,0.0752,SUCCESS
CLEAR_MATCH08_SHOT0258_HITFRAME00072077.mp4,CLEAR,Clear,Drop,96.74%,0.0086,0.0017,0.9674,0.0001,0.0222,SUCCESS
CLEAR_MATCH08_SHOT0261_HITFRAME00072199.mp4,CLEAR,Clear,Drive,99.35%,0.0010,0.9935,0.0033,0.0005,0.0017,SUCCESS
CLEAR_MATCH08_SHOT0262_HITFRAME00072232.mp4,CLEAR,Clear,Drop,70.42%,0.2847,0.0049,0.7042,0.0004,0.0058,SUCCESS
CLEAR_MATCH08_SHOT0263_HITFRAME00073503.mp4,CLEAR,Clear,Drop,96.77%,0.0136,0.0116,0.9677,0.0002,0.0069,SUCCESS
CLEAR_MATCH08_SHOT0265_HITFRAME00073653.mp4,CLEAR,Clear,Drive,51.47%,0.0038,0.5147,0.4462,0.0012,0.0342,SUCCESS
CLEAR_MATCH08_SHOT0266_HITFRAME00073684.mp4,CLEAR,Clear,Drop,70.26%,0.0120,0.2700,0.7026,0.0009,0.0144,SUCCESS
CLEAR_MATCH08_SHOT0267_HITFRAME00073710.mp4,CLEAR,Clear,Drop,86.44%,0.0511,0.0435,0.8644,0.0020,0.0390,SUCCESS
CLEAR_MATCH08_SHOT0268_HITFRAME00073741.mp4,CLEAR,Clear,Drop,62.46%,0.0265,0.3377,0.6246,0.0026,0.0085,SUCCESS
CLEAR_MATCH08_SHOT0269_HITFRAME00073765.mp4,CLEAR,Clear,Drop,84.21%,0.0763,0.0658,0.8421,0.0030,0.0129,SUCCESS
CLEAR_MATCH08_SHOT0277_HITFRAME00077137.mp4,CLEAR,Clear,Drive,98.94%,0.0004,0.9894,0.0037,0.0055,0.0010,SUCCESS
CLEAR_MATCH08_SHOT0278_HITFRAME00077170.mp4,CLEAR,Clear,Drop,57.13%,0.3799,0.0415,0.5713,0.0024,0.0049,SUCCESS
CLEAR_MATCH08_SHOT0279_HITFRAME00077200.mp4,CLEAR,Clear,Drive,60.00%,0.0102,0.6000,0.3784,0.0015,0.0099,SUCCESS
CLEAR_MATCH09_SHOT0002_HITFRAME00002005.mp4,CLEAR,Clear,Drive,65.81%,0.0083,0.6581,0.0608,0.1796,0.0931,SUCCESS
CLEAR_MATCH09_SHOT0008_HITFRAME00003098.mp4,CLEAR,Clear,Drive,67.70%,0.0102,0.6770,0.0690,0.1490,0.0948,SUCCESS
CLEAR_MATCH09_SHOT0009_HITFRAME00003132.mp4,CLEAR,Clear,Drive,70.27%,0.0098,0.7027,0.0713,0.1360,0.0801,SUCCESS
CLEAR_MATCH09_SHOT0010_HITFRAME00003164.mp4,CLEAR,Clear,Drive,65.63%,0.0093,0.6563,0.0733,0.1670,0.0941,SUCCESS
CLEAR_MATCH09_SHOT0011_HITFRAME00003272.mp4,CLEAR,Clear,Drive,70.20%,0.0094,0.7020,0.0704,0.1243,0.0939,SUCCESS
CLEAR_MATCH09_SHOT0018_HITFRAME00004944.mp4,CLEAR,Clear,Drive,62.12%,0.0089,0.6212,0.0589,0.1973,0.1137,SUCCESS
CLEAR_MATCH09_SHOT0020_HITFRAME00005451.mp4,CLEAR,Clear,Drive,93.25%,0.0064,0.9325,0.0307,0.0148,0.0156,SUCCESS
CLEAR_MATCH09_SHOT0024_HITFRAME00005604.mp4,CLEAR,Clear,Drive,94.59%,0.0051,0.9459,0.0249,0.0115,0.0125,SUCCESS
CLEAR_MATCH09_SHOT0029_HITFRAME00006865.mp4,CLEAR,Clear,Drive,86.36%,0.0081,0.8636,0.0951,0.0237,0.0095,SUCCESS
CLEAR_MATCH09_SHOT0031_HITFRAME00007355.mp4,CLEAR,Clear,Drive,46.58%,0.1354,0.4658,0.2638,0.0598,0.0752,SUCCESS
CLEAR_MATCH09_SHOT0037_HITFRAME00008145.mp4,CLEAR,Clear,Smash,57.08%,0.1302,0.0490,0.2005,0.0495,0.5708,SUCCESS
CLEAR_MATCH09_SHOT0049_HITFRAME00010644.mp4,CLEAR,Clear,Drive,97.36%,0.0022,0.9736,0.0098,0.0038,0.0107,SUCCESS
CLEAR_MATCH09_SHOT0056_HITFRAME00012710.mp4,CLEAR,Clear,Drive,51.71%,0.0240,0.5171,0.2494,0.0443,0.1652,SUCCESS
CLEAR_MATCH09_SHOT0059_HITFRAME00013508.mp4,CLEAR,Clear,Drive,30.17%,0.1362,0.3017,0.2192,0.1427,0.2002,SUCCESS
CLEAR_MATCH09_SHOT0062_HITFRAME00013632.mp4,CLEAR,Clear,Drive,99.59%,0.0002,0.9959,0.0016,0.0015,0.0008,SUCCESS
CLEAR_MATCH09_SHOT0066_HITFRAME00014587.mp4,CLEAR,Clear,Drive,99.59%,0.0003,0.9959,0.0023,0.0009,0.0006,SUCCESS
CLEAR_MATCH09_SHOT0067_HITFRAME00014624.mp4,CLEAR,Clear,Drop,78.27%,0.0037,0.1803,0.7827,0.0119,0.0214,SUCCESS
CLEAR_MATCH09_SHOT0070_HITFRAME00015433.mp4,CLEAR,Clear,Drop,46.41%,0.1399,0.1239,0.4641,0.0270,0.2451,SUCCESS
CLEAR_MATCH09_SHOT0082_HITFRAME00016435.mp4,CLEAR,Clear,Drop,40.34%,0.1860,0.0912,0.4034,0.1124,0.2069,SUCCESS
CLEAR_MATCH09_SHOT0091_HITFRAME00017474.mp4,CLEAR,Clear,Drop,50.78%,0.0023,0.0039,0.5078,0.0006,0.4854,SUCCESS
CLEAR_MATCH09_SHOT0093_HITFRAME00018092.mp4,CLEAR,Clear,Drive,99.57%,0.0003,0.9957,0.0023,0.0011,0.0006,SUCCESS
CLEAR_MATCH09_SHOT0094_HITFRAME00018124.mp4,CLEAR,Clear,Drive,67.44%,0.0036,0.6744,0.2427,0.0184,0.0609,SUCCESS
CLEAR_MATCH09_SHOT0100_HITFRAME00018370.mp4,CLEAR,Clear,Drive,72.18%,0.0475,0.7218,0.1416,0.0360,0.0531,SUCCESS
CLEAR_MATCH09_SHOT0102_HITFRAME00019044.mp4,CLEAR,Clear,Drop,47.59%,0.3258,0.1117,0.4759,0.0263,0.0604,SUCCESS
CLEAR_MATCH09_SHOT0103_HITFRAME00019154.mp4,CLEAR,Clear,Drop,32.86%,0.0497,0.3098,0.3286,0.1455,0.1664,SUCCESS
CLEAR_MATCH09_SHOT0104_HITFRAME00019188.mp4,CLEAR,Clear,Smash,30.33%,0.1249,0.1482,0.2577,0.1659,0.3033,SUCCESS
CLEAR_MATCH09_SHOT0105_HITFRAME00019212.mp4,CLEAR,Clear,Drive,29.78%,0.1704,0.2978,0.2446,0.1185,0.1688,SUCCESS
CLEAR_MATCH09_SHOT0106_HITFRAME00019249.mp4,CLEAR,Clear,Drop,39.27%,0.3075,0.0960,0.3927,0.0668,0.1370,SUCCESS
CLEAR_MATCH09_SHOT0108_HITFRAME00019311.mp4,CLEAR,Clear,Drive,99.77%,0.0002,0.9977,0.0009,0.0009,0.0003,SUCCESS
CLEAR_MATCH09_SHOT0110_HITFRAME00020686.mp4,CLEAR,Clear,Smash,44.64%,0.1161,0.1100,0.2506,0.0769,0.4464,SUCCESS
CLEAR_MATCH09_SHOT0114_HITFRAME00021865.mp4,CLEAR,Clear,Drive,79.86%,0.0051,0.7986,0.1768,0.0085,0.0110,SUCCESS
CLEAR_MATCH09_SHOT0118_HITFRAME00021998.mp4,CLEAR,Clear,Drive,91.64%,0.0012,0.9164,0.0724,0.0047,0.0052,SUCCESS
CLEAR_MATCH09_SHOT0120_HITFRAME00022098.mp4,CLEAR,Clear,Drive,89.65%,0.0018,0.8965,0.0780,0.0094,0.0143,SUCCESS
CLEAR_MATCH09_SHOT0122_HITFRAME00022698.mp4,CLEAR,Clear,Drive,99.70%,0.0002,0.9970,0.0014,0.0010,0.0004,SUCCESS
CLEAR_MATCH09_SHOT0130_HITFRAME00025008.mp4,CLEAR,Clear,Drive,25.81%,0.1628,0.2581,0.2047,0.2166,0.1577,SUCCESS
CLEAR_MATCH09_SHOT0146_HITFRAME00030879.mp4,CLEAR,Clear,Drop,31.84%,0.2620,0.1106,0.3184,0.1158,0.1933,SUCCESS
CLEAR_MATCH09_SHOT0155_HITFRAME00032792.mp4,CLEAR,Clear,Drive,72.32%,0.0051,0.7232,0.1924,0.0118,0.0675,SUCCESS
CLEAR_MATCH09_SHOT0162_HITFRAME00033752.mp4,CLEAR,Clear,Smash,45.42%,0.0139,0.4088,0.0924,0.0308,0.4542,SUCCESS
CLEAR_MATCH09_SHOT0170_HITFRAME00035353.mp4,CLEAR,Clear,Smash,25.13%,0.2144,0.0729,0.2428,0.2186,0.2513,SUCCESS
CLEAR_MATCH09_SHOT0173_HITFRAME00035580.mp4,CLEAR,Clear,Smash,25.81%,0.1642,0.1323,0.2052,0.2402,0.2581,SUCCESS
CLEAR_MATCH09_SHOT0176_HITFRAME00036290.mp4,CLEAR,Clear,Drop,27.19%,0.2316,0.1013,0.2719,0.1306,0.2646,SUCCESS
CLEAR_MATCH09_SHOT0180_HITFRAME00037001.mp4,CLEAR,Clear,Drive,53.55%,0.0051,0.5355,0.3895,0.0402,0.0297,SUCCESS
CLEAR_MATCH09_SHOT0183_HITFRAME00037113.mp4,CLEAR,Clear,Drive,84.11%,0.0034,0.8411,0.1044,0.0260,0.0250,SUCCESS
CLEAR_MATCH09_SHOT0190_HITFRAME00038539.mp4,CLEAR,Clear,Drop,92.68%,0.0042,0.0576,0.9268,0.0009,0.0106,SUCCESS
CLEAR_MATCH09_SHOT0194_HITFRAME00040076.mp4,CLEAR,Clear,Drive,50.20%,0.0791,0.5020,0.2828,0.0416,0.0945,SUCCESS
CLEAR_MATCH09_SHOT0204_HITFRAME00043265.mp4,CLEAR,Clear,Net Shot,87.16%,0.0014,0.0410,0.0580,0.8716,0.0279,SUCCESS
CLEAR_MATCH09_SHOT0210_HITFRAME00044843.mp4,CLEAR,Clear,Drive,76.63%,0.0036,0.7663,0.0948,0.1082,0.0271,SUCCESS
CLEAR_MATCH09_SHOT0213_HITFRAME00044962.mp4,CLEAR,Clear,Drive,99.25%,0.0003,0.9925,0.0012,0.0019,0.0041,SUCCESS
CLEAR_MATCH09_SHOT0221_HITFRAME00047027.mp4,CLEAR,Clear,Drive,93.74%,0.0021,0.9374,0.0080,0.0035,0.0490,SUCCESS
CLEAR_MATCH09_SHOT0224_HITFRAME00047215.mp4,CLEAR,Clear,Drive,53.96%,0.0033,0.5396,0.0952,0.3360,0.0259,SUCCESS
CLEAR_MATCH09_SHOT0228_HITFRAME00049116.mp4,CLEAR,Clear,Drop,42.84%,0.0034,0.4181,0.4284,0.0034,0.1468,SUCCESS
CLEAR_MATCH09_SHOT0230_HITFRAME00050266.mp4,CLEAR,Clear,Drop,24.67%,0.2164,0.2081,0.2467,0.1562,0.1726,SUCCESS
CLEAR_MATCH09_SHOT0231_HITFRAME00050294.mp4,CLEAR,Clear,Drive,27.36%,0.1414,0.2736,0.2313,0.1804,0.1733,SUCCESS
CLEAR_MATCH09_SHOT0238_HITFRAME00052132.mp4,CLEAR,Clear,Drive,99.07%,0.0008,0.9907,0.0062,0.0016,0.0008,SUCCESS
CLEAR_MATCH09_SHOT0239_HITFRAME00052161.mp4,CLEAR,Clear,Drive,99.77%,0.0001,0.9977,0.0010,0.0006,0.0006,SUCCESS
CLEAR_MATCH09_SHOT0243_HITFRAME00054553.mp4,CLEAR,Clear,Drop,29.69%,0.0976,0.1539,0.2969,0.2952,0.1564,SUCCESS
CLEAR_MATCH09_SHOT0249_HITFRAME00055167.mp4,CLEAR,Clear,Drive,35.32%,0.0772,0.3532,0.2333,0.1785,0.1578,SUCCESS
CLEAR_MATCH10_SHOT0001_HITFRAME00004381.mp4,CLEAR,Clear,Drive,79.39%,0.0085,0.7939,0.0685,0.0492,0.0800,SUCCESS
CLEAR_MATCH10_SHOT0002_HITFRAME00004460.mp4,CLEAR,Clear,Drive,80.50%,0.0068,0.8050,0.0778,0.0440,0.0663,SUCCESS
CLEAR_MATCH10_SHOT0003_HITFRAME00004487.mp4,CLEAR,Clear,Drive,80.51%,0.0069,0.8051,0.0706,0.0392,0.0783,SUCCESS
CLEAR_MATCH10_SHOT0006_HITFRAME00004971.mp4,CLEAR,Clear,Drive,75.10%,0.0056,0.7510,0.1280,0.0579,0.0575,SUCCESS
CLEAR_MATCH10_SHOT0007_HITFRAME00005358.mp4,CLEAR,Clear,Drive,76.53%,0.0053,0.7653,0.0957,0.0660,0.0677,SUCCESS
CLEAR_MATCH10_SHOT0008_HITFRAME00005384.mp4,CLEAR,Clear,Drive,72.11%,0.0058,0.7211,0.1099,0.0753,0.0878,SUCCESS
CLEAR_MATCH10_SHOT0009_HITFRAME00005542.mp4,CLEAR,Clear,Drive,80.77%,0.0050,0.8077,0.0687,0.0542,0.0644,SUCCESS
CLEAR_MATCH10_SHOT0010_HITFRAME00005784.mp4,CLEAR,Clear,Drive,71.70%,0.0059,0.7170,0.1320,0.0648,0.0804,SUCCESS
CLEAR_MATCH10_SHOT0011_HITFRAME00006402.mp4,CLEAR,Clear,Drive,82.99%,0.0057,0.8299,0.0672,0.0373,0.0599,SUCCESS
CLEAR_MATCH10_SHOT0013_HITFRAME00006494.mp4,CLEAR,Clear,Drive,76.00%,0.0062,0.7600,0.0871,0.0471,0.0995,SUCCESS
CLEAR_MATCH10_SHOT0018_HITFRAME00006731.mp4,CLEAR,Clear,Drive,70.98%,0.0050,0.7098,0.1016,0.0690,0.1146,SUCCESS
CLEAR_MATCH10_SHOT0019_HITFRAME00006756.mp4,CLEAR,Clear,Drive,76.06%,0.0078,0.7606,0.1035,0.0597,0.0684,SUCCESS
CLEAR_MATCH10_SHOT0024_HITFRAME00008443.mp4,CLEAR,Clear,Drop,51.56%,0.0065,0.4546,0.5156,0.0112,0.0120,SUCCESS
CLEAR_MATCH10_SHOT0028_HITFRAME00009493.mp4,CLEAR,Clear,Drive,51.87%,0.0032,0.5187,0.4672,0.0054,0.0055,SUCCESS
CLEAR_MATCH10_SHOT0029_HITFRAME00009517.mp4,CLEAR,Clear,Drive,55.84%,0.0032,0.5584,0.4282,0.0052,0.0051,SUCCESS
CLEAR_MATCH10_SHOT0034_HITFRAME00011393.mp4,CLEAR,Clear,Drive,50.66%,0.0628,0.5066,0.2144,0.0569,0.1593,SUCCESS
CLEAR_MATCH10_SHOT0035_HITFRAME00011416.mp4,CLEAR,Clear,Drive,81.54%,0.0172,0.8154,0.1307,0.0123,0.0244,SUCCESS
CLEAR_MATCH10_SHOT0036_HITFRAME00011450.mp4,CLEAR,Clear,Drive,94.79%,0.0042,0.9479,0.0380,0.0045,0.0055,SUCCESS
CLEAR_MATCH10_SHOT0039_HITFRAME00012041.mp4,CLEAR,Clear,Drive,80.66%,0.0024,0.8066,0.1785,0.0060,0.0066,SUCCESS
CLEAR_MATCH10_SHOT0041_HITFRAME00012145.mp4,CLEAR,Clear,Drive,45.63%,0.0501,0.4563,0.2468,0.1057,0.1411,SUCCESS
CLEAR_MATCH10_SHOT0042_HITFRAME00012176.mp4,CLEAR,Clear,Drive,64.69%,0.0464,0.6469,0.1531,0.0381,0.1156,SUCCESS
CLEAR_MATCH10_SHOT0043_HITFRAME00012290.mp4,CLEAR,Clear,Drive,86.85%,0.0025,0.8685,0.0518,0.0069,0.0703,SUCCESS
CLEAR_MATCH10_SHOT0046_HITFRAME00012480.mp4,CLEAR,Clear,Drive,73.40%,0.0262,0.7340,0.0905,0.0526,0.0967,SUCCESS
CLEAR_MATCH10_SHOT0048_HITFRAME00012575.mp4,CLEAR,Clear,Drop,84.01%,0.0092,0.1043,0.8401,0.0042,0.0423,SUCCESS
CLEAR_MATCH10_SHOT0060_HITFRAME00015958.mp4,CLEAR,Clear,Drive,89.32%,0.0052,0.8932,0.0931,0.0041,0.0044,SUCCESS
CLEAR_MATCH10_SHOT0065_HITFRAME00018357.mp4,CLEAR,Clear,Drive,57.87%,0.0593,0.5787,0.1674,0.0482,0.1465,SUCCESS
CLEAR_MATCH10_SHOT0071_HITFRAME00018620.mp4,CLEAR,Clear,Drive,31.35%,0.1132,0.3135,0.1627,0.1827,0.2278,SUCCESS
CLEAR_MATCH10_SHOT0075_HITFRAME00020372.mp4,CLEAR,Clear,Smash,59.61%,0.0011,0.2205,0.1801,0.0022,0.5961,SUCCESS
CLEAR_MATCH10_SHOT0078_HITFRAME00022222.mp4,CLEAR,Clear,Drive,92.57%,0.0024,0.9257,0.0292,0.0090,0.0337,SUCCESS
CLEAR_MATCH10_SHOT0082_HITFRAME00022446.mp4,CLEAR,Clear,Drive,53.70%,0.0031,0.5370,0.2046,0.2271,0.0282,SUCCESS
CLEAR_MATCH10_SHOT0087_HITFRAME00024092.mp4,CLEAR,Clear,Drop,57.44%,0.0058,0.4020,0.5744,0.0031,0.0147,SUCCESS
CLEAR_MATCH10_SHOT0090_HITFRAME00025190.mp4,CLEAR,Clear,Smash,55.19%,0.0543,0.1551,0.1760,0.0626,0.5519,SUCCESS
CLEAR_MATCH10_SHOT0096_HITFRAME00026552.mp4,CLEAR,Clear,Drive,95.19%,0.0009,0.9519,0.0088,0.0323,0.0062,SUCCESS
CLEAR_MATCH10_SHOT0097_HITFRAME00026582.mp4,CLEAR,Clear,Smash,90.94%,0.0004,0.0205,0.0677,0.0019,0.9094,SUCCESS
CLEAR_MATCH10_SHOT0098_HITFRAME00026662.mp4,CLEAR,Clear,Drive,90.19%,0.0028,0.9019,0.0567,0.0207,0.0178,SUCCESS
CLEAR_MATCH10_SHOT0099_HITFRAME00026691.mp4,CLEAR,Clear,Drive,72.38%,0.0171,0.7238,0.1318,0.0550,0.0722,SUCCESS
CLEAR_MATCH10_SHOT0100_HITFRAME00026720.mp4,CLEAR,Clear,Drive,32.41%,0.1180,0.3241,0.2303,0.1045,0.2231,SUCCESS
CLEAR_MATCH10_SHOT0101_HITFRAME00026749.mp4,CLEAR,Clear,Drive,29.50%,0.1302,0.2950,0.1797,0.1827,0.2124,SUCCESS
CLEAR_MATCH10_SHOT0104_HITFRAME00027335.mp4,CLEAR,Clear,Net Shot,69.84%,0.0045,0.1862,0.0943,0.6984,0.0166,SUCCESS
CLEAR_MATCH10_SHOT0105_HITFRAME00027484.mp4,CLEAR,Clear,Smash,42.36%,0.0044,0.3412,0.2262,0.0046,0.4236,SUCCESS
CLEAR_MATCH10_SHOT0110_HITFRAME00028070.mp4,CLEAR,Clear,Drop,42.03%,0.0357,0.2309,0.4203,0.0154,0.2978,SUCCESS
CLEAR_MATCH10_SHOT0111_HITFRAME00028090.mp4,CLEAR,Clear,Smash,54.06%,0.0139,0.3326,0.0978,0.0150,0.5406,SUCCESS
CLEAR_MATCH10_SHOT0112_HITFRAME00028119.mp4,CLEAR,Clear,Drop,49.13%,0.0819,0.2913,0.4913,0.0272,0.1083,SUCCESS
CLEAR_MATCH10_SHOT0114_HITFRAME00028238.mp4,CLEAR,Clear,Drive,75.30%,0.0162,0.7530,0.1631,0.0208,0.0468,SUCCESS
CLEAR_MATCH10_SHOT0115_HITFRAME00028277.mp4,CLEAR,Clear,Drive,68.86%,0.0369,0.6886,0.1387,0.0500,0.0859,SUCCESS
CLEAR_MATCH10_SHOT0118_HITFRAME00028912.mp4,CLEAR,Clear,Drive,29.61%,0.1111,0.2961,0.1955,0.1722,0.2250,SUCCESS
CLEAR_MATCH10_SHOT0120_HITFRAME00029030.mp4,CLEAR,Clear,Drive,41.78%,0.0245,0.4178,0.1699,0.1410,0.2468,SUCCESS
CLEAR_MATCH10_SHOT0121_HITFRAME00029060.mp4,CLEAR,Clear,Drive,55.58%,0.0058,0.5558,0.1007,0.3149,0.0227,SUCCESS
CLEAR_MATCH10_SHOT0122_HITFRAME00029090.mp4,CLEAR,Clear,Drive,99.75%,0.0001,0.9975,0.0013,0.0003,0.0008,SUCCESS
CLEAR_MATCH10_SHOT0128_HITFRAME00030915.mp4,CLEAR,Clear,Drive,95.18%,0.0003,0.9518,0.0033,0.0268,0.0178,SUCCESS
CLEAR_MATCH10_SHOT0150_HITFRAME00034695.mp4,CLEAR,Clear,Drop,36.05%,0.0255,0.2642,0.3605,0.0216,0.3283,SUCCESS
CLEAR_MATCH10_SHOT0153_HITFRAME00035324.mp4,CLEAR,Clear,Drive,93.34%,0.0009,0.9334,0.0161,0.0415,0.0080,SUCCESS
CLEAR_MATCH10_SHOT0154_HITFRAME00035349.mp4,CLEAR,Clear,Drive,71.93%,0.0035,0.7193,0.1521,0.0832,0.0419,SUCCESS
CLEAR_MATCH10_SHOT0155_HITFRAME00035404.mp4,CLEAR,Clear,Drive,72.94%,0.0027,0.7294,0.0498,0.0063,0.2118,SUCCESS
CLEAR_MATCH10_SHOT0156_HITFRAME00035430.mp4,CLEAR,Clear,Drive,94.27%,0.0033,0.9427,0.0394,0.0078,0.0068,SUCCESS
CLEAR_MATCH10_SHOT0166_HITFRAME00040869.mp4,CLEAR,Clear,Drive,56.47%,0.0419,0.5647,0.1582,0.0332,0.2020,SUCCESS
CLEAR_MATCH10_SHOT0169_HITFRAME00041336.mp4,CLEAR,Clear,Drive,69.51%,0.0370,0.6951,0.1528,0.0400,0.0751,SUCCESS
CLEAR_MATCH10_SHOT0180_HITFRAME00043405.mp4,CLEAR,Clear,Drive,99.62%,0.0002,0.9962,0.0014,0.0012,0.0010,SUCCESS
CLEAR_MATCH10_SHOT0183_HITFRAME00043995.mp4,CLEAR,Clear,Drop,45.46%,0.0039,0.2791,0.4546,0.0336,0.2288,SUCCESS
CLEAR_MATCH10_SHOT0186_HITFRAME00044649.mp4,CLEAR,Clear,Drive,26.09%,0.1203,0.2609,0.2012,0.2231,0.1945,SUCCESS
CLEAR_MATCH10_SHOT0187_HITFRAME00044684.mp4,CLEAR,Clear,Drive,47.29%,0.0442,0.4729,0.1969,0.0797,0.2063,SUCCESS
CLEAR_MATCH10_SHOT0189_HITFRAME00044794.mp4,CLEAR,Clear,Drive,33.42%,0.1066,0.3342,0.1802,0.1844,0.1946,SUCCESS
CLEAR_MATCH10_SHOT0199_HITFRAME00045236.mp4,CLEAR,Clear,Smash,40.08%,0.0387,0.2427,0.2613,0.0564,0.4008,SUCCESS
CLEAR_MATCH10_SHOT0200_HITFRAME00045270.mp4,CLEAR,Clear,Drive,63.02%,0.0424,0.6302,0.1431,0.0729,0.1114,SUCCESS
CLEAR_MATCH10_SHOT0201_HITFRAME00045367.mp4,CLEAR,Clear,Drive,91.46%,0.0022,0.9146,0.0388,0.0204,0.0240,SUCCESS
CLEAR_MATCH10_SHOT0214_HITFRAME00050583.mp4,CLEAR,Clear,Drive,72.66%,0.0025,0.7266,0.2523,0.0034,0.0151,SUCCESS
CLEAR_MATCH10_SHOT0219_HITFRAME00054364.mp4,CLEAR,Clear,Drive,98.25%,0.0009,0.9825,0.0074,0.0068,0.0025,SUCCESS
CLEAR_MATCH10_SHOT0238_HITFRAME00057580.mp4,CLEAR,Clear,Drive,85.81%,0.0033,0.8581,0.0793,0.0285,0.0308,SUCCESS
CLEAR_MATCH10_SHOT0240_HITFRAME00058554.mp4,CLEAR,Clear,Drive,79.82%,0.0043,0.7982,0.1803,0.0047,0.0125,SUCCESS
CLEAR_MATCH10_SHOT0241_HITFRAME00058632.mp4,CLEAR,Clear,Drive,49.55%,0.0623,0.4955,0.2580,0.0667,0.1175,SUCCESS
CLEAR_MATCH10_SHOT0244_HITFRAME00060466.mp4,CLEAR,Clear,Drive,31.12%,0.1244,0.3112,0.2261,0.1540,0.1843,SUCCESS
CLEAR_MATCH10_SHOT0245_HITFRAME00060487.mp4,CLEAR,Clear,Net Shot,30.00%,0.0799,0.1641,0.2986,0.3000,0.1575,SUCCESS
CLEAR_MATCH10_SHOT0250_HITFRAME00062413.mp4,CLEAR,Clear,Drive,47.41%,0.0358,0.4741,0.2667,0.0468,0.1765,SUCCESS
CLEAR_MATCH10_SHOT0253_HITFRAME00062909.mp4,CLEAR,Clear,Net Shot,38.79%,0.0039,0.2374,0.1771,0.3879,0.1938,SUCCESS
CLEAR_MATCH10_SHOT0254_HITFRAME00062938.mp4,CLEAR,Clear,Drive,84.90%,0.0045,0.8490,0.1142,0.0174,0.0150,SUCCESS
CLEAR_MATCH10_SHOT0255_HITFRAME00062971.mp4,CLEAR,Clear,Drive,84.14%,0.0048,0.8414,0.1035,0.0242,0.0260,SUCCESS
CLEAR_MATCH10_SHOT0260_HITFRAME00063456.mp4,CLEAR,Clear,Drive,50.74%,0.1552,0.5074,0.1631,0.0858,0.0885,SUCCESS
CLEAR_MATCH10_SHOT0261_HITFRAME00063483.mp4,CLEAR,Clear,Drive,68.93%,0.0340,0.6893,0.1961,0.0351,0.0456,SUCCESS
CLEAR_MATCH10_SHOT0266_HITFRAME00065126.mp4,CLEAR,Clear,Drive,95.41%,0.0018,0.9541,0.0242,0.0102,0.0098,SUCCESS
CLEAR_MATCH10_SHOT0269_HITFRAME00065332.mp4,CLEAR,Clear,Smash,46.37%,0.0743,0.1496,0.2310,0.0813,0.4637,SUCCESS
CLEAR_MATCH10_SHOT0270_HITFRAME00065359.mp4,CLEAR,Clear,Drive,30.37%,0.0920,0.3037,0.2543,0.1380,0.2120,SUCCESS
CLEAR_MATCH10_SHOT0271_HITFRAME00065389.mp4,CLEAR,Clear,Drive,56.21%,0.0664,0.5621,0.2336,0.0678,0.0700,SUCCESS
CLEAR_MATCH11_SHOT0002_HITFRAME00009806.mp4,CLEAR,Clear,Drop,93.36%,0.0010,0.0020,0.9336,0.0002,0.0633,SUCCESS
CLEAR_MATCH11_SHOT0003_HITFRAME00009833.mp4,CLEAR,Clear,Smash,91.36%,0.0006,0.0188,0.0648,0.0022,0.9136,SUCCESS
CLEAR_MATCH11_SHOT0004_HITFRAME00009859.mp4,CLEAR,Clear,Smash,96.76%,0.0002,0.0075,0.0242,0.0005,0.9676,SUCCESS
CLEAR_MATCH11_SHOT0009_HITFRAME00011617.mp4,CLEAR,Clear,Drive,54.53%,0.0103,0.5453,0.2473,0.0306,0.1665,SUCCESS
CLEAR_MATCH11_SHOT0021_HITFRAME00015380.mp4,CLEAR,Clear,Smash,70.97%,0.0004,0.0023,0.2874,0.0002,0.7097,SUCCESS
CLEAR_MATCH11_SHOT0028_HITFRAME00016541.mp4,CLEAR,Clear,Smash,95.27%,0.0001,0.0012,0.0459,0.0002,0.9527,SUCCESS
CLEAR_MATCH11_SHOT0029_HITFRAME00017157.mp4,CLEAR,Clear,Smash,90.01%,0.0006,0.0236,0.0736,0.0021,0.9001,SUCCESS
CLEAR_MATCH11_SHOT0038_HITFRAME00019842.mp4,CLEAR,Clear,Drop,97.76%,0.0022,0.0108,0.9776,0.0005,0.0089,SUCCESS
CLEAR_MATCH11_SHOT0039_HITFRAME00019962.mp4,CLEAR,Clear,Drop,85.12%,0.0066,0.1077,0.8512,0.0029,0.0316,SUCCESS
CLEAR_MATCH11_SHOT0040_HITFRAME00019988.mp4,CLEAR,Clear,Smash,96.32%,0.0001,0.0011,0.0354,0.0001,0.9632,SUCCESS
CLEAR_MATCH11_SHOT0041_HITFRAME00020011.mp4,CLEAR,Clear,Drive,85.90%,0.0047,0.8590,0.0981,0.0191,0.0191,SUCCESS
CLEAR_MATCH11_SHOT0044_HITFRAME00022033.mp4,CLEAR,Clear,Smash,68.44%,0.0023,0.1453,0.1576,0.0104,0.6844,SUCCESS
CLEAR_MATCH11_SHOT0055_HITFRAME00022937.mp4,CLEAR,Clear,Smash,74.19%,0.0019,0.0973,0.1525,0.0064,0.7419,SUCCESS
CLEAR_MATCH11_SHOT0057_HITFRAME00023022.mp4,CLEAR,Clear,Drive,97.51%,0.0008,0.9751,0.0066,0.0139,0.0036,SUCCESS
CLEAR_MATCH11_SHOT0085_HITFRAME00028689.mp4,CLEAR,Clear,Drop,96.34%,0.0235,0.0051,0.9634,0.0007,0.0074,SUCCESS
CLEAR_MATCH11_SHOT0099_HITFRAME00030843.mp4,CLEAR,Clear,Drop,75.75%,0.0008,0.0029,0.7575,0.0003,0.2384,SUCCESS
CLEAR_MATCH11_SHOT0100_HITFRAME00030868.mp4,CLEAR,Clear,Smash,99.23%,0.0001,0.0022,0.0052,0.0002,0.9923,SUCCESS
CLEAR_MATCH11_SHOT0107_HITFRAME00032386.mp4,CLEAR,Clear,Smash,76.95%,0.0009,0.0034,0.2251,0.0011,0.7695,SUCCESS
CLEAR_MATCH11_SHOT0111_HITFRAME00033194.mp4,CLEAR,Clear,Drive,89.12%,0.0027,0.8912,0.0337,0.0591,0.0133,SUCCESS
CLEAR_MATCH11_SHOT0114_HITFRAME00034016.mp4,CLEAR,Clear,Drop,75.50%,0.0100,0.1970,0.7550,0.0080,0.0300,SUCCESS
CLEAR_MATCH11_SHOT0115_HITFRAME00034043.mp4,CLEAR,Clear,Smash,93.96%,0.0001,0.0009,0.0593,0.0002,0.9396,SUCCESS
CLEAR_MATCH11_SHOT0116_HITFRAME00034064.mp4,CLEAR,Clear,Drive,84.24%,0.0050,0.8424,0.0865,0.0320,0.0340,SUCCESS
CLEAR_MATCH11_SHOT0117_HITFRAME00034109.mp4,CLEAR,Clear,Smash,98.13%,0.0001,0.0016,0.0168,0.0001,0.9813,SUCCESS
CLEAR_MATCH11_SHOT0118_HITFRAME00034131.mp4,CLEAR,Clear,Drive,87.11%,0.0047,0.8711,0.0611,0.0396,0.0235,SUCCESS
CLEAR_MATCH11_SHOT0126_HITFRAME00036174.mp4,CLEAR,Clear,Drop,57.66%,0.0007,0.0022,0.5766,0.0004,0.4201,SUCCESS
CLEAR_MATCH11_SHOT0140_HITFRAME00042017.mp4,CLEAR,Clear,Drop,96.92%,0.0023,0.0018,0.9692,0.0002,0.0265,SUCCESS
CLEAR_MATCH11_SHOT0146_HITFRAME00042768.mp4,CLEAR,Clear,Drop,99.12%,0.0009,0.0029,0.9912,0.0001,0.0049,SUCCESS
CLEAR_MATCH11_SHOT0148_HITFRAME00042876.mp4,CLEAR,Clear,Drop,95.51%,0.0014,0.0016,0.9551,0.0001,0.0418,SUCCESS
CLEAR_MATCH11_SHOT0153_HITFRAME00044420.mp4,CLEAR,Clear,Drive,99.83%,0.0001,0.9983,0.0007,0.0005,0.0003,SUCCESS
CLEAR_MATCH11_SHOT0156_HITFRAME00044506.mp4,CLEAR,Clear,Drop,94.82%,0.0014,0.0092,0.9482,0.0009,0.0403,SUCCESS
CLEAR_MATCH11_SHOT0181_HITFRAME00048698.mp4,CLEAR,Clear,Drop,97.17%,0.0021,0.0020,0.9717,0.0002,0.0240,SUCCESS
CLEAR_MATCH11_SHOT0216_HITFRAME00057097.mp4,CLEAR,Clear,Smash,52.19%,0.0006,0.0041,0.4728,0.0006,0.5219,SUCCESS
CLEAR_MATCH11_SHOT0253_HITFRAME00066008.mp4,CLEAR,Clear,Drop,82.54%,0.0043,0.0700,0.8254,0.0055,0.0948,SUCCESS
CLEAR_MATCH11_SHOT0260_HITFRAME00067305.mp4,CLEAR,Clear,Drop,76.05%,0.0010,0.0038,0.7605,0.0007,0.2340,SUCCESS
CLEAR_MATCH11_SHOT0261_HITFRAME00067334.mp4,CLEAR,Clear,Drop,60.97%,0.0015,0.0165,0.6097,0.0025,0.3697,SUCCESS
CLEAR_MATCH11_SHOT0262_HITFRAME00067361.mp4,CLEAR,Clear,Drive,61.73%,0.0016,0.6173,0.0945,0.0109,0.2757,SUCCESS
CLEAR_MATCH11_SHOT0263_HITFRAME00067402.mp4,CLEAR,Clear,Drop,75.17%,0.0021,0.0287,0.7517,0.0054,0.2121,SUCCESS
CLEAR_MATCH11_SHOT0270_HITFRAME00070460.mp4,CLEAR,Clear,Drop,97.31%,0.0016,0.0126,0.9731,0.0004,0.0123,SUCCESS
CLEAR_MATCH11_SHOT0287_HITFRAME00073840.mp4,CLEAR,Clear,Drop,50.94%,0.0026,0.0354,0.5094,0.0053,0.4473,SUCCESS
CLEAR_MATCH11_SHOT0302_HITFRAME00074521.mp4,CLEAR,Clear,Drop,93.33%,0.0022,0.0031,0.9333,0.0004,0.0610,SUCCESS
CLEAR_MATCH11_SHOT0305_HITFRAME00074650.mp4,CLEAR,Clear,Drop,98.67%,0.0020,0.0028,0.9867,0.0002,0.0083,SUCCESS
CLEAR_MATCH11_SHOT0313_HITFRAME00077722.mp4,CLEAR,Clear,Drop,91.83%,0.0010,0.0019,0.9183,0.0002,0.0785,SUCCESS
CLEAR_MATCH11_SHOT0314_HITFRAME00077759.mp4,CLEAR,Clear,Drop,68.35%,0.0051,0.0588,0.6835,0.0078,0.2449,SUCCESS
CLEAR_MATCH11_SHOT0315_HITFRAME00077792.mp4,CLEAR,Clear,Drop,93.10%,0.0008,0.0010,0.9310,0.0001,0.0670,SUCCESS
CLEAR_MATCH11_SHOT0320_HITFRAME00077979.mp4,CLEAR,Clear,Drop,63.46%,0.0032,0.1781,0.6346,0.0104,0.1737,SUCCESS
CLEAR_MATCH11_SHOT0323_HITFRAME00078102.mp4,CLEAR,Clear,Drop,95.24%,0.0009,0.0047,0.9524,0.0007,0.0413,SUCCESS
CLEAR_MATCH11_SHOT0350_HITFRAME00085369.mp4,CLEAR,Clear,Drop,48.74%,0.0059,0.2310,0.4874,0.0666,0.2091,SUCCESS
CLEAR_MATCH11_SHOT0355_HITFRAME00085569.mp4,CLEAR,Clear,Drive,91.52%,0.0013,0.9152,0.0121,0.0631,0.0083,SUCCESS
CLEAR_MATCH11_SHOT0366_HITFRAME00086617.mp4,CLEAR,Clear,Drop,97.09%,0.0009,0.0023,0.9709,0.0002,0.0257,SUCCESS
CLEAR_MATCH11_SHOT0367_HITFRAME00086654.mp4,CLEAR,Clear,Drop,61.99%,0.0055,0.2309,0.6199,0.0150,0.1288,SUCCESS
CLEAR_MATCH11_SHOT0374_HITFRAME00088470.mp4,CLEAR,Clear,Drop,94.92%,0.0018,0.0046,0.9492,0.0003,0.0441,SUCCESS
CLEAR_MATCH11_SHOT0385_HITFRAME00089610.mp4,CLEAR,Clear,Drop,92.66%,0.0015,0.0033,0.9266,0.0004,0.0682,SUCCESS
CLEAR_MATCH11_SHOT0388_HITFRAME00089722.mp4,CLEAR,Clear,Drop,89.30%,0.0517,0.0430,0.8930,0.0055,0.0068,SUCCESS
CLEAR_MATCH11_SHOT0395_HITFRAME00091378.mp4,CLEAR,Clear,Drop,96.87%,0.0094,0.0041,0.9687,0.0008,0.0170,SUCCESS
CLEAR_MATCH11_SHOT0396_HITFRAME00091406.mp4,CLEAR,Clear,Smash,95.69%,0.0004,0.0082,0.0337,0.0009,0.9569,SUCCESS
CLEAR_MATCH11_SHOT0398_HITFRAME00091516.mp4,CLEAR,Clear,Smash,66.40%,0.0036,0.2049,0.1137,0.0138,0.6640,SUCCESS
CLEAR_MATCH11_SHOT0422_HITFRAME00097243.mp4,CLEAR,Clear,Drop,83.43%,0.0031,0.0252,0.8343,0.0022,0.1351,SUCCESS
CLEAR_MATCH11_SHOT0423_HITFRAME00097276.mp4,CLEAR,Clear,Smash,89.78%,0.0002,0.0020,0.0997,0.0002,0.8978,SUCCESS
CLEAR_MATCH11_SHOT0425_HITFRAME00098510.mp4,CLEAR,Clear,Drop,55.83%,0.0055,0.2133,0.5583,0.0073,0.2157,SUCCESS
CLEAR_MATCH11_SHOT0426_HITFRAME00098541.mp4,CLEAR,Clear,Drop,82.80%,0.0013,0.0152,0.8280,0.0008,0.1547,SUCCESS
CLEAR_MATCH11_SHOT0428_HITFRAME00098668.mp4,CLEAR,Clear,Drop,55.97%,0.0070,0.2327,0.5597,0.0151,0.1855,SUCCESS
CLEAR_MATCH11_SHOT0430_HITFRAME00098734.mp4,CLEAR,Clear,Drive,70.62%,0.0084,0.7062,0.1403,0.0944,0.0507,SUCCESS
CLEAR_MATCH11_SHOT0431_HITFRAME00098771.mp4,CLEAR,Clear,Drop,40.54%,0.0084,0.3345,0.4054,0.0245,0.2272,SUCCESS
CLEAR_MATCH11_SHOT0436_HITFRAME00099001.mp4,CLEAR,Clear,Drive,54.54%,0.0095,0.5454,0.2382,0.0834,0.1234,SUCCESS
CLEAR_MATCH11_SHOT0447_HITFRAME00103374.mp4,CLEAR,Clear,Drop,85.20%,0.0010,0.0012,0.8520,0.0002,0.1456,SUCCESS
CLEAR_MATCH11_SHOT0451_HITFRAME00103542.mp4,CLEAR,Clear,Drop,90.89%,0.0006,0.0011,0.9089,0.0001,0.0893,SUCCESS
CLEAR_MATCH11_SHOT0452_HITFRAME00103578.mp4,CLEAR,Clear,Drop,80.68%,0.0046,0.0419,0.8068,0.0054,0.1414,SUCCESS
CLEAR_MATCH11_SHOT0467_HITFRAME00106622.mp4,CLEAR,Clear,Drop,97.60%,0.0020,0.0043,0.9760,0.0002,0.0175,SUCCESS
CLEAR_MATCH11_SHOT0468_HITFRAME00106656.mp4,CLEAR,Clear,Drop,74.08%,0.0053,0.1098,0.7408,0.0095,0.1345,SUCCESS
CLEAR_MATCH11_SHOT0469_HITFRAME00106687.mp4,CLEAR,Clear,Drop,95.71%,0.0007,0.0011,0.9571,0.0001,0.0410,SUCCESS
CLEAR_MATCH11_SHOT0481_HITFRAME00109031.mp4,CLEAR,Clear,Drive,99.44%,0.0003,0.9944,0.0020,0.0021,0.0012,SUCCESS
CLEAR_MATCH11_SHOT0496_HITFRAME00111550.mp4,CLEAR,Clear,Drop,84.00%,0.0009,0.0015,0.8400,0.0002,0.1574,SUCCESS
CLEAR_MATCH11_SHOT0499_HITFRAME00111709.mp4,CLEAR,Clear,Drive,99.44%,0.0003,0.9944,0.0019,0.0026,0.0007,SUCCESS
CLEAR_MATCH11_SHOT0501_HITFRAME00112371.mp4,CLEAR,Clear,Drop,83.76%,0.0035,0.1293,0.8376,0.0010,0.0287,SUCCESS
CLEAR_MATCH11_SHOT0514_HITFRAME00116742.mp4,CLEAR,Clear,Drive,98.17%,0.0007,0.9817,0.0073,0.0050,0.0053,SUCCESS
CLEAR_MATCH11_SHOT0521_HITFRAME00116947.mp4,CLEAR,Clear,Drop,96.88%,0.0015,0.0017,0.9688,0.0001,0.0279,SUCCESS
CLEAR_MATCH11_SHOT0527_HITFRAME00117354.mp4,CLEAR,Clear,Drop,65.25%,0.0116,0.1982,0.6525,0.0332,0.1045,SUCCESS
CLEAR_MATCH11_SHOT0530_HITFRAME00117481.mp4,CLEAR,Clear,Drop,73.69%,0.0116,0.1169,0.7369,0.0312,0.1034,SUCCESS
CLEAR_MATCH11_SHOT0538_HITFRAME00117800.mp4,CLEAR,Clear,Drop,86.84%,0.0068,0.0552,0.8684,0.0098,0.0599,SUCCESS
CLEAR_MATCH11_SHOT0544_HITFRAME00122064.mp4,CLEAR,Clear,Drop,97.28%,0.0029,0.0023,0.9728,0.0002,0.0217,SUCCESS
CLEAR_MATCH11_SHOT0547_HITFRAME00122944.mp4,CLEAR,Clear,Drop,72.76%,0.0123,0.1439,0.7276,0.0415,0.0747,SUCCESS
CLEAR_MATCH13_SHOT0010_HITFRAME00017530.mp4,CLEAR,Clear,Drop,95.32%,0.0033,0.0349,0.9532,0.0006,0.0081,SUCCESS
CLEAR_MATCH13_SHOT0014_HITFRAME00020260.mp4,CLEAR,Clear,Drop,72.89%,0.0089,0.2406,0.7289,0.0016,0.0200,SUCCESS
CLEAR_MATCH13_SHOT0016_HITFRAME00023469.mp4,CLEAR,Clear,Drop,98.97%,0.0015,0.0049,0.9897,0.0001,0.0039,SUCCESS
CLEAR_MATCH13_SHOT0019_HITFRAME00023700.mp4,CLEAR,Clear,Drive,91.49%,0.0019,0.9149,0.0377,0.0141,0.0315,SUCCESS
CLEAR_MATCH13_SHOT0021_HITFRAME00023881.mp4,CLEAR,Clear,Drive,86.31%,0.0041,0.8631,0.1200,0.0017,0.0112,SUCCESS
CLEAR_MATCH13_SHOT0022_HITFRAME00023983.mp4,CLEAR,Clear,Drop,65.17%,0.0147,0.3180,0.6517,0.0037,0.0119,SUCCESS
CLEAR_MATCH13_SHOT0027_HITFRAME00025468.mp4,CLEAR,Clear,Drop,97.41%,0.0058,0.0132,0.9741,0.0003,0.0065,SUCCESS
CLEAR_MATCH13_SHOT0028_HITFRAME00025502.mp4,CLEAR,Clear,Drop,97.28%,0.0026,0.0196,0.9728,0.0002,0.0048,SUCCESS
CLEAR_MATCH13_SHOT0029_HITFRAME00025536.mp4,CLEAR,Clear,Drive,70.51%,0.0050,0.7051,0.2783,0.0024,0.0092,SUCCESS
CLEAR_MATCH13_SHOT0030_HITFRAME00025566.mp4,CLEAR,Clear,Drop,97.78%,0.0013,0.0123,0.9778,0.0003,0.0083,SUCCESS
CLEAR_MATCH13_SHOT0034_HITFRAME00025773.mp4,CLEAR,Clear,Drop,93.65%,0.0077,0.0464,0.9365,0.0007,0.0087,SUCCESS
CLEAR_MATCH13_SHOT0044_HITFRAME00027027.mp4,CLEAR,Clear,Drive,95.51%,0.0013,0.9551,0.0361,0.0009,0.0065,SUCCESS
CLEAR_MATCH13_SHOT0045_HITFRAME00027060.mp4,CLEAR,Clear,Drop,98.91%,0.0020,0.0046,0.9891,0.0001,0.0042,SUCCESS
CLEAR_MATCH13_SHOT0046_HITFRAME00027097.mp4,CLEAR,Clear,Drop,68.80%,0.0180,0.2838,0.6880,0.0020,0.0081,SUCCESS
CLEAR_MATCH13_SHOT0047_HITFRAME00027133.mp4,CLEAR,Clear,Drop,97.66%,0.0064,0.0060,0.9766,0.0002,0.0108,SUCCESS
CLEAR_MATCH13_SHOT0048_HITFRAME00027174.mp4,CLEAR,Clear,Drop,93.92%,0.0065,0.0468,0.9392,0.0006,0.0070,SUCCESS
CLEAR_MATCH13_SHOT0051_HITFRAME00030018.mp4,CLEAR,Clear,Drop,63.10%,0.0218,0.3013,0.6310,0.0061,0.0397,SUCCESS
CLEAR_MATCH13_SHOT0062_HITFRAME00038518.mp4,CLEAR,Clear,Drive,99.51%,0.0004,0.9951,0.0026,0.0012,0.0007,SUCCESS
CLEAR_MATCH13_SHOT0067_HITFRAME00039218.mp4,CLEAR,Clear,Drive,80.66%,0.0064,0.8066,0.1654,0.0042,0.0174,SUCCESS
CLEAR_MATCH13_SHOT0072_HITFRAME00039449.mp4,CLEAR,Clear,Drop,99.01%,0.0016,0.0037,0.9901,0.0001,0.0045,SUCCESS
CLEAR_MATCH13_SHOT0075_HITFRAME00039700.mp4,CLEAR,Clear,Drop,96.50%,0.0034,0.0265,0.9650,0.0002,0.0048,SUCCESS
CLEAR_MATCH13_SHOT0076_HITFRAME00042087.mp4,CLEAR,Clear,Drive,99.79%,0.0001,0.9979,0.0010,0.0003,0.0007,SUCCESS
CLEAR_MATCH13_SHOT0077_HITFRAME00042120.mp4,CLEAR,Clear,Drive,99.29%,0.0004,0.9929,0.0055,0.0004,0.0008,SUCCESS
CLEAR_MATCH13_SHOT0081_HITFRAME00042543.mp4,CLEAR,Clear,Drop,74.68%,0.0215,0.2166,0.7468,0.0028,0.0123,SUCCESS
CLEAR_MATCH13_SHOT0085_HITFRAME00042918.mp4,CLEAR,Clear,Drive,95.82%,0.0021,0.9582,0.0216,0.0083,0.0098,SUCCESS
CLEAR_MATCH13_SHOT0086_HITFRAME00043044.mp4,CLEAR,Clear,Drop,70.80%,0.0048,0.2551,0.7080,0.0012,0.0308,SUCCESS
CLEAR_MATCH13_SHOT0090_HITFRAME00043348.mp4,CLEAR,Clear,Drop,87.70%,0.0048,0.1123,0.8770,0.0013,0.0046,SUCCESS
CLEAR_MATCH13_SHOT0094_HITFRAME00043566.mp4,CLEAR,Clear,Drop,93.29%,0.0067,0.0525,0.9329,0.0008,0.0071,SUCCESS
CLEAR_MATCH13_SHOT0096_HITFRAME00045031.mp4,CLEAR,Clear,Drop,95.97%,0.0061,0.0254,0.9597,0.0004,0.0084,SUCCESS
CLEAR_MATCH13_SHOT0097_HITFRAME00045062.mp4,CLEAR,Clear,Drop,99.11%,0.0021,0.0040,0.9911,0.0001,0.0027,SUCCESS
CLEAR_MATCH13_SHOT0099_HITFRAME00045245.mp4,CLEAR,Clear,Drop,83.50%,0.0056,0.1402,0.8350,0.0011,0.0180,SUCCESS
CLEAR_MATCH13_SHOT0100_HITFRAME00045276.mp4,CLEAR,Clear,Drop,98.16%,0.0052,0.0078,0.9816,0.0002,0.0052,SUCCESS
CLEAR_MATCH13_SHOT0104_HITFRAME00046297.mp4,CLEAR,Clear,Drop,80.35%,0.0093,0.1757,0.8035,0.0015,0.0101,SUCCESS
CLEAR_MATCH13_SHOT0106_HITFRAME00049192.mp4,CLEAR,Clear,Drop,98.08%,0.0027,0.0055,0.9808,0.0001,0.0109,SUCCESS
CLEAR_MATCH13_SHOT0117_HITFRAME00051300.mp4,CLEAR,Clear,Drop,98.85%,0.0014,0.0023,0.9885,0.0001,0.0077,SUCCESS
CLEAR_MATCH13_SHOT0120_HITFRAME00051463.mp4,CLEAR,Clear,Drop,97.49%,0.0020,0.0191,0.9749,0.0002,0.0038,SUCCESS
CLEAR_MATCH13_SHOT0129_HITFRAME00056066.mp4,CLEAR,Clear,Drop,94.06%,0.0044,0.0424,0.9406,0.0006,0.0120,SUCCESS
CLEAR_MATCH13_SHOT0150_HITFRAME00068168.mp4,CLEAR,Clear,Drive,80.16%,0.0053,0.8016,0.1734,0.0024,0.0174,SUCCESS
CLEAR_MATCH13_SHOT0151_HITFRAME00068202.mp4,CLEAR,Clear,Drive,93.18%,0.0063,0.9318,0.0552,0.0045,0.0023,SUCCESS
CLEAR_MATCH13_SHOT0172_HITFRAME00074600.mp4,CLEAR,Clear,Drop,94.40%,0.0161,0.0194,0.9440,0.0008,0.0196,SUCCESS
CLEAR_MATCH13_SHOT0211_HITFRAME00088305.mp4,CLEAR,Clear,Drop,96.89%,0.0026,0.0041,0.9689,0.0002,0.0243,SUCCESS
CLEAR_MATCH13_SHOT0220_HITFRAME00088972.mp4,CLEAR,Clear,Drive,99.26%,0.0004,0.9926,0.0028,0.0032,0.0010,SUCCESS
CLEAR_MATCH13_SHOT0221_HITFRAME00089071.mp4,CLEAR,Clear,Drop,66.81%,0.0201,0.2547,0.6681,0.0052,0.0520,SUCCESS
CLEAR_MATCH13_SHOT0222_HITFRAME00089102.mp4,CLEAR,Clear,Drive,79.79%,0.0034,0.7979,0.1881,0.0019,0.0087,SUCCESS
CLEAR_MATCH13_SHOT0223_HITFRAME00089142.mp4,CLEAR,Clear,Drop,97.04%,0.0017,0.0182,0.9704,0.0004,0.0093,SUCCESS
CLEAR_MATCH13_SHOT0226_HITFRAME00089350.mp4,CLEAR,Clear,Drive,97.01%,0.0015,0.9701,0.0124,0.0116,0.0043,SUCCESS
CLEAR_MATCH13_SHOT0227_HITFRAME00089391.mp4,CLEAR,Clear,Drop,87.78%,0.0045,0.1110,0.8778,0.0014,0.0053,SUCCESS
CLEAR_MATCH13_SHOT0229_HITFRAME00089527.mp4,CLEAR,Clear,Drive,61.15%,0.0046,0.6115,0.3228,0.0022,0.0590,SUCCESS
CLEAR_MATCH13_SHOT0230_HITFRAME00089660.mp4,CLEAR,Clear,Drive,95.18%,0.0011,0.9518,0.0147,0.0272,0.0052,SUCCESS
CLEAR_MATCH13_SHOT0231_HITFRAME00089701.mp4,CLEAR,Clear,Drop,93.83%,0.0187,0.0224,0.9383,0.0007,0.0199,SUCCESS
CLEAR_MATCH13_SHOT0232_HITFRAME00089735.mp4,CLEAR,Clear,Drop,71.36%,0.0113,0.2609,0.7136,0.0033,0.0109,SUCCESS
CLEAR_MATCH13_SHOT0233_HITFRAME00089782.mp4,CLEAR,Clear,Drop,79.98%,0.0027,0.1874,0.7998,0.0015,0.0087,SUCCESS
CLEAR_MATCH13_SHOT0234_HITFRAME00089818.mp4,CLEAR,Clear,Drive,97.44%,0.0016,0.9744,0.0178,0.0035,0.0027,SUCCESS
CLEAR_MATCH13_SHOT0238_HITFRAME00091952.mp4,CLEAR,Clear,Drop,98.16%,0.0014,0.0138,0.9816,0.0002,0.0030,SUCCESS
CLEAR_MATCH13_SHOT0239_HITFRAME00091983.mp4,CLEAR,Clear,Drive,58.68%,0.0082,0.5868,0.3845,0.0059,0.0146,SUCCESS
CLEAR_MATCH13_SHOT0241_HITFRAME00092236.mp4,CLEAR,Clear,Drop,93.87%,0.0047,0.0405,0.9387,0.0003,0.0159,SUCCESS
CLEAR_MATCH13_SHOT0245_HITFRAME00096342.mp4,CLEAR,Clear,Drive,98.74%,0.0007,0.9874,0.0085,0.0014,0.0021,SUCCESS
CLEAR_MATCH13_SHOT0246_HITFRAME00096377.mp4,CLEAR,Clear,Drive,65.58%,0.0053,0.6558,0.3287,0.0037,0.0064,SUCCESS
CLEAR_MATCH14_SHOT0017_HITFRAME00019781.mp4,CLEAR,Clear,Drop,84.27%,0.0018,0.0229,0.8427,0.0030,0.1297,SUCCESS
CLEAR_MATCH14_SHOT0049_HITFRAME00027517.mp4,CLEAR,Clear,Smash,95.31%,0.0002,0.0089,0.0366,0.0012,0.9531,SUCCESS
CLEAR_MATCH14_SHOT0052_HITFRAME00027679.mp4,CLEAR,Clear,Smash,56.81%,0.0006,0.0017,0.4291,0.0004,0.5681,SUCCESS
CLEAR_MATCH14_SHOT0061_HITFRAME00029187.mp4,CLEAR,Clear,Drop,90.32%,0.0411,0.0164,0.9032,0.0049,0.0344,SUCCESS
CLEAR_MATCH14_SHOT0068_HITFRAME00032783.mp4,CLEAR,Clear,Drop,85.04%,0.0007,0.0018,0.8504,0.0003,0.1468,SUCCESS
CLEAR_MATCH14_SHOT0071_HITFRAME00033120.mp4,CLEAR,Clear,Smash,87.15%,0.0006,0.0299,0.0913,0.0066,0.8715,SUCCESS
CLEAR_MATCH14_SHOT0072_HITFRAME00033148.mp4,CLEAR,Clear,Smash,56.19%,0.0006,0.0017,0.4351,0.0007,0.5619,SUCCESS
CLEAR_MATCH14_SHOT0090_HITFRAME00037426.mp4,CLEAR,Clear,Smash,99.73%,0.0000,0.0005,0.0021,0.0000,0.9973,SUCCESS
CLEAR_MATCH14_SHOT0094_HITFRAME00037603.mp4,CLEAR,Clear,Smash,52.21%,0.0008,0.0020,0.4746,0.0006,0.5221,SUCCESS
CLEAR_MATCH14_SHOT0095_HITFRAME00037641.mp4,CLEAR,Clear,Drop,37.79%,0.0070,0.3583,0.3779,0.0458,0.2109,SUCCESS
CLEAR_MATCH14_SHOT0099_HITFRAME00040030.mp4,CLEAR,Clear,Drop,76.33%,0.0025,0.0224,0.7633,0.0095,0.2024,SUCCESS
CLEAR_MATCH14_SHOT0114_HITFRAME00045624.mp4,CLEAR,Clear,Drop,82.94%,0.0074,0.1060,0.8294,0.0159,0.0412,SUCCESS
CLEAR_MATCH14_SHOT0118_HITFRAME00047592.mp4,CLEAR,Clear,Smash,99.06%,0.0001,0.0010,0.0081,0.0001,0.9906,SUCCESS
CLEAR_MATCH14_SHOT0126_HITFRAME00048924.mp4,CLEAR,Clear,Smash,99.45%,0.0000,0.0020,0.0032,0.0002,0.9945,SUCCESS
CLEAR_MATCH14_SHOT0131_HITFRAME00053258.mp4,CLEAR,Clear,Drop,97.27%,0.0017,0.0048,0.9727,0.0005,0.0203,SUCCESS
CLEAR_MATCH14_SHOT0170_HITFRAME00063806.mp4,CLEAR,Clear,Drop,94.94%,0.0020,0.0024,0.9494,0.0004,0.0457,SUCCESS
CLEAR_MATCH14_SHOT0175_HITFRAME00064137.mp4,CLEAR,Clear,Smash,72.21%,0.0004,0.0026,0.2743,0.0006,0.7221,SUCCESS
CLEAR_MATCH14_SHOT0176_HITFRAME00064787.mp4,CLEAR,Clear,Drop,91.61%,0.0038,0.0088,0.9161,0.0023,0.0689,SUCCESS
CLEAR_MATCH14_SHOT0179_HITFRAME00064966.mp4,CLEAR,Clear,Drive,99.41%,0.0003,0.9941,0.0020,0.0021,0.0014,SUCCESS
CLEAR_MATCH14_SHOT0184_HITFRAME00066466.mp4,CLEAR,Clear,Drop,82.32%,0.0020,0.0024,0.8232,0.0007,0.1717,SUCCESS
CLEAR_MATCH14_SHOT0185_HITFRAME00066498.mp4,CLEAR,Clear,Drop,93.65%,0.0017,0.0309,0.9365,0.0008,0.0302,SUCCESS
CLEAR_MATCH14_SHOT0202_HITFRAME00077379.mp4,CLEAR,Clear,Drop,71.23%,0.0006,0.0019,0.7123,0.0004,0.2847,SUCCESS
CLEAR_MATCH14_SHOT0203_HITFRAME00077812.mp4,CLEAR,Clear,Drop,75.19%,0.0025,0.0239,0.7519,0.0021,0.2196,SUCCESS
CLEAR_MATCH14_SHOT0207_HITFRAME00082371.mp4,CLEAR,Clear,Drop,93.58%,0.0056,0.0041,0.9358,0.0005,0.0540,SUCCESS
CLEAR_MATCH14_SHOT0216_HITFRAME00085371.mp4,CLEAR,Clear,Drive,99.32%,0.0002,0.9932,0.0024,0.0013,0.0029,SUCCESS
CLEAR_MATCH14_SHOT0225_HITFRAME00090737.mp4,CLEAR,Clear,Drive,99.76%,0.0001,0.9976,0.0010,0.0002,0.0010,SUCCESS
CLEAR_MATCH14_SHOT0231_HITFRAME00092499.mp4,CLEAR,Clear,Drive,76.99%,0.0020,0.7699,0.0115,0.2103,0.0062,SUCCESS
CLEAR_MATCH14_SHOT0234_HITFRAME00092687.mp4,CLEAR,Clear,Drop,53.23%,0.0013,0.0051,0.5323,0.0017,0.4595,SUCCESS
CLEAR_MATCH14_SHOT0235_HITFRAME00092713.mp4,CLEAR,Clear,Smash,63.01%,0.0005,0.0009,0.3682,0.0003,0.6301,SUCCESS
CLEAR_MATCH14_SHOT0238_HITFRAME00092823.mp4,CLEAR,Clear,Smash,71.40%,0.0004,0.0012,0.2842,0.0003,0.7140,SUCCESS
CLEAR_MATCH14_SHOT0240_HITFRAME00092927.mp4,CLEAR,Clear,Drop,94.91%,0.0007,0.0031,0.9491,0.0004,0.0468,SUCCESS
CLEAR_MATCH14_SHOT0244_HITFRAME00094821.mp4,CLEAR,Clear,Drop,80.58%,0.0017,0.1428,0.8058,0.0070,0.0428,SUCCESS
CLEAR_MATCH14_SHOT0245_HITFRAME00094851.mp4,CLEAR,Clear,Smash,93.10%,0.0001,0.0004,0.0683,0.0002,0.9310,SUCCESS
CLEAR_MATCH14_SHOT0248_HITFRAME00095817.mp4,CLEAR,Clear,Smash,51.12%,0.0010,0.4101,0.0378,0.0399,0.5112,SUCCESS
CLEAR_MATCH14_SHOT0251_HITFRAME00096034.mp4,CLEAR,Clear,Smash,66.98%,0.0008,0.0331,0.2948,0.0016,0.6698,SUCCESS
CLEAR_MATCH14_SHOT0252_HITFRAME00096064.mp4,CLEAR,Clear,Smash,50.34%,0.0006,0.0015,0.4941,0.0004,0.5034,SUCCESS
CLEAR_MATCH14_SHOT0256_HITFRAME00097101.mp4,CLEAR,Clear,Smash,98.60%,0.0001,0.0016,0.0122,0.0002,0.9860,SUCCESS
CLEAR_MATCH14_SHOT0257_HITFRAME00097132.mp4,CLEAR,Clear,Drop,78.88%,0.0043,0.1329,0.7888,0.0222,0.0518,SUCCESS
CLEAR_MATCH14_SHOT0265_HITFRAME00099131.mp4,CLEAR,Clear,Drop,79.47%,0.0007,0.0029,0.7947,0.0003,0.2013,SUCCESS
CLEAR_MATCH14_SHOT0267_HITFRAME00099273.mp4,CLEAR,Clear,Net Shot,79.83%,0.0042,0.1721,0.0217,0.7983,0.0037,SUCCESS
CLEAR_MATCH14_SHOT0271_HITFRAME00102273.mp4,CLEAR,Clear,Drop,67.38%,0.0064,0.2387,0.6738,0.0280,0.0530,SUCCESS
CLEAR_MATCH14_SHOT0274_HITFRAME00102510.mp4,CLEAR,Clear,Drop,87.86%,0.0023,0.0124,0.8786,0.0036,0.1031,SUCCESS
CLEAR_MATCH14_SHOT0275_HITFRAME00102602.mp4,CLEAR,Clear,Drop,88.44%,0.0013,0.0105,0.8844,0.0013,0.1025,SUCCESS
CLEAR_MATCH14_SHOT0283_HITFRAME00106160.mp4,CLEAR,Clear,Drop,88.08%,0.0015,0.0020,0.8808,0.0003,0.1155,SUCCESS
CLEAR_MATCH14_SHOT0291_HITFRAME00108619.mp4,CLEAR,Clear,Drop,75.20%,0.0057,0.0854,0.7520,0.0188,0.1380,SUCCESS
CLEAR_MATCH14_SHOT0294_HITFRAME00108728.mp4,CLEAR,Clear,Drop,82.30%,0.0036,0.0315,0.8230,0.0072,0.1347,SUCCESS
CLEAR_MATCH14_SHOT0296_HITFRAME00108810.mp4,CLEAR,Clear,Drop,83.97%,0.0008,0.0010,0.8397,0.0002,0.1583,SUCCESS
CLEAR_MATCH14_SHOT0299_HITFRAME00109693.mp4,CLEAR,Clear,Drop,92.44%,0.0016,0.0012,0.9244,0.0002,0.0726,SUCCESS
CLEAR_MATCH14_SHOT0310_HITFRAME00115270.mp4,CLEAR,Clear,Drop,86.95%,0.0112,0.0476,0.8695,0.0140,0.0577,SUCCESS
CLEAR_MATCH15_SHOT0002_HITFRAME00023780.mp4,CLEAR,Clear,Drop,94.17%,0.0019,0.0298,0.9417,0.0029,0.0237,SUCCESS
CLEAR_MATCH15_SHOT0016_HITFRAME00028311.mp4,CLEAR,Clear,Drop,97.17%,0.0052,0.0097,0.9717,0.0009,0.0125,SUCCESS
CLEAR_MATCH15_SHOT0019_HITFRAME00029819.mp4,CLEAR,Clear,Drop,91.98%,0.0012,0.0010,0.9198,0.0002,0.0778,SUCCESS
CLEAR_MATCH15_SHOT0022_HITFRAME00029933.mp4,CLEAR,Clear,Drop,98.03%,0.0081,0.0038,0.9803,0.0005,0.0073,SUCCESS
CLEAR_MATCH15_SHOT0034_HITFRAME00034049.mp4,CLEAR,Clear,Drop,98.25%,0.0025,0.0046,0.9825,0.0004,0.0100,SUCCESS
CLEAR_MATCH15_SHOT0052_HITFRAME00040245.mp4,CLEAR,Clear,Drop,84.69%,0.0017,0.0058,0.8469,0.0022,0.1435,SUCCESS
CLEAR_MATCH15_SHOT0058_HITFRAME00042913.mp4,CLEAR,Clear,Drop,98.79%,0.0017,0.0053,0.9879,0.0008,0.0043,SUCCESS
CLEAR_MATCH15_SHOT0062_HITFRAME00043067.mp4,CLEAR,Clear,Drop,82.49%,0.0014,0.0025,0.8249,0.0010,0.1702,SUCCESS
CLEAR_MATCH15_SHOT0064_HITFRAME00043206.mp4,CLEAR,Clear,Drop,92.56%,0.0028,0.0016,0.9256,0.0004,0.0696,SUCCESS
CLEAR_MATCH15_SHOT0065_HITFRAME00043237.mp4,CLEAR,Clear,Drop,85.63%,0.0025,0.0046,0.8563,0.0015,0.1352,SUCCESS
CLEAR_MATCH15_SHOT0086_HITFRAME00048664.mp4,CLEAR,Clear,Drop,92.94%,0.0011,0.0017,0.9294,0.0002,0.0675,SUCCESS
CLEAR_MATCH15_SHOT0087_HITFRAME00048695.mp4,CLEAR,Clear,Drop,94.57%,0.0062,0.0058,0.9457,0.0020,0.0402,SUCCESS
CLEAR_MATCH15_SHOT0109_HITFRAME00059585.mp4,CLEAR,Clear,Drop,87.39%,0.0010,0.0009,0.8739,0.0004,0.1238,SUCCESS
CLEAR_MATCH15_SHOT0112_HITFRAME00059701.mp4,CLEAR,Clear,Drop,97.01%,0.0030,0.0045,0.9701,0.0004,0.0220,SUCCESS
CLEAR_MATCH15_SHOT0114_HITFRAME00059811.mp4,CLEAR,Clear,Drop,97.33%,0.0077,0.0024,0.9733,0.0004,0.0161,SUCCESS
CLEAR_MATCH15_SHOT0115_HITFRAME00059839.mp4,CLEAR,Clear,Drop,88.28%,0.0022,0.0012,0.8828,0.0004,0.1134,SUCCESS
CLEAR_MATCH15_SHOT0128_HITFRAME00068341.mp4,CLEAR,Clear,Drop,81.57%,0.0016,0.0021,0.8157,0.0007,0.1800,SUCCESS
CLEAR_MATCH15_SHOT0131_HITFRAME00071270.mp4,CLEAR,Clear,Smash,50.35%,0.0008,0.0011,0.4943,0.0003,0.5035,SUCCESS
CLEAR_MATCH15_SHOT0147_HITFRAME00074853.mp4,CLEAR,Clear,Drop,80.46%,0.0010,0.0009,0.8046,0.0003,0.1932,SUCCESS
CLEAR_MATCH15_SHOT0148_HITFRAME00074882.mp4,CLEAR,Clear,Smash,73.46%,0.0010,0.0049,0.2578,0.0016,0.7346,SUCCESS
CLEAR_MATCH15_SHOT0151_HITFRAME00075184.mp4,CLEAR,Clear,Drop,87.86%,0.0025,0.0015,0.8786,0.0005,0.1169,SUCCESS
CLEAR_MATCH15_SHOT0170_HITFRAME00081186.mp4,CLEAR,Clear,Drop,64.28%,0.0109,0.0858,0.6428,0.0322,0.2283,SUCCESS
CLEAR_MATCH15_SHOT0175_HITFRAME00083937.mp4,CLEAR,Clear,Drop,53.59%,0.0090,0.0413,0.5359,0.0639,0.3499,SUCCESS
CLEAR_MATCH15_SHOT0183_HITFRAME00085497.mp4,CLEAR,Clear,Drop,86.72%,0.0008,0.0012,0.8672,0.0002,0.1305,SUCCESS
CLEAR_MATCH15_SHOT0196_HITFRAME00090945.mp4,CLEAR,Clear,Smash,87.19%,0.0003,0.0006,0.1270,0.0002,0.8719,SUCCESS
CLEAR_MATCH15_SHOT0220_HITFRAME00099375.mp4,CLEAR,Clear,Drop,89.58%,0.0017,0.0012,0.8958,0.0003,0.1009,SUCCESS
CLEAR_MATCH15_SHOT0226_HITFRAME00102237.mp4,CLEAR,Clear,Drop,90.48%,0.0033,0.0041,0.9048,0.0050,0.0829,SUCCESS
CLEAR_MATCH15_SHOT0227_HITFRAME00102271.mp4,CLEAR,Clear,Drop,92.13%,0.0021,0.0072,0.9213,0.0021,0.0674,SUCCESS
CLEAR_MATCH15_SHOT0241_HITFRAME00110953.mp4,CLEAR,Clear,Drop,80.32%,0.0043,0.0159,0.8032,0.0099,0.1667,SUCCESS
CLEAR_MATCH15_SHOT0244_HITFRAME00112243.mp4,CLEAR,Clear,Drop,94.80%,0.0016,0.0016,0.9480,0.0002,0.0485,SUCCESS
CLEAR_MATCH15_SHOT0261_HITFRAME00120758.mp4,CLEAR,Clear,Drop,79.28%,0.0010,0.0015,0.7928,0.0003,0.2043,SUCCESS
CLEAR_MATCH15_SHOT0262_HITFRAME00120780.mp4,CLEAR,Clear,Drop,83.31%,0.0048,0.0393,0.8331,0.0044,0.1183,SUCCESS
CLEAR_MATCH15_SHOT0265_HITFRAME00121109.mp4,CLEAR,Clear,Drop,96.02%,0.0013,0.0015,0.9602,0.0002,0.0368,SUCCESS
CLEAR_MATCH15_SHOT0266_HITFRAME00121139.mp4,CLEAR,Clear,Drop,68.66%,0.0065,0.0225,0.6866,0.0095,0.2749,SUCCESS
CLEAR_MATCH15_SHOT0267_HITFRAME00121284.mp4,CLEAR,Clear,Smash,97.74%,0.0001,0.0006,0.0218,0.0001,0.9774,SUCCESS
CLEAR_MATCH15_SHOT0268_HITFRAME00121299.mp4,CLEAR,Clear,Smash,84.02%,0.0010,0.1280,0.0257,0.0051,0.8402,SUCCESS
CLEAR_MATCH15_SHOT0269_HITFRAME00121334.mp4,CLEAR,Clear,Smash,98.93%,0.0001,0.0008,0.0096,0.0002,0.9893,SUCCESS
CLEAR_MATCH15_SHOT0270_HITFRAME00121362.mp4,CLEAR,Clear,Drive,53.04%,0.0028,0.5304,0.3451,0.0077,0.1142,SUCCESS
CLEAR_MATCH15_SHOT0278_HITFRAME00125746.mp4,CLEAR,Clear,Smash,46.53%,0.0098,0.0575,0.3526,0.1149,0.4653,SUCCESS
CLEAR_MATCH15_SHOT0281_HITFRAME00125901.mp4,CLEAR,Clear,Drop,54.89%,0.0012,0.0011,0.5489,0.0007,0.4481,SUCCESS
CLEAR_MATCH15_SHOT0282_HITFRAME00126450.mp4,CLEAR,Clear,Drop,86.81%,0.0036,0.0103,0.8681,0.0040,0.1140,SUCCESS
CLEAR_MATCH15_SHOT0289_HITFRAME00129364.mp4,CLEAR,Clear,Drop,97.62%,0.0011,0.0051,0.9762,0.0004,0.0172,SUCCESS
CLEAR_MATCH15_SHOT0290_HITFRAME00129857.mp4,CLEAR,Clear,Drop,72.34%,0.0184,0.0622,0.7234,0.0167,0.1793,SUCCESS
CLEAR_MATCH17_SHOT0017_HITFRAME00012685.mp4,CLEAR,Clear,Drop,98.81%,0.0025,0.0044,0.9881,0.0001,0.0049,SUCCESS
CLEAR_MATCH17_SHOT0018_HITFRAME00012719.mp4,CLEAR,Clear,Drop,89.32%,0.0069,0.0802,0.8932,0.0014,0.0183,SUCCESS
CLEAR_MATCH17_SHOT0023_HITFRAME00012962.mp4,CLEAR,Clear,Drop,98.75%,0.0016,0.0068,0.9875,0.0001,0.0040,SUCCESS
CLEAR_MATCH17_SHOT0028_HITFRAME00013751.mp4,CLEAR,Clear,Drop,95.20%,0.0067,0.0351,0.9520,0.0003,0.0059,SUCCESS
CLEAR_MATCH17_SHOT0030_HITFRAME00013811.mp4,CLEAR,Clear,Drive,99.17%,0.0007,0.9917,0.0046,0.0012,0.0019,SUCCESS
CLEAR_MATCH17_SHOT0031_HITFRAME00013845.mp4,CLEAR,Clear,Drop,98.40%,0.0018,0.0081,0.9840,0.0002,0.0060,SUCCESS
CLEAR_MATCH17_SHOT0032_HITFRAME00013878.mp4,CLEAR,Clear,Drive,54.31%,0.0154,0.5431,0.4250,0.0043,0.0121,SUCCESS
CLEAR_MATCH17_SHOT0054_HITFRAME00018091.mp4,CLEAR,Clear,Drop,97.08%,0.0075,0.0112,0.9708,0.0003,0.0103,SUCCESS
CLEAR_MATCH17_SHOT0059_HITFRAME00018286.mp4,CLEAR,Clear,Drop,56.06%,0.0094,0.3372,0.5606,0.0123,0.0805,SUCCESS
CLEAR_MATCH17_SHOT0068_HITFRAME00021860.mp4,CLEAR,Clear,Drop,72.74%,0.0229,0.2341,0.7274,0.0026,0.0131,SUCCESS
CLEAR_MATCH17_SHOT0094_HITFRAME00027078.mp4,CLEAR,Clear,Drop,96.48%,0.0040,0.0116,0.9648,0.0002,0.0194,SUCCESS
CLEAR_MATCH17_SHOT0100_HITFRAME00027292.mp4,CLEAR,Clear,Drive,47.30%,0.0175,0.4730,0.4106,0.0133,0.0856,SUCCESS
CLEAR_MATCH17_SHOT0101_HITFRAME00027320.mp4,CLEAR,Clear,Drop,49.74%,0.0870,0.3835,0.4974,0.0112,0.0209,SUCCESS
CLEAR_MATCH17_SHOT0102_HITFRAME00027358.mp4,CLEAR,Clear,Drop,45.93%,0.0209,0.4550,0.4593,0.0110,0.0537,SUCCESS
CLEAR_MATCH17_SHOT0111_HITFRAME00029009.mp4,CLEAR,Clear,Drop,60.35%,0.0020,0.1106,0.6035,0.0017,0.2822,SUCCESS
CLEAR_MATCH17_SHOT0122_HITFRAME00031713.mp4,CLEAR,Clear,Drop,97.72%,0.0032,0.0062,0.9772,0.0002,0.0133,SUCCESS
CLEAR_MATCH17_SHOT0149_HITFRAME00036373.mp4,CLEAR,Clear,Drop,96.81%,0.0041,0.0197,0.9681,0.0003,0.0077,SUCCESS
CLEAR_MATCH17_SHOT0159_HITFRAME00040602.mp4,CLEAR,Clear,Drive,63.80%,0.0043,0.6380,0.2931,0.0049,0.0597,SUCCESS
CLEAR_MATCH17_SHOT0160_HITFRAME00040632.mp4,CLEAR,Clear,Drive,52.71%,0.0207,0.5271,0.4140,0.0127,0.0255,SUCCESS
CLEAR_MATCH17_SHOT0168_HITFRAME00041279.mp4,CLEAR,Clear,Drop,85.57%,0.0215,0.1134,0.8557,0.0010,0.0084,SUCCESS
CLEAR_MATCH17_SHOT0177_HITFRAME00042337.mp4,CLEAR,Clear,Drive,49.73%,0.0082,0.4973,0.4112,0.0106,0.0728,SUCCESS
CLEAR_MATCH17_SHOT0182_HITFRAME00042493.mp4,CLEAR,Clear,Drop,97.98%,0.0044,0.0028,0.9798,0.0001,0.0128,SUCCESS
CLEAR_MATCH17_SHOT0185_HITFRAME00043911.mp4,CLEAR,Clear,Drive,99.75%,0.0002,0.9975,0.0010,0.0009,0.0005,SUCCESS
CLEAR_MATCH17_SHOT0205_HITFRAME00050184.mp4,CLEAR,Clear,Drop,91.81%,0.0024,0.0411,0.9181,0.0008,0.0376,SUCCESS
CLEAR_MATCH17_SHOT0206_HITFRAME00050208.mp4,CLEAR,Clear,Drive,95.77%,0.0020,0.9577,0.0301,0.0038,0.0064,SUCCESS
CLEAR_MATCH17_SHOT0217_HITFRAME00052622.mp4,CLEAR,Clear,Drop,82.85%,0.0048,0.1062,0.8285,0.0286,0.0318,SUCCESS
CLEAR_MATCH17_SHOT0223_HITFRAME00053561.mp4,CLEAR,Clear,Smash,99.13%,0.0001,0.0024,0.0059,0.0003,0.9913,SUCCESS
CLEAR_MATCH17_SHOT0224_HITFRAME00053586.mp4,CLEAR,Clear,Smash,98.25%,0.0001,0.0033,0.0138,0.0003,0.9825,SUCCESS
CLEAR_MATCH17_SHOT0235_HITFRAME00056238.mp4,CLEAR,Clear,Drop,93.53%,0.0010,0.0030,0.9353,0.0002,0.0605,SUCCESS
CLEAR_MATCH17_SHOT0250_HITFRAME00059631.mp4,CLEAR,Clear,Drop,94.43%,0.0014,0.0062,0.9443,0.0003,0.0478,SUCCESS
CLEAR_MATCH17_SHOT0259_HITFRAME00062075.mp4,CLEAR,Clear,Drive,98.41%,0.0006,0.9841,0.0071,0.0054,0.0028,SUCCESS
CLEAR_MATCH17_SHOT0271_HITFRAME00064672.mp4,CLEAR,Clear,Drop,94.22%,0.0012,0.0074,0.9422,0.0004,0.0488,SUCCESS
CLEAR_MATCH17_SHOT0272_HITFRAME00064705.mp4,CLEAR,Clear,Drop,90.89%,0.0036,0.0761,0.9089,0.0012,0.0102,SUCCESS
CLEAR_MATCH17_SHOT0292_HITFRAME00071326.mp4,CLEAR,Clear,Drive,99.89%,0.0001,0.9989,0.0004,0.0003,0.0002,SUCCESS
CLEAR_MATCH17_SHOT0318_HITFRAME00074975.mp4,CLEAR,Clear,Drive,82.15%,0.0022,0.8215,0.0292,0.1353,0.0118,SUCCESS
CLEAR_MATCH17_SHOT0332_HITFRAME00078129.mp4,CLEAR,Clear,Drive,85.67%,0.0016,0.8567,0.0378,0.0018,0.1022,SUCCESS
CLEAR_MATCH17_SHOT0351_HITFRAME00082230.mp4,CLEAR,Clear,Drop,98.17%,0.0024,0.0091,0.9817,0.0002,0.0065,SUCCESS
CLEAR_MATCH17_SHOT0369_HITFRAME00087294.mp4,CLEAR,Clear,Drive,78.35%,0.0027,0.7835,0.1776,0.0031,0.0331,SUCCESS
CLEAR_MATCH17_SHOT0385_HITFRAME00088418.mp4,CLEAR,Clear,Smash,77.25%,0.0007,0.0127,0.2130,0.0011,0.7725,SUCCESS
CLEAR_MATCH17_SHOT0386_HITFRAME00088444.mp4,CLEAR,Clear,Drive,98.98%,0.0002,0.9898,0.0048,0.0006,0.0045,SUCCESS
CLEAR_MATCH17_SHOT0402_HITFRAME00090708.mp4,CLEAR,Clear,Drive,94.59%,0.0009,0.9459,0.0059,0.0462,0.0011,SUCCESS
CLEAR_MATCH17_SHOT0410_HITFRAME00091564.mp4,CLEAR,Clear,Drive,54.30%,0.0067,0.5430,0.4211,0.0041,0.0251,SUCCESS
CLEAR_MATCH17_SHOT0430_HITFRAME00095732.mp4,CLEAR,Clear,Drive,91.45%,0.0022,0.9145,0.0409,0.0029,0.0395,SUCCESS
CLEAR_MATCH17_SHOT0435_HITFRAME00095886.mp4,CLEAR,Clear,Drive,88.17%,0.0020,0.8817,0.0429,0.0617,0.0117,SUCCESS
CLEAR_MATCH17_SHOT0464_HITFRAME00103418.mp4,CLEAR,Clear,Drive,78.62%,0.0017,0.7862,0.1041,0.0448,0.0632,SUCCESS
CLEAR_MATCH19_SHOT0019_HITFRAME00011256.mp4,CLEAR,Clear,Drop,52.63%,0.0024,0.1757,0.5263,0.0017,0.2939,SUCCESS
CLEAR_MATCH19_SHOT0026_HITFRAME00011622.mp4,CLEAR,Clear,Drop,97.45%,0.0016,0.0039,0.9745,0.0002,0.0198,SUCCESS
CLEAR_MATCH19_SHOT0030_HITFRAME00011831.mp4,CLEAR,Clear,Drop,98.70%,0.0011,0.0036,0.9870,0.0002,0.0082,SUCCESS
CLEAR_MATCH19_SHOT0060_HITFRAME00020757.mp4,CLEAR,Clear,Drop,96.91%,0.0009,0.0017,0.9691,0.0001,0.0281,SUCCESS
CLEAR_MATCH19_SHOT0071_HITFRAME00024454.mp4,CLEAR,Clear,Drop,85.97%,0.0286,0.0809,0.8597,0.0020,0.0287,SUCCESS
CLEAR_MATCH19_SHOT0083_HITFRAME00027514.mp4,CLEAR,Clear,Drop,76.24%,0.0072,0.1831,0.7624,0.0025,0.0448,SUCCESS
CLEAR_MATCH19_SHOT0101_HITFRAME00030113.mp4,CLEAR,Clear,Drop,96.81%,0.0084,0.0101,0.9681,0.0004,0.0130,SUCCESS
CLEAR_MATCH19_SHOT0103_HITFRAME00030222.mp4,CLEAR,Clear,Drop,98.08%,0.0029,0.0106,0.9808,0.0002,0.0055,SUCCESS
CLEAR_MATCH19_SHOT0106_HITFRAME00031558.mp4,CLEAR,Clear,Drive,77.37%,0.0076,0.7737,0.1872,0.0106,0.0209,SUCCESS
CLEAR_MATCH19_SHOT0107_HITFRAME00031596.mp4,CLEAR,Clear,Drop,97.90%,0.0015,0.0035,0.9790,0.0002,0.0158,SUCCESS
CLEAR_MATCH19_SHOT0108_HITFRAME00031628.mp4,CLEAR,Clear,Drop,76.23%,0.0119,0.2138,0.7623,0.0021,0.0099,SUCCESS
CLEAR_MATCH19_SHOT0118_HITFRAME00037075.mp4,CLEAR,Clear,Drop,83.00%,0.0026,0.0728,0.8300,0.0013,0.0934,SUCCESS
CLEAR_MATCH19_SHOT0129_HITFRAME00040774.mp4,CLEAR,Clear,Drive,45.89%,0.0053,0.4589,0.4413,0.0041,0.0904,SUCCESS
CLEAR_MATCH19_SHOT0136_HITFRAME00041069.mp4,CLEAR,Clear,Drive,91.53%,0.0032,0.9153,0.0634,0.0016,0.0165,SUCCESS
CLEAR_MATCH19_SHOT0156_HITFRAME00044541.mp4,CLEAR,Clear,Drive,99.41%,0.0002,0.9941,0.0024,0.0005,0.0028,SUCCESS
CLEAR_MATCH19_SHOT0159_HITFRAME00045406.mp4,CLEAR,Clear,Drive,77.62%,0.0038,0.7762,0.1750,0.0035,0.0415,SUCCESS
CLEAR_MATCH19_SHOT0167_HITFRAME00047169.mp4,CLEAR,Clear,Drop,61.21%,0.0068,0.3653,0.6121,0.0024,0.0133,SUCCESS
CLEAR_MATCH19_SHOT0168_HITFRAME00047200.mp4,CLEAR,Clear,Drive,95.39%,0.0028,0.9539,0.0353,0.0026,0.0054,SUCCESS
CLEAR_MATCH19_SHOT0175_HITFRAME00047860.mp4,CLEAR,Clear,Drive,89.31%,0.0048,0.8931,0.0753,0.0061,0.0207,SUCCESS
CLEAR_MATCH19_SHOT0179_HITFRAME00048130.mp4,CLEAR,Clear,Drive,81.62%,0.0068,0.8162,0.1568,0.0119,0.0083,SUCCESS
CLEAR_MATCH19_SHOT0180_HITFRAME00048164.mp4,CLEAR,Clear,Drop,97.86%,0.0037,0.0090,0.9786,0.0002,0.0086,SUCCESS
CLEAR_MATCH19_SHOT0181_HITFRAME00048197.mp4,CLEAR,Clear,Drive,84.96%,0.0156,0.8496,0.1165,0.0059,0.0124,SUCCESS
CLEAR_MATCH19_SHOT0182_HITFRAME00048227.mp4,CLEAR,Clear,Drop,98.49%,0.0057,0.0054,0.9849,0.0002,0.0039,SUCCESS
CLEAR_MATCH19_SHOT0183_HITFRAME00048265.mp4,CLEAR,Clear,Drop,50.73%,0.0276,0.4220,0.5073,0.0065,0.0366,SUCCESS
CLEAR_MATCH19_SHOT0184_HITFRAME00048380.mp4,CLEAR,Clear,Drive,89.12%,0.0036,0.8912,0.0779,0.0067,0.0207,SUCCESS
CLEAR_MATCH19_SHOT0187_HITFRAME00048501.mp4,CLEAR,Clear,Drive,82.10%,0.0069,0.8210,0.1580,0.0075,0.0066,SUCCESS
CLEAR_MATCH19_SHOT0196_HITFRAME00050501.mp4,CLEAR,Clear,Drive,80.95%,0.0112,0.8095,0.1291,0.0393,0.0109,SUCCESS
CLEAR_MATCH19_SHOT0220_HITFRAME00061837.mp4,CLEAR,Clear,Drop,96.24%,0.0026,0.0273,0.9624,0.0004,0.0073,SUCCESS
CLEAR_MATCH19_SHOT0221_HITFRAME00061868.mp4,CLEAR,Clear,Drive,86.81%,0.0081,0.8681,0.1166,0.0041,0.0031,SUCCESS
CLEAR_MATCH19_SHOT0227_HITFRAME00063465.mp4,CLEAR,Clear,Drive,51.10%,0.0079,0.5110,0.4180,0.0069,0.0562,SUCCESS
CLEAR_MATCH19_SHOT0265_HITFRAME00075553.mp4,CLEAR,Clear,Drop,97.97%,0.0014,0.0032,0.9797,0.0001,0.0156,SUCCESS
CLEAR_MATCH19_SHOT0278_HITFRAME00077173.mp4,CLEAR,Clear,Drop,94.31%,0.0030,0.0463,0.9431,0.0005,0.0071,SUCCESS
CLEAR_MATCH19_SHOT0279_HITFRAME00077210.mp4,CLEAR,Clear,Drop,83.37%,0.0045,0.1378,0.8337,0.0016,0.0224,SUCCESS
CLEAR_MATCH19_SHOT0288_HITFRAME00080161.mp4,CLEAR,Clear,Drop,96.15%,0.0034,0.0262,0.9615,0.0004,0.0085,SUCCESS
CLEAR_MATCH19_SHOT0311_HITFRAME00083946.mp4,CLEAR,Clear,Drive,72.54%,0.0033,0.7254,0.2619,0.0039,0.0055,SUCCESS
CLEAR_MATCH20_SHOT0014_HITFRAME00013877.mp4,CLEAR,Clear,Drive,91.71%,0.0010,0.9171,0.0513,0.0017,0.0289,SUCCESS
CLEAR_MATCH20_SHOT0019_HITFRAME00014060.mp4,CLEAR,Clear,Drive,99.78%,0.0002,0.9978,0.0009,0.0007,0.0004,SUCCESS
CLEAR_MATCH20_SHOT0032_HITFRAME00017283.mp4,CLEAR,Clear,Drive,82.57%,0.0148,0.8257,0.1345,0.0134,0.0116,SUCCESS
CLEAR_MATCH20_SHOT0043_HITFRAME00020455.mp4,CLEAR,Clear,Drive,99.64%,0.0001,0.9964,0.0016,0.0004,0.0015,SUCCESS
CLEAR_MATCH20_SHOT0044_HITFRAME00020487.mp4,CLEAR,Clear,Drive,94.65%,0.0013,0.9465,0.0486,0.0017,0.0019,SUCCESS
CLEAR_MATCH20_SHOT0065_HITFRAME00023848.mp4,CLEAR,Clear,Drop,91.12%,0.0028,0.0647,0.9112,0.0017,0.0195,SUCCESS
CLEAR_MATCH20_SHOT0068_HITFRAME00024044.mp4,CLEAR,Clear,Drop,52.45%,0.0083,0.4246,0.5245,0.0051,0.0376,SUCCESS
CLEAR_MATCH20_SHOT0070_HITFRAME00024153.mp4,CLEAR,Clear,Drive,91.80%,0.0032,0.9180,0.0713,0.0024,0.0050,SUCCESS
CLEAR_MATCH20_SHOT0082_HITFRAME00031570.mp4,CLEAR,Clear,Drop,84.56%,0.0050,0.1227,0.8456,0.0094,0.0173,SUCCESS
CLEAR_MATCH20_SHOT0092_HITFRAME00037139.mp4,CLEAR,Clear,Drop,94.55%,0.0028,0.0480,0.9455,0.0003,0.0034,SUCCESS
CLEAR_MATCH20_SHOT0095_HITFRAME00037327.mp4,CLEAR,Clear,Drop,71.04%,0.0032,0.2408,0.7104,0.0015,0.0441,SUCCESS
CLEAR_MATCH20_SHOT0102_HITFRAME00038162.mp4,CLEAR,Clear,Drive,40.79%,0.0028,0.4079,0.3114,0.0040,0.2739,SUCCESS
CLEAR_MATCH20_SHOT0130_HITFRAME00051915.mp4,CLEAR,Clear,Drop,81.50%,0.0031,0.0083,0.8150,0.0004,0.1731,SUCCESS
CLEAR_MATCH20_SHOT0136_HITFRAME00054314.mp4,CLEAR,Clear,Drive,85.29%,0.0043,0.8529,0.1228,0.0026,0.0175,SUCCESS
CLEAR_MATCH20_SHOT0148_HITFRAME00055276.mp4,CLEAR,Clear,Drop,93.88%,0.0056,0.0458,0.9388,0.0007,0.0091,SUCCESS
CLEAR_MATCH20_SHOT0158_HITFRAME00062448.mp4,CLEAR,Clear,Drive,77.63%,0.0022,0.7763,0.1186,0.0062,0.0967,SUCCESS
CLEAR_MATCH20_SHOT0173_HITFRAME00067418.mp4,CLEAR,Clear,Drop,96.02%,0.0013,0.0050,0.9602,0.0002,0.0332,SUCCESS
CLEAR_MATCH20_SHOT0192_HITFRAME00074967.mp4,CLEAR,Clear,Drop,65.77%,0.0041,0.3297,0.6577,0.0020,0.0066,SUCCESS
CLEAR_MATCH23_SHOT0002_HITFRAME00010917.mp4,CLEAR,Clear,Smash,94.22%,0.0002,0.0018,0.0554,0.0004,0.9422,SUCCESS
CLEAR_MATCH23_SHOT0007_HITFRAME00011495.mp4,CLEAR,Clear,Drop,94.41%,0.0017,0.0026,0.9441,0.0002,0.0514,SUCCESS
CLEAR_MATCH23_SHOT0014_HITFRAME00011782.mp4,CLEAR,Clear,Drive,99.09%,0.0005,0.9909,0.0037,0.0023,0.0027,SUCCESS
CLEAR_MATCH23_SHOT0016_HITFRAME00011867.mp4,CLEAR,Clear,Drive,99.34%,0.0003,0.9934,0.0017,0.0007,0.0039,SUCCESS
CLEAR_MATCH23_SHOT0019_HITFRAME00012587.mp4,CLEAR,Clear,Drop,93.25%,0.0026,0.0015,0.9325,0.0003,0.0632,SUCCESS
CLEAR_MATCH23_SHOT0031_HITFRAME00015007.mp4,CLEAR,Clear,Smash,89.36%,0.0017,0.0526,0.0471,0.0051,0.8936,SUCCESS
CLEAR_MATCH23_SHOT0035_HITFRAME00015275.mp4,CLEAR,Clear,Drop,40.46%,0.0145,0.1923,0.4046,0.0226,0.3661,SUCCESS
CLEAR_MATCH23_SHOT0041_HITFRAME00016860.mp4,CLEAR,Clear,Drive,81.79%,0.0035,0.8179,0.0256,0.0123,0.1407,SUCCESS
CLEAR_MATCH23_SHOT0042_HITFRAME00016889.mp4,CLEAR,Clear,Drive,91.54%,0.0074,0.9154,0.0343,0.0050,0.0380,SUCCESS
CLEAR_MATCH23_SHOT0050_HITFRAME00017875.mp4,CLEAR,Clear,Drive,69.04%,0.0366,0.6904,0.1961,0.0096,0.0672,SUCCESS
CLEAR_MATCH23_SHOT0051_HITFRAME00017920.mp4,CLEAR,Clear,Drop,62.48%,0.1879,0.0751,0.6248,0.0050,0.1071,SUCCESS
CLEAR_MATCH23_SHOT0070_HITFRAME00021053.mp4,CLEAR,Clear,Drop,69.72%,0.0806,0.1314,0.6972,0.0220,0.0688,SUCCESS
CLEAR_MATCH23_SHOT0087_HITFRAME00023294.mp4,CLEAR,Clear,Drop,54.70%,0.0094,0.1212,0.5470,0.0024,0.3200,SUCCESS
CLEAR_MATCH23_SHOT0089_HITFRAME00023418.mp4,CLEAR,Clear,Drive,72.97%,0.0041,0.7297,0.1437,0.0668,0.0557,SUCCESS
CLEAR_MATCH23_SHOT0139_HITFRAME00033882.mp4,CLEAR,Clear,Smash,62.90%,0.0013,0.0059,0.3631,0.0007,0.6290,SUCCESS
CLEAR_MATCH23_SHOT0141_HITFRAME00034591.mp4,CLEAR,Clear,Drive,48.86%,0.0086,0.4886,0.0831,0.0244,0.3953,SUCCESS
CLEAR_MATCH23_SHOT0145_HITFRAME00036480.mp4,CLEAR,Clear,Drop,90.95%,0.0027,0.0066,0.9095,0.0007,0.0805,SUCCESS
CLEAR_MATCH23_SHOT0152_HITFRAME00036762.mp4,CLEAR,Clear,Drop,90.22%,0.0583,0.0057,0.9022,0.0018,0.0320,SUCCESS
CLEAR_MATCH23_SHOT0160_HITFRAME00037146.mp4,CLEAR,Clear,Smash,77.59%,0.0019,0.0594,0.1608,0.0021,0.7759,SUCCESS
CLEAR_MATCH23_SHOT0161_HITFRAME00037179.mp4,CLEAR,Clear,Drive,45.40%,0.0239,0.4540,0.2694,0.0423,0.2103,SUCCESS
CLEAR_MATCH23_SHOT0165_HITFRAME00039435.mp4,CLEAR,Clear,Smash,68.30%,0.0025,0.0072,0.3052,0.0020,0.6830,SUCCESS
CLEAR_MATCH23_SHOT0171_HITFRAME00039762.mp4,CLEAR,Clear,Drop,96.80%,0.0034,0.0026,0.9680,0.0003,0.0257,SUCCESS
CLEAR_MATCH23_SHOT0174_HITFRAME00039921.mp4,CLEAR,Clear,Drive,55.20%,0.0518,0.5520,0.1838,0.1035,0.1090,SUCCESS
CLEAR_MATCH23_SHOT0201_HITFRAME00045297.mp4,CLEAR,Clear,Smash,65.97%,0.0098,0.0624,0.2559,0.0122,0.6597,SUCCESS
CLEAR_MATCH23_SHOT0222_HITFRAME00051559.mp4,CLEAR,Clear,Drop,97.67%,0.0024,0.0014,0.9767,0.0001,0.0194,SUCCESS
CLEAR_MATCH23_SHOT0245_HITFRAME00059725.mp4,CLEAR,Clear,Drop,39.06%,0.0183,0.2656,0.3906,0.0261,0.2995,SUCCESS
CLEAR_MATCH23_SHOT0253_HITFRAME00060101.mp4,CLEAR,Clear,Drop,80.58%,0.0114,0.0673,0.8058,0.0054,0.1101,SUCCESS
CLEAR_MATCH23_SHOT0254_HITFRAME00060136.mp4,CLEAR,Clear,Drop,88.17%,0.0021,0.0019,0.8817,0.0004,0.1138,SUCCESS
CLEAR_MATCH23_SHOT0255_HITFRAME00060168.mp4,CLEAR,Clear,Drop,69.69%,0.0064,0.1308,0.6969,0.0036,0.1623,SUCCESS
CLEAR_MATCH23_SHOT0256_HITFRAME00060261.mp4,CLEAR,Clear,Drive,83.74%,0.0122,0.8374,0.1131,0.0192,0.0181,SUCCESS
CLEAR_MATCH23_SHOT0260_HITFRAME00061307.mp4,CLEAR,Clear,Drop,95.63%,0.0047,0.0013,0.9563,0.0003,0.0375,SUCCESS
CLEAR_MATCH23_SHOT0269_HITFRAME00061891.mp4,CLEAR,Clear,Drop,95.76%,0.0013,0.0153,0.9576,0.0007,0.0250,SUCCESS
CLEAR_MATCH23_SHOT0275_HITFRAME00062190.mp4,CLEAR,Clear,Drive,91.83%,0.0049,0.9183,0.0332,0.0199,0.0236,SUCCESS
CLEAR_MATCH23_SHOT0277_HITFRAME00062340.mp4,CLEAR,Clear,Drop,47.62%,0.0221,0.4165,0.4762,0.0294,0.0559,SUCCESS
CLEAR_MATCH23_SHOT0288_HITFRAME00065350.mp4,CLEAR,Clear,Drop,51.56%,0.0139,0.0473,0.5156,0.0123,0.4110,SUCCESS
CLEAR_MATCH23_SHOT0298_HITFRAME00067329.mp4,CLEAR,Clear,Drive,46.48%,0.0212,0.4648,0.1549,0.0459,0.3132,SUCCESS
CLEAR_MATCH23_SHOT0300_HITFRAME00067471.mp4,CLEAR,Clear,Drive,99.89%,0.0001,0.9989,0.0004,0.0003,0.0002,SUCCESS
CLEAR_MATCH23_SHOT0309_HITFRAME00068635.mp4,CLEAR,Clear,Drive,72.85%,0.0062,0.7285,0.2444,0.0105,0.0104,SUCCESS
CLEAR_MATCH23_SHOT0314_HITFRAME00069471.mp4,CLEAR,Clear,Drop,94.96%,0.0177,0.0116,0.9496,0.0013,0.0198,SUCCESS
CLEAR_MATCH23_SHOT0319_HITFRAME00071798.mp4,CLEAR,Clear,Drive,94.28%,0.0028,0.9428,0.0390,0.0020,0.0134,SUCCESS
CLEAR_MATCH23_SHOT0325_HITFRAME00072066.mp4,CLEAR,Clear,Drop,94.25%,0.0115,0.0265,0.9425,0.0017,0.0178,SUCCESS
CLEAR_MATCH23_SHOT0326_HITFRAME00072103.mp4,CLEAR,Clear,Drop,36.81%,0.0318,0.1984,0.3681,0.0395,0.3620,SUCCESS
CLEAR_MATCH23_SHOT0327_HITFRAME00072151.mp4,CLEAR,Clear,Drop,95.63%,0.0142,0.0060,0.9563,0.0008,0.0226,SUCCESS
CLEAR_MATCH23_SHOT0328_HITFRAME00072184.mp4,CLEAR,Clear,Drive,56.32%,0.3048,0.5632,0.0565,0.0692,0.0063,SUCCESS
CLEAR_MATCH23_SHOT0341_HITFRAME00074288.mp4,CLEAR,Clear,Smash,97.96%,0.0002,0.0049,0.0147,0.0006,0.9796,SUCCESS
CLEAR_MATCH23_SHOT0342_HITFRAME00074323.mp4,CLEAR,Clear,Drop,93.60%,0.0236,0.0129,0.9360,0.0011,0.0263,SUCCESS
CLEAR_MATCH23_SHOT0343_HITFRAME00074358.mp4,CLEAR,Clear,Drop,64.37%,0.0632,0.0295,0.6437,0.0122,0.2514,SUCCESS
CLEAR_MATCH23_SHOT0346_HITFRAME00074492.mp4,CLEAR,Clear,Drop,96.11%,0.0037,0.0169,0.9611,0.0012,0.0171,SUCCESS
CLEAR_MATCH23_SHOT0354_HITFRAME00078826.mp4,CLEAR,Clear,Drive,98.37%,0.0010,0.9837,0.0080,0.0031,0.0041,SUCCESS
CLEAR_MATCH23_SHOT0365_HITFRAME00081910.mp4,CLEAR,Clear,Drop,41.83%,0.0244,0.3495,0.4183,0.0103,0.1975,SUCCESS
CLEAR_MATCH23_SHOT0366_HITFRAME00081944.mp4,CLEAR,Clear,Drop,60.26%,0.0595,0.1087,0.6026,0.0121,0.2172,SUCCESS
CLEAR_MATCH23_SHOT0385_HITFRAME00087048.mp4,CLEAR,Clear,Drop,62.27%,0.0014,0.0020,0.6227,0.0005,0.3734,SUCCESS
CLEAR_MATCH23_SHOT0398_HITFRAME00088654.mp4,CLEAR,Clear,Drop,66.06%,0.0023,0.0035,0.6606,0.0011,0.3325,SUCCESS
CLEAR_MATCH23_SHOT0399_HITFRAME00089198.mp4,CLEAR,Clear,Drop,87.65%,0.0040,0.0130,0.8765,0.0008,0.1057,SUCCESS
CLEAR_MATCH23_SHOT0400_HITFRAME00089708.mp4,CLEAR,Clear,Drive,99.47%,0.0003,0.9947,0.0018,0.0024,0.0007,SUCCESS
CLEAR_MATCH24_SHOT0019_HITFRAME00014568.mp4,CLEAR,Clear,Drop,93.77%,0.0014,0.0008,0.9377,0.0001,0.0600,SUCCESS
CLEAR_MATCH24_SHOT0020_HITFRAME00014741.mp4,CLEAR,Clear,Drive,99.89%,0.0001,0.9989,0.0004,0.0004,0.0002,SUCCESS
CLEAR_MATCH24_SHOT0021_HITFRAME00014814.mp4,CLEAR,Clear,Drive,85.98%,0.0050,0.8598,0.0783,0.0412,0.0157,SUCCESS
CLEAR_MATCH24_SHOT0022_HITFRAME00014849.mp4,CLEAR,Clear,Drop,92.92%,0.0016,0.0009,0.9292,0.0001,0.0682,SUCCESS
CLEAR_MATCH24_SHOT0023_HITFRAME00014887.mp4,CLEAR,Clear,Drop,96.50%,0.0064,0.0021,0.9650,0.0002,0.0263,SUCCESS
CLEAR_MATCH24_SHOT0029_HITFRAME00015325.mp4,CLEAR,Clear,Drop,92.23%,0.0057,0.0019,0.9223,0.0003,0.0698,SUCCESS
CLEAR_MATCH24_SHOT0030_HITFRAME00015365.mp4,CLEAR,Clear,Drop,54.42%,0.0162,0.1195,0.5442,0.0093,0.3108,SUCCESS
CLEAR_MATCH24_SHOT0033_HITFRAME00016548.mp4,CLEAR,Clear,Drop,85.76%,0.0028,0.0008,0.8576,0.0002,0.1386,SUCCESS
CLEAR_MATCH24_SHOT0041_HITFRAME00019402.mp4,CLEAR,Clear,Drop,96.36%,0.0055,0.0010,0.9636,0.0001,0.0297,SUCCESS
CLEAR_MATCH24_SHOT0045_HITFRAME00020849.mp4,CLEAR,Clear,Drop,92.76%,0.0014,0.0010,0.9276,0.0001,0.0699,SUCCESS
CLEAR_MATCH24_SHOT0046_HITFRAME00020882.mp4,CLEAR,Clear,Drop,71.56%,0.2607,0.0165,0.7156,0.0010,0.0063,SUCCESS
CLEAR_MATCH24_SHOT0049_HITFRAME00022140.mp4,CLEAR,Clear,Drop,51.69%,0.0065,0.2207,0.5169,0.0029,0.2531,SUCCESS
CLEAR_MATCH24_SHOT0056_HITFRAME00023256.mp4,CLEAR,Clear,Drive,78.35%,0.0216,0.7835,0.1534,0.0193,0.0223,SUCCESS
CLEAR_MATCH24_SHOT0058_HITFRAME00024036.mp4,CLEAR,Clear,Drop,95.68%,0.0027,0.0008,0.9568,0.0001,0.0396,SUCCESS
CLEAR_MATCH24_SHOT0064_HITFRAME00026418.mp4,CLEAR,Clear,Drop,98.20%,0.0094,0.0026,0.9820,0.0002,0.0058,SUCCESS
CLEAR_MATCH24_SHOT0070_HITFRAME00029124.mp4,CLEAR,Clear,Drop,96.92%,0.0047,0.0043,0.9692,0.0003,0.0214,SUCCESS
CLEAR_MATCH24_SHOT0074_HITFRAME00029407.mp4,CLEAR,Clear,Drop,98.10%,0.0042,0.0022,0.9810,0.0002,0.0124,SUCCESS
CLEAR_MATCH24_SHOT0079_HITFRAME00029679.mp4,CLEAR,Clear,Drop,65.88%,0.0508,0.1512,0.6588,0.0191,0.1202,SUCCESS
CLEAR_MATCH24_SHOT0086_HITFRAME00032084.mp4,CLEAR,Clear,Drop,96.38%,0.0221,0.0024,0.9638,0.0002,0.0114,SUCCESS
CLEAR_MATCH24_SHOT0087_HITFRAME00032129.mp4,CLEAR,Clear,Smash,58.13%,0.0044,0.0264,0.3846,0.0034,0.5813,SUCCESS
CLEAR_MATCH24_SHOT0090_HITFRAME00032294.mp4,CLEAR,Clear,Drop,92.49%,0.0057,0.0037,0.9249,0.0005,0.0652,SUCCESS
CLEAR_MATCH24_SHOT0093_HITFRAME00032455.mp4,CLEAR,Clear,Drop,46.00%,0.3556,0.1189,0.4600,0.0193,0.0462,SUCCESS
CLEAR_MATCH24_SHOT0097_HITFRAME00032616.mp4,CLEAR,Clear,Drop,95.92%,0.0131,0.0206,0.9592,0.0008,0.0063,SUCCESS
CLEAR_MATCH24_SHOT0098_HITFRAME00032650.mp4,CLEAR,Clear,Drop,84.74%,0.0036,0.0099,0.8474,0.0015,0.1376,SUCCESS
CLEAR_MATCH24_SHOT0105_HITFRAME00037704.mp4,CLEAR,Clear,Drop,96.00%,0.0022,0.0018,0.9600,0.0002,0.0358,SUCCESS
CLEAR_MATCH24_SHOT0113_HITFRAME00040525.mp4,CLEAR,Clear,Drop,97.53%,0.0028,0.0020,0.9753,0.0002,0.0197,SUCCESS
CLEAR_MATCH24_SHOT0119_HITFRAME00042794.mp4,CLEAR,Clear,Drop,93.10%,0.0029,0.0022,0.9310,0.0003,0.0636,SUCCESS
CLEAR_MATCH24_SHOT0122_HITFRAME00042998.mp4,CLEAR,Clear,Drop,87.66%,0.0040,0.0160,0.8766,0.0012,0.1021,SUCCESS
CLEAR_MATCH24_SHOT0127_HITFRAME00043304.mp4,CLEAR,Clear,Drop,95.62%,0.0212,0.0044,0.9562,0.0003,0.0179,SUCCESS
CLEAR_MATCH24_SHOT0128_HITFRAME00043348.mp4,CLEAR,Clear,Drop,92.96%,0.0088,0.0202,0.9296,0.0015,0.0399,SUCCESS
CLEAR_MATCH24_SHOT0129_HITFRAME00043387.mp4,CLEAR,Clear,Drop,97.59%,0.0098,0.0029,0.9759,0.0002,0.0113,SUCCESS
CLEAR_MATCH24_SHOT0135_HITFRAME00046405.mp4,CLEAR,Clear,Drive,99.84%,0.0001,0.9984,0.0007,0.0004,0.0004,SUCCESS
CLEAR_MATCH24_SHOT0139_HITFRAME00046669.mp4,CLEAR,Clear,Drop,98.53%,0.0016,0.0023,0.9853,0.0002,0.0107,SUCCESS
CLEAR_MATCH24_SHOT0142_HITFRAME00047662.mp4,CLEAR,Clear,Drop,86.03%,0.0058,0.0304,0.8603,0.0026,0.1010,SUCCESS
CLEAR_MATCH24_SHOT0143_HITFRAME00048420.mp4,CLEAR,Clear,Drop,78.15%,0.0009,0.0009,0.7815,0.0002,0.2165,SUCCESS
CLEAR_MATCH24_SHOT0145_HITFRAME00048551.mp4,CLEAR,Clear,Drop,97.48%,0.0060,0.0016,0.9748,0.0002,0.0175,SUCCESS
CLEAR_MATCH24_SHOT0146_HITFRAME00048586.mp4,CLEAR,Clear,Drop,49.80%,0.0050,0.0216,0.4980,0.0023,0.4730,SUCCESS
CLEAR_MATCH24_SHOT0156_HITFRAME00056957.mp4,CLEAR,Clear,Drive,42.91%,0.0563,0.4291,0.3566,0.0619,0.0961,SUCCESS
CLEAR_MATCH24_SHOT0165_HITFRAME00057291.mp4,CLEAR,Clear,Drive,99.87%,0.0001,0.9987,0.0005,0.0005,0.0003,SUCCESS
CLEAR_MATCH24_SHOT0166_HITFRAME00057325.mp4,CLEAR,Clear,Drop,97.64%,0.0056,0.0064,0.9764,0.0003,0.0114,SUCCESS
CLEAR_MATCH24_SHOT0173_HITFRAME00058519.mp4,CLEAR,Clear,Drop,83.66%,0.0014,0.0050,0.8366,0.0005,0.1564,SUCCESS
CLEAR_MATCH24_SHOT0174_HITFRAME00058550.mp4,CLEAR,Clear,Drop,94.89%,0.0030,0.0023,0.9489,0.0002,0.0455,SUCCESS
CLEAR_MATCH24_SHOT0175_HITFRAME00058589.mp4,CLEAR,Clear,Drop,54.95%,0.0047,0.0821,0.5495,0.0035,0.3602,SUCCESS
CLEAR_MATCH24_SHOT0176_HITFRAME00058633.mp4,CLEAR,Clear,Drop,76.59%,0.0804,0.0628,0.7659,0.0129,0.0779,SUCCESS
CLEAR_MATCH24_SHOT0177_HITFRAME00058676.mp4,CLEAR,Clear,Drop,56.77%,0.0008,0.0030,0.5677,0.0005,0.4279,SUCCESS
CLEAR_MATCH24_SHOT0183_HITFRAME00059962.mp4,CLEAR,Clear,Drop,87.90%,0.0808,0.0148,0.8790,0.0018,0.0236,SUCCESS
CLEAR_MATCH24_SHOT0184_HITFRAME00060005.mp4,CLEAR,Clear,Drop,94.66%,0.0021,0.0054,0.9466,0.0006,0.0453,SUCCESS
CLEAR_MATCH24_SHOT0192_HITFRAME00063360.mp4,CLEAR,Clear,Drop,98.79%,0.0046,0.0025,0.9879,0.0001,0.0050,SUCCESS
CLEAR_MATCH24_SHOT0205_HITFRAME00069817.mp4,CLEAR,Clear,Drop,85.23%,0.0078,0.0210,0.8523,0.0014,0.1175,SUCCESS
CLEAR_MATCH24_SHOT0210_HITFRAME00071690.mp4,CLEAR,Clear,Drop,93.54%,0.0091,0.0337,0.9354,0.0005,0.0213,SUCCESS
CLEAR_MATCH24_SHOT0216_HITFRAME00072566.mp4,CLEAR,Clear,Drive,62.37%,0.1977,0.6237,0.0916,0.0494,0.0375,SUCCESS
CLEAR_MATCH24_SHOT0218_HITFRAME00073788.mp4,CLEAR,Clear,Drop,88.65%,0.0158,0.0148,0.8865,0.0037,0.0792,SUCCESS
CLEAR_MATCH24_SHOT0219_HITFRAME00073860.mp4,CLEAR,Clear,Drive,93.45%,0.0017,0.9345,0.0600,0.0022,0.0016,SUCCESS
CLEAR_MATCH24_SHOT0223_HITFRAME00074297.mp4,CLEAR,Clear,Smash,54.62%,0.0059,0.3060,0.1028,0.0390,0.5462,SUCCESS
CLEAR_MATCH24_SHOT0231_HITFRAME00077923.mp4,CLEAR,Clear,Drop,97.83%,0.0039,0.0011,0.9783,0.0001,0.0165,SUCCESS
CLEAR_MATCH24_SHOT0239_HITFRAME00078425.mp4,CLEAR,Clear,Drive,81.83%,0.0180,0.8183,0.1369,0.0076,0.0192,SUCCESS
CLEAR_MATCH24_SHOT0245_HITFRAME00078776.mp4,CLEAR,Clear,Smash,50.13%,0.0118,0.0447,0.4311,0.0112,0.5013,SUCCESS
CLEAR_MATCH24_SHOT0257_HITFRAME00084606.mp4,CLEAR,Clear,Drop,82.04%,0.0135,0.1238,0.8204,0.0075,0.0347,SUCCESS
CLEAR_MATCH24_SHOT0280_HITFRAME00090302.mp4,CLEAR,Clear,Drop,92.52%,0.0035,0.0020,0.9252,0.0005,0.0687,SUCCESS
CLEAR_MATCH24_SHOT0285_HITFRAME00093579.mp4,CLEAR,Clear,Drive,99.74%,0.0002,0.9974,0.0010,0.0011,0.0003,SUCCESS
CLEAR_MATCH24_SHOT0288_HITFRAME00094434.mp4,CLEAR,Clear,Drop,88.33%,0.0339,0.0337,0.8833,0.0058,0.0433,SUCCESS
CLEAR_MATCH24_SHOT0294_HITFRAME00094823.mp4,CLEAR,Clear,Drive,86.43%,0.0036,0.8643,0.1142,0.0089,0.0089,SUCCESS
CLEAR_MATCH24_SHOT0297_HITFRAME00094965.mp4,CLEAR,Clear,Drop,96.10%,0.0066,0.0024,0.9610,0.0003,0.0297,SUCCESS
CLEAR_MATCH24_SHOT0312_HITFRAME00100896.mp4,CLEAR,Clear,Drop,88.84%,0.0012,0.0027,0.8884,0.0003,0.1074,SUCCESS
CLEAR_MATCH24_SHOT0313_HITFRAME00100933.mp4,CLEAR,Clear,Drop,85.55%,0.0364,0.0515,0.8555,0.0063,0.0503,SUCCESS
CLEAR_MATCH24_SHOT0316_HITFRAME00101077.mp4,CLEAR,Clear,Drop,83.63%,0.0025,0.1027,0.8363,0.0016,0.0569,SUCCESS
CLEAR_MATCH24_SHOT0333_HITFRAME00110838.mp4,CLEAR,Clear,Drop,57.31%,0.0016,0.0015,0.5731,0.0004,0.4235,SUCCESS
CLEAR_MATCH24_SHOT0343_HITFRAME00113799.mp4,CLEAR,Clear,Drop,96.15%,0.0016,0.0020,0.9615,0.0002,0.0348,SUCCESS
CLEAR_MATCH24_SHOT0347_HITFRAME00114941.mp4,CLEAR,Clear,Drop,82.42%,0.0013,0.0011,0.8242,0.0002,0.1732,SUCCESS
CLEAR_MATCH24_SHOT0365_HITFRAME00118539.mp4,CLEAR,Clear,Drop,81.11%,0.0039,0.1670,0.8111,0.0012,0.0169,SUCCESS
CLEAR_MATCH24_SHOT0366_HITFRAME00118580.mp4,CLEAR,Clear,Drop,95.51%,0.0008,0.0012,0.9551,0.0002,0.0427,SUCCESS
CLEAR_MATCH24_SHOT0382_HITFRAME00122053.mp4,CLEAR,Clear,Drop,87.04%,0.0097,0.0419,0.8704,0.0015,0.0765,SUCCESS
CLEAR_MATCH24_SHOT0384_HITFRAME00122192.mp4,CLEAR,Clear,Drop,67.33%,0.0219,0.2331,0.6733,0.0115,0.0602,SUCCESS
CLEAR_MATCH24_SHOT0388_HITFRAME00123342.mp4,CLEAR,Clear,Drive,38.35%,0.0799,0.3835,0.3414,0.0376,0.1576,SUCCESS
CLEAR_MATCH24_SHOT0389_HITFRAME00123380.mp4,CLEAR,Clear,Drop,92.91%,0.0129,0.0486,0.9291,0.0026,0.0068,SUCCESS
CLEAR_MATCH24_SHOT0390_HITFRAME00124068.mp4,CLEAR,Clear,Drop,91.61%,0.0008,0.0023,0.9161,0.0003,0.0805,SUCCESS
CLEAR_MATCH24_SHOT0391_HITFRAME00124105.mp4,CLEAR,Clear,Drive,42.39%,0.4019,0.4239,0.0978,0.0644,0.0121,SUCCESS
CLEAR_MATCH24_SHOT0393_HITFRAME00124654.mp4,CLEAR,Clear,Drop,49.64%,0.0354,0.4441,0.4964,0.0096,0.0145,SUCCESS
CLEAR_MATCH24_SHOT0397_HITFRAME00125784.mp4,CLEAR,Clear,Smash,61.68%,0.0067,0.1310,0.2305,0.0150,0.6168,SUCCESS
CLEAR_MATCH24_SHOT0401_HITFRAME00126830.mp4,CLEAR,Clear,Drop,97.96%,0.0006,0.0023,0.9796,0.0002,0.0173,SUCCESS
CLEAR_MATCH24_SHOT0408_HITFRAME00128203.mp4,CLEAR,Clear,Drop,97.88%,0.0006,0.0019,0.9788,0.0002,0.0185,SUCCESS
CLEAR_MATCH24_SHOT0409_HITFRAME00128243.mp4,CLEAR,Clear,Drop,57.87%,0.1209,0.0686,0.5787,0.0237,0.2080,SUCCESS
CLEAR_MATCH24_SHOT0415_HITFRAME00128509.mp4,CLEAR,Clear,Drop,60.87%,0.0142,0.3500,0.6087,0.0027,0.0244,SUCCESS
CLEAR_MATCH24_SHOT0416_HITFRAME00128550.mp4,CLEAR,Clear,Drop,92.21%,0.0021,0.0043,0.9221,0.0005,0.0710,SUCCESS
CLEAR_MATCH24_SHOT0417_HITFRAME00128583.mp4,CLEAR,Clear,Drive,48.66%,0.0244,0.4866,0.4663,0.0043,0.0183,SUCCESS
CLEAR_MATCH25_SHOT0001_HITFRAME00012520.mp4,CLEAR,Clear,Smash,85.49%,0.0039,0.0355,0.1019,0.0039,0.8549,SUCCESS
CLEAR_MATCH25_SHOT0002_HITFRAME00012552.mp4,CLEAR,Clear,Smash,60.53%,0.0165,0.1747,0.1890,0.0145,0.6053,SUCCESS
CLEAR_MATCH25_SHOT0004_HITFRAME00013036.mp4,CLEAR,Clear,Drive,99.69%,0.0002,0.9969,0.0010,0.0012,0.0007,SUCCESS
CLEAR_MATCH25_SHOT0005_HITFRAME00013614.mp4,CLEAR,Clear,Drop,50.03%,0.0064,0.0038,0.5003,0.0022,0.4874,SUCCESS
CLEAR_MATCH25_SHOT0007_HITFRAME00013711.mp4,CLEAR,Clear,Smash,82.72%,0.0008,0.1550,0.0150,0.0020,0.8272,SUCCESS
CLEAR_MATCH25_SHOT0010_HITFRAME00013829.mp4,CLEAR,Clear,Smash,94.26%,0.0003,0.0012,0.0556,0.0003,0.9426,SUCCESS
CLEAR_MATCH25_SHOT0011_HITFRAME00013853.mp4,CLEAR,Clear,Drive,82.88%,0.0165,0.8288,0.0569,0.0185,0.0793,SUCCESS
CLEAR_MATCH25_SHOT0014_HITFRAME00015202.mp4,CLEAR,Clear,Drop,65.93%,0.0321,0.0546,0.6593,0.0131,0.2408,SUCCESS
CLEAR_MATCH25_SHOT0022_HITFRAME00017977.mp4,CLEAR,Clear,Smash,70.13%,0.0034,0.0040,0.2896,0.0018,0.7013,SUCCESS
CLEAR_MATCH25_SHOT0029_HITFRAME00019639.mp4,CLEAR,Clear,Drop,86.61%,0.0400,0.0216,0.8661,0.0058,0.0664,SUCCESS
CLEAR_MATCH25_SHOT0030_HITFRAME00019662.mp4,CLEAR,Clear,Smash,89.39%,0.0019,0.0727,0.0279,0.0036,0.8939,SUCCESS
CLEAR_MATCH25_SHOT0031_HITFRAME00019700.mp4,CLEAR,Clear,Drop,61.42%,0.0527,0.0992,0.6142,0.0337,0.2003,SUCCESS
CLEAR_MATCH25_SHOT0032_HITFRAME00019728.mp4,CLEAR,Clear,Smash,50.45%,0.0081,0.4194,0.0526,0.0153,0.5045,SUCCESS
CLEAR_MATCH25_SHOT0041_HITFRAME00023406.mp4,CLEAR,Clear,Smash,48.96%,0.0009,0.4829,0.0245,0.0021,0.4896,SUCCESS
CLEAR_MATCH25_SHOT0042_HITFRAME00023442.mp4,CLEAR,Clear,Smash,95.97%,0.0007,0.0108,0.0274,0.0013,0.9597,SUCCESS
CLEAR_MATCH25_SHOT0046_HITFRAME00023599.mp4,CLEAR,Clear,Smash,95.97%,0.0006,0.0029,0.0360,0.0008,0.9597,SUCCESS
CLEAR_MATCH25_SHOT0051_HITFRAME00025513.mp4,CLEAR,Clear,Smash,63.82%,0.0229,0.0386,0.2906,0.0098,0.6382,SUCCESS
CLEAR_MATCH25_SHOT0052_HITFRAME00027433.mp4,CLEAR,Clear,Drive,92.68%,0.0007,0.9268,0.0179,0.0020,0.0526,SUCCESS
CLEAR_MATCH25_SHOT0053_HITFRAME00027458.mp4,CLEAR,Clear,Smash,79.53%,0.0031,0.0141,0.1842,0.0033,0.7953,SUCCESS
CLEAR_MATCH25_SHOT0054_HITFRAME00027565.mp4,CLEAR,Clear,Smash,83.28%,0.0026,0.0361,0.1251,0.0033,0.8328,SUCCESS
CLEAR_MATCH25_SHOT0060_HITFRAME00029705.mp4,CLEAR,Clear,Drive,41.27%,0.0533,0.4127,0.3445,0.0211,0.1684,SUCCESS
CLEAR_MATCH25_SHOT0062_HITFRAME00032495.mp4,CLEAR,Clear,Smash,99.13%,0.0001,0.0011,0.0073,0.0001,0.9913,SUCCESS
CLEAR_MATCH25_SHOT0063_HITFRAME00032522.mp4,CLEAR,Clear,Drop,46.61%,0.1586,0.2554,0.4661,0.0631,0.0567,SUCCESS
CLEAR_MATCH25_SHOT0069_HITFRAME00032786.mp4,CLEAR,Clear,Smash,76.70%,0.0108,0.0317,0.1791,0.0115,0.7670,SUCCESS
CLEAR_MATCH25_SHOT0076_HITFRAME00033973.mp4,CLEAR,Clear,Smash,99.33%,0.0001,0.0020,0.0045,0.0002,0.9933,SUCCESS
CLEAR_MATCH25_SHOT0080_HITFRAME00034267.mp4,CLEAR,Clear,Smash,50.31%,0.0078,0.0214,0.4580,0.0098,0.5031,SUCCESS
CLEAR_MATCH25_SHOT0081_HITFRAME00034293.mp4,CLEAR,Clear,Smash,55.41%,0.0178,0.0408,0.3816,0.0058,0.5541,SUCCESS
CLEAR_MATCH25_SHOT0096_HITFRAME00037206.mp4,CLEAR,Clear,Smash,61.64%,0.0244,0.0478,0.3005,0.0109,0.6164,SUCCESS
CLEAR_MATCH25_SHOT0099_HITFRAME00037334.mp4,CLEAR,Clear,Drop,48.32%,0.0076,0.0948,0.4832,0.0142,0.4001,SUCCESS
CLEAR_MATCH25_SHOT0101_HITFRAME00037476.mp4,CLEAR,Clear,Drive,33.95%,0.0071,0.3395,0.1010,0.2615,0.2908,SUCCESS
CLEAR_MATCH25_SHOT0102_HITFRAME00038874.mp4,CLEAR,Clear,Smash,45.97%,0.0129,0.0632,0.4543,0.0099,0.4597,SUCCESS
CLEAR_MATCH25_SHOT0116_HITFRAME00046061.mp4,CLEAR,Clear,Smash,86.63%,0.0004,0.1213,0.0108,0.0012,0.8663,SUCCESS
CLEAR_MATCH25_SHOT0117_HITFRAME00046087.mp4,CLEAR,Clear,Drive,93.35%,0.0152,0.9335,0.0268,0.0115,0.0129,SUCCESS
CLEAR_MATCH25_SHOT0118_HITFRAME00046134.mp4,CLEAR,Clear,Smash,86.27%,0.0055,0.0586,0.0673,0.0060,0.8627,SUCCESS
CLEAR_MATCH25_SHOT0122_HITFRAME00048048.mp4,CLEAR,Clear,Smash,96.18%,0.0007,0.0176,0.0185,0.0014,0.9618,SUCCESS
CLEAR_MATCH25_SHOT0125_HITFRAME00048737.mp4,CLEAR,Clear,Smash,96.12%,0.0009,0.0060,0.0308,0.0011,0.9612,SUCCESS
CLEAR_MATCH25_SHOT0128_HITFRAME00050329.mp4,CLEAR,Clear,Smash,40.71%,0.0439,0.1569,0.3698,0.0224,0.4071,SUCCESS
CLEAR_MATCH25_SHOT0130_HITFRAME00051745.mp4,CLEAR,Clear,Drive,98.57%,0.0005,0.9857,0.0022,0.0016,0.0101,SUCCESS
CLEAR_MATCH25_SHOT0142_HITFRAME00059479.mp4,CLEAR,Clear,Drop,49.17%,0.0052,0.0722,0.4917,0.0033,0.4277,SUCCESS
CLEAR_MATCH25_SHOT0147_HITFRAME00061336.mp4,CLEAR,Clear,Drive,61.13%,0.2749,0.6113,0.0663,0.0317,0.0159,SUCCESS
CLEAR_MATCH25_SHOT0157_HITFRAME00065390.mp4,CLEAR,Clear,Drive,99.74%,0.0002,0.9974,0.0008,0.0010,0.0006,SUCCESS
CLEAR_MATCH25_SHOT0184_HITFRAME00076656.mp4,CLEAR,Clear,Smash,97.71%,0.0002,0.0026,0.0195,0.0005,0.9771,SUCCESS
CLEAR_MATCH25_SHOT0195_HITFRAME00081895.mp4,CLEAR,Clear,Smash,84.24%,0.0019,0.0802,0.0661,0.0096,0.8424,SUCCESS
CLEAR_MATCH25_SHOT0197_HITFRAME00082709.mp4,CLEAR,Clear,Drop,77.43%,0.0095,0.0063,0.7743,0.0017,0.2082,SUCCESS
CLEAR_MATCH25_SHOT0204_HITFRAME00085729.mp4,CLEAR,Clear,Drop,83.81%,0.0090,0.0357,0.8381,0.0047,0.1126,SUCCESS
CLEAR_MATCH25_SHOT0208_HITFRAME00087388.mp4,CLEAR,Clear,Smash,65.05%,0.0072,0.1298,0.1889,0.0236,0.6505,SUCCESS
CLEAR_MATCH25_SHOT0220_HITFRAME00089543.mp4,CLEAR,Clear,Drop,65.03%,0.0164,0.0330,0.6503,0.0035,0.2968,SUCCESS
CLEAR_MATCH25_SHOT0222_HITFRAME00090434.mp4,CLEAR,Clear,Smash,77.15%,0.0011,0.1473,0.0389,0.0412,0.7715,SUCCESS
CLEAR_MATCH25_SHOT0226_HITFRAME00091593.mp4,CLEAR,Clear,Drop,85.68%,0.0123,0.0257,0.8568,0.0033,0.1018,SUCCESS
CLEAR_MATCH28_SHOT0012_HITFRAME00012735.mp4,CLEAR,Clear,Drop,97.02%,0.0020,0.0089,0.9702,0.0008,0.0182,SUCCESS
CLEAR_MATCH28_SHOT0024_HITFRAME00013888.mp4,CLEAR,Clear,Drop,98.98%,0.0007,0.0032,0.9898,0.0002,0.0062,SUCCESS
CLEAR_MATCH28_SHOT0041_HITFRAME00018031.mp4,CLEAR,Clear,Drop,97.10%,0.0009,0.0104,0.9710,0.0003,0.0174,SUCCESS
CLEAR_MATCH28_SHOT0084_HITFRAME00027323.mp4,CLEAR,Clear,Drop,51.98%,0.0152,0.3569,0.5198,0.0104,0.0976,SUCCESS
CLEAR_MATCH28_SHOT0108_HITFRAME00033087.mp4,CLEAR,Clear,Drop,99.04%,0.0007,0.0027,0.9904,0.0002,0.0060,SUCCESS
CLEAR_MATCH28_SHOT0112_HITFRAME00033290.mp4,CLEAR,Clear,Drive,99.82%,0.0001,0.9982,0.0008,0.0005,0.0005,SUCCESS
CLEAR_MATCH28_SHOT0132_HITFRAME00039500.mp4,CLEAR,Clear,Drop,89.64%,0.0012,0.0009,0.8964,0.0002,0.1013,SUCCESS
CLEAR_MATCH28_SHOT0149_HITFRAME00042582.mp4,CLEAR,Clear,Drive,99.83%,0.0001,0.9983,0.0007,0.0005,0.0004,SUCCESS
CLEAR_MATCH28_SHOT0150_HITFRAME00042619.mp4,CLEAR,Clear,Drop,94.85%,0.0031,0.0017,0.9485,0.0002,0.0465,SUCCESS
CLEAR_MATCH28_SHOT0152_HITFRAME00042738.mp4,CLEAR,Clear,Drive,73.04%,0.0098,0.7304,0.2344,0.0135,0.0118,SUCCESS
CLEAR_MATCH28_SHOT0160_HITFRAME00043305.mp4,CLEAR,Clear,Drop,89.05%,0.0146,0.0845,0.8905,0.0020,0.0084,SUCCESS
CLEAR_MATCH28_SHOT0186_HITFRAME00051546.mp4,CLEAR,Clear,Drop,63.10%,0.0037,0.0195,0.6310,0.0021,0.3438,SUCCESS
CLEAR_MATCH28_SHOT0203_HITFRAME00054529.mp4,CLEAR,Clear,Drive,68.56%,0.0030,0.6856,0.1650,0.0033,0.1430,SUCCESS
CLEAR_MATCH28_SHOT0223_HITFRAME00058447.mp4,CLEAR,Clear,Drive,76.51%,0.0134,0.7651,0.1300,0.0213,0.0702,SUCCESS
CLEAR_MATCH28_SHOT0240_HITFRAME00062184.mp4,CLEAR,Clear,Smash,78.52%,0.0013,0.0340,0.1766,0.0029,0.7852,SUCCESS
CLEAR_MATCH28_SHOT0279_HITFRAME00068175.mp4,CLEAR,Clear,Drive,49.20%,0.0119,0.4920,0.3204,0.0226,0.1531,SUCCESS
CLEAR_MATCH28_SHOT0282_HITFRAME00068299.mp4,CLEAR,Clear,Drive,63.63%,0.0097,0.6363,0.2836,0.0228,0.0477,SUCCESS
CLEAR_MATCH28_SHOT0283_HITFRAME00068334.mp4,CLEAR,Clear,Drop,90.78%,0.0030,0.0229,0.9078,0.0011,0.0653,SUCCESS
CLEAR_MATCH28_SHOT0324_HITFRAME00079495.mp4,CLEAR,Clear,Smash,85.15%,0.0008,0.0422,0.1035,0.0020,0.8515,SUCCESS
CLEAR_MATCH28_SHOT0330_HITFRAME00080869.mp4,CLEAR,Clear,Drive,70.81%,0.0085,0.7081,0.1932,0.0381,0.0520,SUCCESS
CLEAR_MATCH28_SHOT0367_HITFRAME00087500.mp4,CLEAR,Clear,Drive,65.05%,0.0045,0.6505,0.2028,0.0041,0.1381,SUCCESS
CLEAR_MATCH28_SHOT0375_HITFRAME00089415.mp4,CLEAR,Clear,Drive,47.55%,0.0030,0.4755,0.2071,0.0039,0.3105,SUCCESS
CLEAR_MATCH28_SHOT0383_HITFRAME00090661.mp4,CLEAR,Clear,Drop,52.30%,0.0113,0.1674,0.5230,0.0252,0.2731,SUCCESS
CLEAR_MATCH29_SHOT0002_HITFRAME00010546.mp4,CLEAR,Clear,Drop,93.34%,0.0202,0.0287,0.9334,0.0012,0.0165,SUCCESS
CLEAR_MATCH29_SHOT0004_HITFRAME00011152.mp4,CLEAR,Clear,Drive,63.28%,0.0041,0.6328,0.0974,0.0052,0.2605,SUCCESS
CLEAR_MATCH29_SHOT0005_HITFRAME00011181.mp4,CLEAR,Clear,Drive,59.17%,0.0108,0.5917,0.3479,0.0318,0.0178,SUCCESS
CLEAR_MATCH29_SHOT0006_HITFRAME00011718.mp4,CLEAR,Clear,Drop,93.59%,0.0091,0.0192,0.9359,0.0020,0.0337,SUCCESS
CLEAR_MATCH29_SHOT0009_HITFRAME00011904.mp4,CLEAR,Clear,Smash,61.73%,0.0017,0.2968,0.0792,0.0050,0.6173,SUCCESS
CLEAR_MATCH29_SHOT0011_HITFRAME00012023.mp4,CLEAR,Clear,Drop,69.07%,0.0343,0.1784,0.6907,0.0404,0.0562,SUCCESS
CLEAR_MATCH29_SHOT0015_HITFRAME00012783.mp4,CLEAR,Clear,Drive,81.67%,0.0012,0.8167,0.0843,0.0009,0.0968,SUCCESS
CLEAR_MATCH29_SHOT0021_HITFRAME00014381.mp4,CLEAR,Clear,Drop,96.92%,0.0033,0.0066,0.9692,0.0003,0.0206,SUCCESS
CLEAR_MATCH29_SHOT0023_HITFRAME00014482.mp4,CLEAR,Clear,Drive,96.94%,0.0013,0.9694,0.0203,0.0063,0.0026,SUCCESS
CLEAR_MATCH29_SHOT0031_HITFRAME00017003.mp4,CLEAR,Clear,Drop,98.81%,0.0016,0.0023,0.9881,0.0002,0.0079,SUCCESS
CLEAR_MATCH29_SHOT0032_HITFRAME00017039.mp4,CLEAR,Clear,Drop,93.42%,0.0046,0.0268,0.9342,0.0015,0.0328,SUCCESS
CLEAR_MATCH29_SHOT0033_HITFRAME00017069.mp4,CLEAR,Clear,Drop,77.86%,0.0049,0.1988,0.7786,0.0025,0.0152,SUCCESS
CLEAR_MATCH29_SHOT0036_HITFRAME00017961.mp4,CLEAR,Clear,Drop,70.47%,0.0151,0.2462,0.7047,0.0053,0.0288,SUCCESS
CLEAR_MATCH29_SHOT0039_HITFRAME00019488.mp4,CLEAR,Clear,Smash,48.10%,0.0032,0.0352,0.4746,0.0059,0.4810,SUCCESS
CLEAR_MATCH29_SHOT0041_HITFRAME00019607.mp4,CLEAR,Clear,Drive,54.09%,0.0949,0.5409,0.3080,0.0404,0.0158,SUCCESS
CLEAR_MATCH29_SHOT0044_HITFRAME00020403.mp4,CLEAR,Clear,Drop,95.01%,0.0011,0.0101,0.9501,0.0004,0.0383,SUCCESS
CLEAR_MATCH29_SHOT0048_HITFRAME00020712.mp4,CLEAR,Clear,Drop,96.93%,0.0013,0.0012,0.9693,0.0001,0.0281,SUCCESS
CLEAR_MATCH29_SHOT0050_HITFRAME00022447.mp4,CLEAR,Clear,Drop,78.19%,0.0054,0.0508,0.7819,0.0060,0.1560,SUCCESS
CLEAR_MATCH29_SHOT0053_HITFRAME00023838.mp4,CLEAR,Clear,Drop,50.56%,0.0233,0.2362,0.5056,0.0450,0.1899,SUCCESS
CLEAR_MATCH29_SHOT0054_HITFRAME00023870.mp4,CLEAR,Clear,Smash,90.99%,0.0008,0.0045,0.0839,0.0009,0.9099,SUCCESS
CLEAR_MATCH29_SHOT0055_HITFRAME00023909.mp4,CLEAR,Clear,Drop,93.32%,0.0026,0.0066,0.9332,0.0006,0.0570,SUCCESS
CLEAR_MATCH29_SHOT0056_HITFRAME00023940.mp4,CLEAR,Clear,Smash,97.36%,0.0001,0.0059,0.0198,0.0005,0.9736,SUCCESS
CLEAR_MATCH29_SHOT0057_HITFRAME00023985.mp4,CLEAR,Clear,Drop,61.52%,0.0104,0.1542,0.6152,0.0190,0.2013,SUCCESS
CLEAR_MATCH29_SHOT0058_HITFRAME00024012.mp4,CLEAR,Clear,Drive,99.48%,0.0003,0.9948,0.0020,0.0019,0.0010,SUCCESS
CLEAR_MATCH29_SHOT0062_HITFRAME00027204.mp4,CLEAR,Clear,Drop,97.83%,0.0022,0.0052,0.9783,0.0006,0.0137,SUCCESS
CLEAR_MATCH29_SHOT0063_HITFRAME00027243.mp4,CLEAR,Clear,Smash,49.51%,0.0025,0.0440,0.4538,0.0046,0.4951,SUCCESS
CLEAR_MATCH29_SHOT0067_HITFRAME00027452.mp4,CLEAR,Clear,Drop,75.43%,0.0070,0.2033,0.7543,0.0012,0.0342,SUCCESS
CLEAR_MATCH29_SHOT0068_HITFRAME00027483.mp4,CLEAR,Clear,Drop,92.55%,0.0049,0.0401,0.9255,0.0010,0.0285,SUCCESS
CLEAR_MATCH29_SHOT0070_HITFRAME00027587.mp4,CLEAR,Clear,Drop,98.26%,0.0010,0.0023,0.9826,0.0002,0.0139,SUCCESS
CLEAR_MATCH29_SHOT0074_HITFRAME00029380.mp4,CLEAR,Clear,Drop,98.43%,0.0014,0.0023,0.9843,0.0002,0.0118,SUCCESS
CLEAR_MATCH29_SHOT0085_HITFRAME00031241.mp4,CLEAR,Clear,Drive,80.41%,0.0025,0.8041,0.1093,0.0040,0.0802,SUCCESS
CLEAR_MATCH29_SHOT0089_HITFRAME00031393.mp4,CLEAR,Clear,Drive,83.15%,0.0165,0.8315,0.0715,0.0634,0.0172,SUCCESS
CLEAR_MATCH29_SHOT0090_HITFRAME00031439.mp4,CLEAR,Clear,Drop,93.65%,0.0202,0.0054,0.9365,0.0012,0.0368,SUCCESS
CLEAR_MATCH29_SHOT0091_HITFRAME00031471.mp4,CLEAR,Clear,Drop,81.99%,0.0050,0.0211,0.8199,0.0038,0.1502,SUCCESS
CLEAR_MATCH29_SHOT0092_HITFRAME00031497.mp4,CLEAR,Clear,Drop,98.05%,0.0017,0.0126,0.9805,0.0003,0.0050,SUCCESS
CLEAR_MATCH29_SHOT0095_HITFRAME00032442.mp4,CLEAR,Clear,Drop,95.89%,0.0021,0.0077,0.9589,0.0005,0.0308,SUCCESS
CLEAR_MATCH29_SHOT0097_HITFRAME00032506.mp4,CLEAR,Clear,Drive,99.87%,0.0001,0.9987,0.0005,0.0005,0.0003,SUCCESS
CLEAR_MATCH29_SHOT0098_HITFRAME00032573.mp4,CLEAR,Clear,Drop,70.62%,0.0083,0.1059,0.7062,0.0093,0.1702,SUCCESS
CLEAR_MATCH29_SHOT0099_HITFRAME00032605.mp4,CLEAR,Clear,Drive,86.33%,0.0109,0.8633,0.0489,0.0467,0.0301,SUCCESS
CLEAR_MATCH29_SHOT0112_HITFRAME00035721.mp4,CLEAR,Clear,Smash,59.82%,0.0004,0.3771,0.0182,0.0061,0.5982,SUCCESS
CLEAR_MATCH29_SHOT0117_HITFRAME00037704.mp4,CLEAR,Clear,Drop,98.50%,0.0025,0.0050,0.9850,0.0003,0.0072,SUCCESS
CLEAR_MATCH29_SHOT0118_HITFRAME00037739.mp4,CLEAR,Clear,Drop,53.04%,0.0053,0.0348,0.5304,0.0096,0.4199,SUCCESS
CLEAR_MATCH29_SHOT0120_HITFRAME00038918.mp4,CLEAR,Clear,Drive,82.55%,0.0082,0.8255,0.1010,0.0465,0.0187,SUCCESS
CLEAR_MATCH29_SHOT0122_HITFRAME00039021.mp4,CLEAR,Clear,Drop,47.82%,0.0026,0.1748,0.4782,0.0027,0.3417,SUCCESS
CLEAR_MATCH29_SHOT0123_HITFRAME00039056.mp4,CLEAR,Clear,Drop,46.40%,0.0107,0.4227,0.4640,0.0215,0.0812,SUCCESS
CLEAR_MATCH29_SHOT0124_HITFRAME00039085.mp4,CLEAR,Clear,Drop,96.71%,0.0011,0.0038,0.9671,0.0003,0.0278,SUCCESS
CLEAR_MATCH29_SHOT0129_HITFRAME00039450.mp4,CLEAR,Clear,Drive,62.21%,0.0006,0.6221,0.0566,0.0031,0.3175,SUCCESS
CLEAR_MATCH29_SHOT0137_HITFRAME00041775.mp4,CLEAR,Clear,Drop,56.20%,0.0321,0.2413,0.5620,0.0310,0.1336,SUCCESS
CLEAR_MATCH29_SHOT0139_HITFRAME00042437.mp4,CLEAR,Clear,Drop,97.73%,0.0019,0.0062,0.9773,0.0003,0.0141,SUCCESS
CLEAR_MATCH29_SHOT0140_HITFRAME00042475.mp4,CLEAR,Clear,Drop,69.62%,0.0016,0.0080,0.6962,0.0011,0.2931,SUCCESS
CLEAR_MATCH29_SHOT0142_HITFRAME00043383.mp4,CLEAR,Clear,Drive,99.66%,0.0002,0.9966,0.0012,0.0009,0.0010,SUCCESS
CLEAR_MATCH29_SHOT0145_HITFRAME00043525.mp4,CLEAR,Clear,Drop,51.22%,0.0106,0.1699,0.5122,0.0450,0.2624,SUCCESS
CLEAR_MATCH29_SHOT0146_HITFRAME00043563.mp4,CLEAR,Clear,Drop,49.27%,0.0011,0.0430,0.4927,0.0015,0.4617,SUCCESS
CLEAR_MATCH29_SHOT0151_HITFRAME00045041.mp4,CLEAR,Clear,Drop,90.18%,0.0042,0.0719,0.9018,0.0013,0.0208,SUCCESS
CLEAR_MATCH29_SHOT0152_HITFRAME00045071.mp4,CLEAR,Clear,Drive,63.04%,0.0166,0.6304,0.2552,0.0389,0.0589,SUCCESS
CLEAR_MATCH29_SHOT0159_HITFRAME00050067.mp4,CLEAR,Clear,Drive,75.55%,0.0440,0.7555,0.1419,0.0306,0.0280,SUCCESS
CLEAR_MATCH29_SHOT0168_HITFRAME00051739.mp4,CLEAR,Clear,Drive,98.00%,0.0007,0.9800,0.0088,0.0023,0.0082,SUCCESS
CLEAR_MATCH29_SHOT0178_HITFRAME00053415.mp4,CLEAR,Clear,Drop,97.67%,0.0032,0.0102,0.9767,0.0002,0.0097,SUCCESS
CLEAR_MATCH29_SHOT0182_HITFRAME00054781.mp4,CLEAR,Clear,Drop,93.67%,0.0132,0.0320,0.9367,0.0023,0.0158,SUCCESS
CLEAR_MATCH29_SHOT0199_HITFRAME00057938.mp4,CLEAR,Clear,Drop,93.94%,0.0072,0.0190,0.9394,0.0014,0.0330,SUCCESS
CLEAR_MATCH29_SHOT0208_HITFRAME00059829.mp4,CLEAR,Clear,Drop,78.77%,0.0028,0.0552,0.7877,0.0016,0.1527,SUCCESS
CLEAR_MATCH29_SHOT0209_HITFRAME00059857.mp4,CLEAR,Clear,Smash,85.78%,0.0029,0.0168,0.1207,0.0018,0.8578,SUCCESS
CLEAR_MATCH29_SHOT0230_HITFRAME00065381.mp4,CLEAR,Clear,Drop,95.87%,0.0091,0.0242,0.9587,0.0009,0.0072,SUCCESS
CLEAR_MATCH29_SHOT0241_HITFRAME00067563.mp4,CLEAR,Clear,Drop,89.99%,0.0072,0.0583,0.8999,0.0017,0.0328,SUCCESS
CLEAR_MATCH29_SHOT0244_HITFRAME00068992.mp4,CLEAR,Clear,Drop,60.78%,0.0053,0.1012,0.6078,0.0172,0.2686,SUCCESS
CLEAR_MATCH29_SHOT0252_HITFRAME00070266.mp4,CLEAR,Clear,Drive,72.87%,0.0025,0.7287,0.0489,0.2017,0.0181,SUCCESS
CLEAR_MATCH29_SHOT0257_HITFRAME00072252.mp4,CLEAR,Clear,Drop,81.48%,0.0061,0.0249,0.8148,0.0065,0.1476,SUCCESS
CLEAR_MATCH29_SHOT0280_HITFRAME00075167.mp4,CLEAR,Clear,Smash,61.40%,0.0014,0.3542,0.0272,0.0033,0.6140,SUCCESS
CLEAR_MATCH29_SHOT0281_HITFRAME00075189.mp4,CLEAR,Clear,Drive,85.63%,0.0087,0.8563,0.1115,0.0132,0.0104,SUCCESS
CLEAR_MATCH29_SHOT0282_HITFRAME00075242.mp4,CLEAR,Clear,Drop,69.97%,0.0483,0.1434,0.6997,0.0167,0.0918,SUCCESS
CLEAR_MATCH29_SHOT0283_HITFRAME00075275.mp4,CLEAR,Clear,Drive,99.23%,0.0007,0.9923,0.0046,0.0015,0.0009,SUCCESS
CLEAR_MATCH29_SHOT0285_HITFRAME00075384.mp4,CLEAR,Clear,Drop,71.63%,0.0204,0.0935,0.7163,0.0204,0.1495,SUCCESS
CLEAR_MATCH29_SHOT0287_HITFRAME00076472.mp4,CLEAR,Clear,Drop,78.58%,0.0101,0.0340,0.7858,0.0132,0.1570,SUCCESS
CLEAR_MATCH29_SHOT0289_HITFRAME00076592.mp4,CLEAR,Clear,Drop,75.76%,0.0039,0.0096,0.7576,0.0059,0.2231,SUCCESS
CLEAR_MATCH29_SHOT0295_HITFRAME00078422.mp4,CLEAR,Clear,Drive,86.51%,0.0027,0.8651,0.1163,0.0015,0.0144,SUCCESS
CLEAR_MATCH29_SHOT0301_HITFRAME00079515.mp4,CLEAR,Clear,Drive,97.76%,0.0011,0.9776,0.0174,0.0012,0.0027,SUCCESS
CLEAR_MATCH29_SHOT0305_HITFRAME00079785.mp4,CLEAR,Clear,Drop,89.69%,0.0012,0.0021,0.8969,0.0002,0.0996,SUCCESS
CLEAR_MATCH29_SHOT0307_HITFRAME00079879.mp4,CLEAR,Clear,Drop,93.36%,0.0020,0.0039,0.9336,0.0007,0.0598,SUCCESS
CLEAR_MATCH29_SHOT0313_HITFRAME00080951.mp4,CLEAR,Clear,Drop,97.62%,0.0042,0.0040,0.9762,0.0004,0.0152,SUCCESS
CLEAR_MATCH29_SHOT0330_HITFRAME00083792.mp4,CLEAR,Clear,Drop,79.01%,0.0060,0.0264,0.7901,0.0072,0.1704,SUCCESS
CLEAR_MATCH29_SHOT0344_HITFRAME00087951.mp4,CLEAR,Clear,Drop,87.51%,0.0016,0.0047,0.8751,0.0004,0.1182,SUCCESS
CLEAR_MATCH30_SHOT0003_HITFRAME00012434.mp4,CLEAR,Clear,Drop,97.32%,0.0007,0.0022,0.9732,0.0002,0.0238,SUCCESS
CLEAR_MATCH30_SHOT0007_HITFRAME00013446.mp4,CLEAR,Clear,Drop,94.89%,0.0026,0.0292,0.9489,0.0007,0.0186,SUCCESS
CLEAR_MATCH30_SHOT0008_HITFRAME00013486.mp4,CLEAR,Clear,Drop,81.21%,0.0122,0.1214,0.8121,0.0048,0.0494,SUCCESS
CLEAR_MATCH30_SHOT0009_HITFRAME00013523.mp4,CLEAR,Clear,Drop,82.31%,0.0013,0.0075,0.8231,0.0008,0.1673,SUCCESS
CLEAR_MATCH30_SHOT0015_HITFRAME00014641.mp4,CLEAR,Clear,Drop,95.96%,0.0019,0.0114,0.9596,0.0009,0.0263,SUCCESS
CLEAR_MATCH30_SHOT0021_HITFRAME00015845.mp4,CLEAR,Clear,Drop,98.87%,0.0010,0.0034,0.9887,0.0002,0.0068,SUCCESS
CLEAR_MATCH30_SHOT0023_HITFRAME00015958.mp4,CLEAR,Clear,Drop,96.77%,0.0018,0.0133,0.9677,0.0007,0.0166,SUCCESS
CLEAR_MATCH30_SHOT0032_HITFRAME00019281.mp4,CLEAR,Clear,Drop,83.59%,0.0036,0.0356,0.8359,0.0025,0.1224,SUCCESS
CLEAR_MATCH30_SHOT0035_HITFRAME00019447.mp4,CLEAR,Clear,Drop,94.64%,0.0016,0.0045,0.9464,0.0005,0.0470,SUCCESS
CLEAR_MATCH30_SHOT0039_HITFRAME00019598.mp4,CLEAR,Clear,Drop,97.88%,0.0010,0.0138,0.9788,0.0006,0.0058,SUCCESS
CLEAR_MATCH30_SHOT0040_HITFRAME00019634.mp4,CLEAR,Clear,Drop,95.66%,0.0024,0.0088,0.9566,0.0007,0.0315,SUCCESS
CLEAR_MATCH30_SHOT0044_HITFRAME00021231.mp4,CLEAR,Clear,Drive,97.04%,0.0009,0.9704,0.0244,0.0009,0.0034,SUCCESS
CLEAR_MATCH30_SHOT0047_HITFRAME00022315.mp4,CLEAR,Clear,Drop,77.17%,0.0027,0.0369,0.7717,0.0020,0.1866,SUCCESS
CLEAR_MATCH30_SHOT0048_HITFRAME00022355.mp4,CLEAR,Clear,Drop,89.58%,0.0037,0.0016,0.8958,0.0003,0.0986,SUCCESS
CLEAR_MATCH30_SHOT0057_HITFRAME00025098.mp4,CLEAR,Clear,Drop,98.84%,0.0007,0.0046,0.9884,0.0003,0.0061,SUCCESS
CLEAR_MATCH30_SHOT0065_HITFRAME00027545.mp4,CLEAR,Clear,Drop,98.57%,0.0020,0.0034,0.9857,0.0004,0.0086,SUCCESS
CLEAR_MATCH30_SHOT0067_HITFRAME00030631.mp4,CLEAR,Clear,Drop,53.68%,0.0529,0.3779,0.5368,0.0227,0.0097,SUCCESS
CLEAR_MATCH30_SHOT0070_HITFRAME00031255.mp4,CLEAR,Clear,Drop,75.83%,0.0054,0.1082,0.7583,0.0098,0.1182,SUCCESS
CLEAR_MATCH30_SHOT0082_HITFRAME00033103.mp4,CLEAR,Clear,Drop,92.51%,0.0017,0.0236,0.9251,0.0010,0.0486,SUCCESS
CLEAR_MATCH30_SHOT0092_HITFRAME00035142.mp4,CLEAR,Clear,Drop,95.55%,0.0065,0.0291,0.9555,0.0013,0.0076,SUCCESS
CLEAR_MATCH30_SHOT0093_HITFRAME00036096.mp4,CLEAR,Clear,Drop,94.63%,0.0051,0.0171,0.9463,0.0018,0.0297,SUCCESS
CLEAR_MATCH30_SHOT0096_HITFRAME00036300.mp4,CLEAR,Clear,Drop,97.95%,0.0006,0.0052,0.9795,0.0003,0.0144,SUCCESS
CLEAR_MATCH30_SHOT0097_HITFRAME00036346.mp4,CLEAR,Clear,Drop,83.32%,0.0058,0.0893,0.8332,0.0072,0.0645,SUCCESS
CLEAR_MATCH30_SHOT0101_HITFRAME00037543.mp4,CLEAR,Clear,Drop,90.30%,0.0282,0.0509,0.9030,0.0071,0.0108,SUCCESS
CLEAR_MATCH30_SHOT0109_HITFRAME00039491.mp4,CLEAR,Clear,Drive,37.87%,0.0137,0.3787,0.3213,0.0764,0.2100,SUCCESS
CLEAR_MATCH30_SHOT0118_HITFRAME00041980.mp4,CLEAR,Clear,Drive,99.75%,0.0002,0.9975,0.0010,0.0010,0.0003,SUCCESS
CLEAR_MATCH30_SHOT0120_HITFRAME00043042.mp4,CLEAR,Clear,Drop,96.22%,0.0033,0.0269,0.9622,0.0013,0.0063,SUCCESS
CLEAR_MATCH30_SHOT0125_HITFRAME00043975.mp4,CLEAR,Clear,Drop,98.11%,0.0026,0.0028,0.9811,0.0003,0.0131,SUCCESS
CLEAR_MATCH30_SHOT0126_HITFRAME00044009.mp4,CLEAR,Clear,Drop,97.73%,0.0009,0.0035,0.9773,0.0002,0.0182,SUCCESS
CLEAR_MATCH30_SHOT0127_HITFRAME00044125.mp4,CLEAR,Clear,Drive,90.95%,0.0016,0.9095,0.0667,0.0013,0.0209,SUCCESS
CLEAR_MATCH30_SHOT0134_HITFRAME00045232.mp4,CLEAR,Clear,Drop,90.31%,0.0020,0.0108,0.9031,0.0018,0.0822,SUCCESS
CLEAR_MATCH30_SHOT0135_HITFRAME00045273.mp4,CLEAR,Clear,Drop,96.65%,0.0010,0.0044,0.9665,0.0004,0.0277,SUCCESS
CLEAR_MATCH30_SHOT0136_HITFRAME00045319.mp4,CLEAR,Clear,Drop,75.20%,0.0108,0.1166,0.7520,0.0223,0.0982,SUCCESS
CLEAR_MATCH30_SHOT0137_HITFRAME00045366.mp4,CLEAR,Clear,Drop,90.12%,0.0009,0.0025,0.9012,0.0003,0.0952,SUCCESS
CLEAR_MATCH30_SHOT0138_HITFRAME00045412.mp4,CLEAR,Clear,Drop,96.50%,0.0073,0.0184,0.9650,0.0013,0.0081,SUCCESS
CLEAR_MATCH30_SHOT0139_HITFRAME00045461.mp4,CLEAR,Clear,Drop,91.41%,0.0765,0.0046,0.9141,0.0004,0.0043,SUCCESS
CLEAR_MATCH30_SHOT0141_HITFRAME00045617.mp4,CLEAR,Clear,Drive,74.33%,0.0076,0.7433,0.2231,0.0139,0.0121,SUCCESS
CLEAR_MATCH30_SHOT0143_HITFRAME00046539.mp4,CLEAR,Clear,Drive,89.81%,0.0033,0.8981,0.0758,0.0186,0.0042,SUCCESS
CLEAR_MATCH30_SHOT0146_HITFRAME00046766.mp4,CLEAR,Clear,Smash,73.41%,0.0004,0.0034,0.2618,0.0003,0.7341,SUCCESS
CLEAR_MATCH30_SHOT0147_HITFRAME00046798.mp4,CLEAR,Clear,Drive,98.85%,0.0006,0.9885,0.0064,0.0025,0.0020,SUCCESS
CLEAR_MATCH30_SHOT0152_HITFRAME00047766.mp4,CLEAR,Clear,Drop,97.92%,0.0011,0.0030,0.9792,0.0003,0.0164,SUCCESS
CLEAR_MATCH30_SHOT0161_HITFRAME00049549.mp4,CLEAR,Clear,Drop,50.37%,0.0035,0.1584,0.5037,0.0042,0.3302,SUCCESS
CLEAR_MATCH30_SHOT0162_HITFRAME00049635.mp4,CLEAR,Clear,Drive,99.81%,0.0001,0.9981,0.0008,0.0006,0.0004,SUCCESS
CLEAR_MATCH30_SHOT0165_HITFRAME00054912.mp4,CLEAR,Clear,Drop,91.90%,0.0062,0.0642,0.9190,0.0009,0.0097,SUCCESS
CLEAR_MATCH30_SHOT0173_HITFRAME00057830.mp4,CLEAR,Clear,Drop,95.92%,0.0054,0.0176,0.9592,0.0006,0.0172,SUCCESS
CLEAR_MATCH30_SHOT0176_HITFRAME00057976.mp4,CLEAR,Clear,Drop,88.18%,0.0118,0.0035,0.8818,0.0016,0.1014,SUCCESS
CLEAR_MATCH30_SHOT0178_HITFRAME00059656.mp4,CLEAR,Clear,Drive,99.80%,0.0001,0.9980,0.0007,0.0005,0.0007,SUCCESS
CLEAR_MATCH30_SHOT0184_HITFRAME00061146.mp4,CLEAR,Clear,Drop,98.65%,0.0011,0.0019,0.9865,0.0001,0.0104,SUCCESS
CLEAR_MATCH30_SHOT0193_HITFRAME00061632.mp4,CLEAR,Clear,Drop,76.68%,0.0031,0.1517,0.7668,0.0051,0.0734,SUCCESS
CLEAR_MATCH30_SHOT0194_HITFRAME00061663.mp4,CLEAR,Clear,Drive,99.34%,0.0003,0.9934,0.0039,0.0005,0.0019,SUCCESS
CLEAR_MATCH30_SHOT0195_HITFRAME00061693.mp4,CLEAR,Clear,Drive,97.03%,0.0013,0.9703,0.0160,0.0067,0.0057,SUCCESS
CLEAR_MATCH30_SHOT0203_HITFRAME00064310.mp4,CLEAR,Clear,Drop,91.65%,0.0061,0.0591,0.9165,0.0025,0.0158,SUCCESS
CLEAR_MATCH30_SHOT0204_HITFRAME00064335.mp4,CLEAR,Clear,Drive,84.97%,0.0005,0.8497,0.0197,0.0260,0.1040,SUCCESS
CLEAR_MATCH30_SHOT0212_HITFRAME00066736.mp4,CLEAR,Clear,Drop,47.13%,0.0039,0.1780,0.4713,0.0037,0.3431,SUCCESS
CLEAR_MATCH30_SHOT0213_HITFRAME00066828.mp4,CLEAR,Clear,Drop,98.67%,0.0056,0.0023,0.9867,0.0001,0.0053,SUCCESS
CLEAR_MATCH30_SHOT0220_HITFRAME00070581.mp4,CLEAR,Clear,Drop,88.73%,0.0074,0.0732,0.8873,0.0032,0.0290,SUCCESS
CLEAR_MATCH30_SHOT0228_HITFRAME00071026.mp4,CLEAR,Clear,Drop,98.19%,0.0010,0.0029,0.9819,0.0002,0.0140,SUCCESS
CLEAR_MATCH30_SHOT0237_HITFRAME00074953.mp4,CLEAR,Clear,Smash,93.52%,0.0002,0.0033,0.0608,0.0005,0.9352,SUCCESS
CLEAR_MATCH30_SHOT0240_HITFRAME00075646.mp4,CLEAR,Clear,Drive,64.95%,0.0010,0.6495,0.0768,0.0053,0.2674,SUCCESS
CLEAR_MATCH30_SHOT0241_HITFRAME00075773.mp4,CLEAR,Clear,Drop,97.60%,0.0014,0.0033,0.9760,0.0002,0.0190,SUCCESS
CLEAR_MATCH30_SHOT0243_HITFRAME00075975.mp4,CLEAR,Clear,Drive,99.20%,0.0003,0.9920,0.0054,0.0007,0.0015,SUCCESS
CLEAR_MATCH30_SHOT0244_HITFRAME00077086.mp4,CLEAR,Clear,Drive,99.25%,0.0004,0.9925,0.0030,0.0021,0.0019,SUCCESS
CLEAR_MATCH30_SHOT0258_HITFRAME00080181.mp4,CLEAR,Clear,Drive,99.62%,0.0003,0.9962,0.0014,0.0016,0.0006,SUCCESS
CLEAR_MATCH30_SHOT0261_HITFRAME00081738.mp4,CLEAR,Clear,Drive,76.79%,0.0027,0.7679,0.1631,0.0195,0.0468,SUCCESS
CLEAR_MATCH30_SHOT0265_HITFRAME00081914.mp4,CLEAR,Clear,Drive,99.06%,0.0004,0.9906,0.0040,0.0022,0.0027,SUCCESS
CLEAR_MATCH30_SHOT0266_HITFRAME00082056.mp4,CLEAR,Clear,Drop,97.73%,0.0017,0.0037,0.9773,0.0003,0.0171,SUCCESS
CLEAR_MATCH30_SHOT0268_HITFRAME00082212.mp4,CLEAR,Clear,Drive,96.71%,0.0006,0.9671,0.0289,0.0007,0.0029,SUCCESS
CLEAR_MATCH30_SHOT0269_HITFRAME00082257.mp4,CLEAR,Clear,Drop,85.01%,0.0048,0.0623,0.8501,0.0037,0.0790,SUCCESS
CLEAR_MATCH30_SHOT0277_HITFRAME00085079.mp4,CLEAR,Clear,Drop,61.30%,0.0157,0.3239,0.6130,0.0107,0.0367,SUCCESS
CLEAR_MATCH30_SHOT0293_HITFRAME00092685.mp4,CLEAR,Clear,Drop,90.11%,0.0018,0.0236,0.9011,0.0015,0.0721,SUCCESS
CLEAR_MATCH30_SHOT0314_HITFRAME00099142.mp4,CLEAR,Clear,Drop,71.45%,0.0093,0.2664,0.7145,0.0015,0.0083,SUCCESS
CLEAR_MATCH30_SHOT0331_HITFRAME00107719.mp4,CLEAR,Clear,Drop,80.53%,0.0032,0.0218,0.8053,0.0020,0.1677,SUCCESS
CLEAR_MATCH30_SHOT0337_HITFRAME00109353.mp4,CLEAR,Clear,Drive,96.98%,0.0010,0.9698,0.0097,0.0183,0.0011,SUCCESS
CLEAR_MATCH30_SHOT0339_HITFRAME00110041.mp4,CLEAR,Clear,Smash,75.84%,0.0009,0.0023,0.2378,0.0005,0.7584,SUCCESS
CLEAR_MATCH30_SHOT0340_HITFRAME00110073.mp4,CLEAR,Clear,Drive,60.91%,0.0079,0.6091,0.2472,0.0133,0.1225,SUCCESS
CLEAR_MATCH30_SHOT0341_HITFRAME00110127.mp4,CLEAR,Clear,Smash,49.96%,0.0011,0.0022,0.4966,0.0005,0.4996,SUCCESS
CLEAR_MATCH30_SHOT0361_HITFRAME00116278.mp4,CLEAR,Clear,Drop,66.84%,0.0145,0.2751,0.6684,0.0198,0.0222,SUCCESS
CLEAR_MATCH30_SHOT0373_HITFRAME00119478.mp4,CLEAR,Clear,Drive,99.14%,0.0010,0.9914,0.0052,0.0007,0.0017,SUCCESS
CLEAR_MATCH30_SHOT0374_HITFRAME00119508.mp4,CLEAR,Clear,Smash,61.01%,0.0023,0.0063,0.3806,0.0006,0.6101,SUCCESS
CLEAR_MATCH30_SHOT0380_HITFRAME00120751.mp4,CLEAR,Clear,Drive,90.74%,0.0021,0.9074,0.0415,0.0263,0.0228,SUCCESS
CLEAR_MATCH30_SHOT0381_HITFRAME00120796.mp4,CLEAR,Clear,Drive,98.35%,0.0009,0.9835,0.0090,0.0038,0.0027,SUCCESS
CLEAR_MATCH30_SHOT0393_HITFRAME00123416.mp4,CLEAR,Clear,Drop,97.77%,0.0040,0.0059,0.9777,0.0006,0.0118,SUCCESS
CLEAR_MATCH30_SHOT0407_HITFRAME00127991.mp4,CLEAR,Clear,Drop,66.46%,0.0118,0.2442,0.6646,0.0119,0.0676,SUCCESS
CLEAR_MATCH30_SHOT0411_HITFRAME00129207.mp4,CLEAR,Clear,Drop,90.18%,0.0013,0.0021,0.9018,0.0002,0.0946,SUCCESS
CLEAR_MATCH30_SHOT0415_HITFRAME00129402.mp4,CLEAR,Clear,Drop,49.31%,0.0051,0.4611,0.4931,0.0053,0.0354,SUCCESS
CLEAR_MATCH30_SHOT0437_HITFRAME00136102.mp4,CLEAR,Clear,Drive,91.18%,0.0022,0.9118,0.0423,0.0035,0.0402,SUCCESS
CLEAR_MATCH30_SHOT0450_HITFRAME00138334.mp4,CLEAR,Clear,Drive,84.00%,0.0045,0.8400,0.1068,0.0072,0.0415,SUCCESS
CLEAR_MATCH30_SHOT0454_HITFRAME00138510.mp4,CLEAR,Clear,Drive,92.45%,0.0023,0.9245,0.0646,0.0020,0.0066,SUCCESS
CLEAR_MATCH30_SHOT0455_HITFRAME00138553.mp4,CLEAR,Clear,Drop,93.94%,0.0020,0.0039,0.9394,0.0005,0.0541,SUCCESS
CLEAR_MATCH30_SHOT0468_HITFRAME00142443.mp4,CLEAR,Clear,Drop,98.03%,0.0012,0.0064,0.9803,0.0003,0.0118,SUCCESS
CLEAR_MATCH30_SHOT0486_HITFRAME00146446.mp4,CLEAR,Clear,Drive,90.71%,0.0030,0.9071,0.0581,0.0216,0.0102,SUCCESS
CLEAR_MATCH30_SHOT0490_HITFRAME00147689.mp4,CLEAR,Clear,Drive,99.80%,0.0001,0.9980,0.0007,0.0008,0.0004,SUCCESS
CLEAR_MATCH30_SHOT0494_HITFRAME00147915.mp4,CLEAR,Clear,Drive,99.67%,0.0002,0.9967,0.0012,0.0013,0.0007,SUCCESS
CLEAR_MATCH30_SHOT0498_HITFRAME00149928.mp4,CLEAR,Clear,Drop,87.83%,0.0054,0.0985,0.8783,0.0014,0.0164,SUCCESS
CLEAR_MATCH30_SHOT0507_HITFRAME00152952.mp4,CLEAR,Clear,Drop,98.04%,0.0009,0.0044,0.9804,0.0002,0.0140,SUCCESS
CLEAR_MATCH31_SHOT0002_HITFRAME00012266.mp4,CLEAR,Clear,Drive,79.06%,0.0122,0.7906,0.0725,0.0589,0.0657,SUCCESS
CLEAR_MATCH31_SHOT0003_HITFRAME00012295.mp4,CLEAR,Clear,Drive,43.28%,0.0082,0.4328,0.2129,0.0563,0.2898,SUCCESS
CLEAR_MATCH31_SHOT0012_HITFRAME00014601.mp4,CLEAR,Clear,Drop,76.40%,0.0225,0.0081,0.7640,0.0038,0.2017,SUCCESS
CLEAR_MATCH31_SHOT0014_HITFRAME00014786.mp4,CLEAR,Clear,Drive,54.51%,0.0162,0.5451,0.1268,0.0421,0.2698,SUCCESS
CLEAR_MATCH31_SHOT0015_HITFRAME00015378.mp4,CLEAR,Clear,Drive,98.01%,0.0005,0.9801,0.0046,0.0015,0.0133,SUCCESS
CLEAR_MATCH31_SHOT0016_HITFRAME00015465.mp4,CLEAR,Clear,Drive,92.31%,0.0019,0.9231,0.0194,0.0060,0.0496,SUCCESS
CLEAR_MATCH31_SHOT0019_HITFRAME00016398.mp4,CLEAR,Clear,Drive,99.79%,0.0002,0.9979,0.0008,0.0006,0.0005,SUCCESS
CLEAR_MATCH31_SHOT0020_HITFRAME00016421.mp4,CLEAR,Clear,Drive,50.57%,0.0158,0.5057,0.0956,0.0201,0.3627,SUCCESS
CLEAR_MATCH31_SHOT0021_HITFRAME00016466.mp4,CLEAR,Clear,Drop,84.94%,0.0044,0.0587,0.8494,0.0101,0.0775,SUCCESS
CLEAR_MATCH31_SHOT0022_HITFRAME00016490.mp4,CLEAR,Clear,Drive,62.01%,0.0139,0.6201,0.1080,0.0596,0.1985,SUCCESS
CLEAR_MATCH31_SHOT0025_HITFRAME00016674.mp4,CLEAR,Clear,Drive,62.50%,0.0090,0.6250,0.0555,0.1960,0.1146,SUCCESS
CLEAR_MATCH31_SHOT0026_HITFRAME00016739.mp4,CLEAR,Clear,Drive,65.13%,0.0841,0.6513,0.1479,0.0449,0.0717,SUCCESS
CLEAR_MATCH31_SHOT0027_HITFRAME00016764.mp4,CLEAR,Clear,Smash,32.86%,0.0668,0.2742,0.2966,0.0337,0.3286,SUCCESS
CLEAR_MATCH31_SHOT0029_HITFRAME00017796.mp4,CLEAR,Clear,Drop,74.36%,0.0183,0.0784,0.7436,0.0050,0.1546,SUCCESS
CLEAR_MATCH31_SHOT0033_HITFRAME00019314.mp4,CLEAR,Clear,Drop,54.04%,0.0155,0.3111,0.5404,0.0050,0.1280,SUCCESS
CLEAR_MATCH31_SHOT0039_HITFRAME00022600.mp4,CLEAR,Clear,Drop,43.41%,0.1003,0.3660,0.4341,0.0343,0.0653,SUCCESS
CLEAR_MATCH31_SHOT0040_HITFRAME00022693.mp4,CLEAR,Clear,Drive,84.74%,0.0042,0.8474,0.0344,0.0844,0.0296,SUCCESS
CLEAR_MATCH31_SHOT0041_HITFRAME00022714.mp4,CLEAR,Clear,Drive,55.16%,0.0319,0.5516,0.1638,0.0133,0.2393,SUCCESS
CLEAR_MATCH31_SHOT0042_HITFRAME00022756.mp4,CLEAR,Clear,Drop,46.45%,0.0138,0.3855,0.4645,0.0498,0.0864,SUCCESS
CLEAR_MATCH31_SHOT0052_HITFRAME00025881.mp4,CLEAR,Clear,Drop,94.68%,0.0146,0.0202,0.9468,0.0013,0.0171,SUCCESS
CLEAR_MATCH31_SHOT0054_HITFRAME00025968.mp4,CLEAR,Clear,Drop,63.56%,0.0458,0.0939,0.6356,0.0280,0.1968,SUCCESS
CLEAR_MATCH31_SHOT0056_HITFRAME00026971.mp4,CLEAR,Clear,Drop,29.52%,0.0336,0.1858,0.2952,0.2048,0.2806,SUCCESS
CLEAR_MATCH31_SHOT0060_HITFRAME00028136.mp4,CLEAR,Clear,Drive,76.91%,0.0424,0.7691,0.1210,0.0237,0.0438,SUCCESS
CLEAR_MATCH31_SHOT0061_HITFRAME00028764.mp4,CLEAR,Clear,Drop,37.64%,0.0358,0.2014,0.3764,0.0520,0.3344,SUCCESS
CLEAR_MATCH31_SHOT0062_HITFRAME00028797.mp4,CLEAR,Clear,Drop,97.29%,0.0098,0.0074,0.9729,0.0006,0.0093,SUCCESS
CLEAR_MATCH31_SHOT0065_HITFRAME00029904.mp4,CLEAR,Clear,Drive,50.65%,0.0701,0.5065,0.2063,0.0744,0.1426,SUCCESS
CLEAR_MATCH31_SHOT0067_HITFRAME00030780.mp4,CLEAR,Clear,Drive,97.60%,0.0009,0.9760,0.0051,0.0134,0.0046,SUCCESS
CLEAR_MATCH31_SHOT0068_HITFRAME00031215.mp4,CLEAR,Clear,Drop,58.28%,0.0326,0.1439,0.5828,0.0339,0.2069,SUCCESS
CLEAR_MATCH31_SHOT0069_HITFRAME00031245.mp4,CLEAR,Clear,Drop,90.09%,0.0259,0.0255,0.9009,0.0034,0.0443,SUCCESS
CLEAR_MATCH31_SHOT0082_HITFRAME00038029.mp4,CLEAR,Clear,Drive,59.31%,0.0068,0.5931,0.1149,0.2006,0.0845,SUCCESS
CLEAR_MATCH31_SHOT0087_HITFRAME00040845.mp4,CLEAR,Clear,Drive,61.61%,0.0067,0.6161,0.1748,0.0186,0.1837,SUCCESS
CLEAR_MATCH31_SHOT0090_HITFRAME00041028.mp4,CLEAR,Clear,Drop,86.55%,0.0876,0.0061,0.8655,0.0020,0.0388,SUCCESS
CLEAR_MATCH31_SHOT0092_HITFRAME00041257.mp4,CLEAR,Clear,Drive,40.25%,0.0171,0.4025,0.2320,0.1749,0.1735,SUCCESS
CLEAR_MATCH31_SHOT0093_HITFRAME00041352.mp4,CLEAR,Clear,Drop,66.26%,0.0839,0.2287,0.6626,0.0088,0.0160,SUCCESS
CLEAR_MATCH31_SHOT0095_HITFRAME00041475.mp4,CLEAR,Clear,Drop,46.83%,0.0127,0.0397,0.4683,0.0189,0.4604,SUCCESS
CLEAR_MATCH31_SHOT0105_HITFRAME00045126.mp4,CLEAR,Clear,Drop,60.30%,0.0420,0.0851,0.6030,0.0345,0.2354,SUCCESS
CLEAR_MATCH31_SHOT0111_HITFRAME00047506.mp4,CLEAR,Clear,Drive,86.91%,0.0094,0.8691,0.0776,0.0265,0.0175,SUCCESS
CLEAR_MATCH31_SHOT0114_HITFRAME00049231.mp4,CLEAR,Clear,Smash,97.86%,0.0003,0.0013,0.0194,0.0003,0.9786,SUCCESS
CLEAR_MATCH31_SHOT0119_HITFRAME00049541.mp4,CLEAR,Clear,Drop,74.14%,0.0052,0.0046,0.7414,0.0008,0.2479,SUCCESS
CLEAR_MATCH31_SHOT0134_HITFRAME00055100.mp4,CLEAR,Clear,Drive,99.59%,0.0003,0.9959,0.0013,0.0018,0.0007,SUCCESS
CLEAR_MATCH31_SHOT0138_HITFRAME00055322.mp4,CLEAR,Clear,Drop,69.89%,0.0406,0.0413,0.6989,0.0120,0.2072,SUCCESS
CLEAR_MATCH31_SHOT0163_HITFRAME00063837.mp4,CLEAR,Clear,Drive,44.68%,0.0192,0.4468,0.2788,0.0348,0.2204,SUCCESS
CLEAR_MATCH31_SHOT0170_HITFRAME00064244.mp4,CLEAR,Clear,Drop,70.12%,0.0330,0.0368,0.7012,0.0293,0.1997,SUCCESS
CLEAR_MATCH31_SHOT0171_HITFRAME00064271.mp4,CLEAR,Clear,Drive,92.14%,0.0035,0.9214,0.0274,0.0272,0.0205,SUCCESS
CLEAR_MATCH31_SHOT0175_HITFRAME00066504.mp4,CLEAR,Clear,Drive,96.42%,0.0012,0.9642,0.0111,0.0149,0.0086,SUCCESS
CLEAR_MATCH31_SHOT0179_HITFRAME00067304.mp4,CLEAR,Clear,Drop,46.42%,0.0153,0.1510,0.4642,0.0352,0.3343,SUCCESS
CLEAR_MATCH31_SHOT0186_HITFRAME00070125.mp4,CLEAR,Clear,Drop,93.24%,0.0502,0.0019,0.9324,0.0004,0.0151,SUCCESS
CLEAR_MATCH31_SHOT0188_HITFRAME00070949.mp4,CLEAR,Clear,Drive,93.57%,0.0023,0.9357,0.0222,0.0146,0.0252,SUCCESS
CLEAR_MATCH32_SHOT0017_HITFRAME00014269.mp4,CLEAR,Clear,Drive,98.51%,0.0008,0.9851,0.0067,0.0054,0.0019,SUCCESS
CLEAR_MATCH32_SHOT0026_HITFRAME00015644.mp4,CLEAR,Clear,Drop,64.70%,0.0109,0.2338,0.6470,0.0457,0.0627,SUCCESS
CLEAR_MATCH32_SHOT0031_HITFRAME00016714.mp4,CLEAR,Clear,Smash,85.37%,0.0005,0.0010,0.1445,0.0003,0.8537,SUCCESS
CLEAR_MATCH32_SHOT0044_HITFRAME00019872.mp4,CLEAR,Clear,Drop,79.32%,0.0024,0.0017,0.7932,0.0003,0.2024,SUCCESS
CLEAR_MATCH32_SHOT0051_HITFRAME00020175.mp4,CLEAR,Clear,Drive,99.60%,0.0003,0.9960,0.0014,0.0005,0.0018,SUCCESS
CLEAR_MATCH32_SHOT0055_HITFRAME00021350.mp4,CLEAR,Clear,Drive,58.54%,0.0148,0.5854,0.1626,0.0098,0.2274,SUCCESS
CLEAR_MATCH32_SHOT0056_HITFRAME00021392.mp4,CLEAR,Clear,Smash,84.48%,0.0004,0.0020,0.1526,0.0003,0.8448,SUCCESS
CLEAR_MATCH32_SHOT0059_HITFRAME00021666.mp4,CLEAR,Clear,Smash,98.75%,0.0001,0.0007,0.0116,0.0001,0.9875,SUCCESS
CLEAR_MATCH32_SHOT0060_HITFRAME00021698.mp4,CLEAR,Clear,Drop,47.31%,0.0196,0.4516,0.4731,0.0089,0.0467,SUCCESS
CLEAR_MATCH32_SHOT0061_HITFRAME00021731.mp4,CLEAR,Clear,Drop,56.25%,0.0011,0.0024,0.5625,0.0005,0.4336,SUCCESS
CLEAR_MATCH32_SHOT0062_HITFRAME00021819.mp4,CLEAR,Clear,Drive,87.47%,0.0038,0.8747,0.0998,0.0020,0.0197,SUCCESS
CLEAR_MATCH32_SHOT0081_HITFRAME00025027.mp4,CLEAR,Clear,Drive,51.03%,0.0887,0.5103,0.3050,0.0177,0.0783,SUCCESS
CLEAR_MATCH32_SHOT0094_HITFRAME00026808.mp4,CLEAR,Clear,Smash,89.02%,0.0007,0.0024,0.1059,0.0008,0.8902,SUCCESS
CLEAR_MATCH32_SHOT0099_HITFRAME00027134.mp4,CLEAR,Clear,Drive,99.60%,0.0003,0.9960,0.0017,0.0009,0.0011,SUCCESS
CLEAR_MATCH32_SHOT0100_HITFRAME00027162.mp4,CLEAR,Clear,Drop,81.74%,0.0046,0.0279,0.8174,0.0006,0.1495,SUCCESS
CLEAR_MATCH32_SHOT0109_HITFRAME00029428.mp4,CLEAR,Clear,Smash,71.57%,0.0021,0.1297,0.1496,0.0030,0.7157,SUCCESS
CLEAR_MATCH32_SHOT0151_HITFRAME00039620.mp4,CLEAR,Clear,Smash,67.03%,0.0034,0.0329,0.2904,0.0029,0.6703,SUCCESS
CLEAR_MATCH32_SHOT0153_HITFRAME00039806.mp4,CLEAR,Clear,Smash,70.76%,0.0009,0.2742,0.0147,0.0026,0.7076,SUCCESS
CLEAR_MATCH32_SHOT0157_HITFRAME00040097.mp4,CLEAR,Clear,Drop,61.66%,0.0012,0.0024,0.6166,0.0005,0.3794,SUCCESS
CLEAR_MATCH32_SHOT0184_HITFRAME00048978.mp4,CLEAR,Clear,Smash,57.37%,0.0024,0.0876,0.3346,0.0017,0.5737,SUCCESS
CLEAR_MATCH32_SHOT0189_HITFRAME00049376.mp4,CLEAR,Clear,Drop,97.01%,0.0079,0.0117,0.9701,0.0004,0.0099,SUCCESS
CLEAR_MATCH32_SHOT0197_HITFRAME00052142.mp4,CLEAR,Clear,Drop,84.14%,0.0038,0.1038,0.8414,0.0038,0.0471,SUCCESS
CLEAR_MATCH32_SHOT0201_HITFRAME00054741.mp4,CLEAR,Clear,Drive,63.54%,0.0039,0.6354,0.1658,0.0031,0.1918,SUCCESS
CLEAR_MATCH32_SHOT0229_HITFRAME00059631.mp4,CLEAR,Clear,Smash,91.09%,0.0004,0.0107,0.0776,0.0005,0.9109,SUCCESS
CLEAR_MATCH32_SHOT0233_HITFRAME00061719.mp4,CLEAR,Clear,Drop,90.36%,0.0022,0.0019,0.9036,0.0002,0.0921,SUCCESS
CLEAR_MATCH32_SHOT0259_HITFRAME00070482.mp4,CLEAR,Clear,Drop,97.82%,0.0041,0.0064,0.9782,0.0002,0.0111,SUCCESS
CLEAR_MATCH32_SHOT0263_HITFRAME00071417.mp4,CLEAR,Clear,Drop,99.06%,0.0009,0.0017,0.9906,0.0001,0.0067,SUCCESS
CLEAR_MATCH32_SHOT0264_HITFRAME00071451.mp4,CLEAR,Clear,Drop,94.92%,0.0199,0.0081,0.9492,0.0012,0.0217,SUCCESS
CLEAR_MATCH32_SHOT0265_HITFRAME00071635.mp4,CLEAR,Clear,Drop,98.29%,0.0022,0.0013,0.9829,0.0001,0.0134,SUCCESS
CLEAR_MATCH32_SHOT0268_HITFRAME00073823.mp4,CLEAR,Clear,Drop,98.15%,0.0033,0.0098,0.9815,0.0002,0.0052,SUCCESS
CLEAR_MATCH32_SHOT0306_HITFRAME00085403.mp4,CLEAR,Clear,Drop,98.23%,0.0020,0.0096,0.9823,0.0002,0.0059,SUCCESS
CLEAR_MATCH32_SHOT0307_HITFRAME00085438.mp4,CLEAR,Clear,Drop,97.61%,0.0015,0.0044,0.9761,0.0002,0.0178,SUCCESS
CLEAR_MATCH32_SHOT0308_HITFRAME00085471.mp4,CLEAR,Clear,Drop,88.10%,0.0357,0.0296,0.8810,0.0037,0.0499,SUCCESS
CLEAR_MATCH32_SHOT0315_HITFRAME00085993.mp4,CLEAR,Clear,Drop,97.56%,0.0059,0.0095,0.9756,0.0005,0.0086,SUCCESS
CLEAR_MATCH32_SHOT0319_HITFRAME00087062.mp4,CLEAR,Clear,Drop,95.96%,0.0167,0.0029,0.9596,0.0004,0.0204,SUCCESS
CLEAR_MATCH32_SHOT0324_HITFRAME00089128.mp4,CLEAR,Clear,Drop,95.93%,0.0029,0.0149,0.9593,0.0003,0.0226,SUCCESS
CLEAR_MATCH32_SHOT0328_HITFRAME00089400.mp4,CLEAR,Clear,Drop,98.73%,0.0010,0.0027,0.9873,0.0002,0.0088,SUCCESS
CLEAR_MATCH32_SHOT0330_HITFRAME00089720.mp4,CLEAR,Clear,Drop,93.74%,0.0030,0.0462,0.9374,0.0008,0.0126,SUCCESS
CLEAR_MATCH32_SHOT0348_HITFRAME00095050.mp4,CLEAR,Clear,Drop,98.08%,0.0015,0.0054,0.9808,0.0002,0.0121,SUCCESS
CLEAR_MATCH32_SHOT0355_HITFRAME00095416.mp4,CLEAR,Clear,Drop,65.12%,0.0147,0.1170,0.6512,0.0066,0.2105,SUCCESS
CLEAR_MATCH32_SHOT0358_HITFRAME00096855.mp4,CLEAR,Clear,Drop,97.95%,0.0014,0.0048,0.9795,0.0003,0.0140,SUCCESS
CLEAR_MATCH32_SHOT0379_HITFRAME00105924.mp4,CLEAR,Clear,Smash,99.37%,0.0001,0.0011,0.0050,0.0001,0.9937,SUCCESS
CLEAR_MATCH32_SHOT0380_HITFRAME00105951.mp4,CLEAR,Clear,Drop,53.00%,0.0455,0.2199,0.5300,0.0153,0.1893,SUCCESS
CLEAR_MATCH32_SHOT0397_HITFRAME00109347.mp4,CLEAR,Clear,Drop,69.79%,0.0018,0.0016,0.6979,0.0004,0.2982,SUCCESS
CLEAR_MATCH32_SHOT0403_HITFRAME00110199.mp4,CLEAR,Clear,Smash,63.58%,0.0088,0.0390,0.3053,0.0111,0.6358,SUCCESS
CLEAR_MATCH32_SHOT0404_HITFRAME00110235.mp4,CLEAR,Clear,Drop,96.32%,0.0053,0.0085,0.9632,0.0004,0.0225,SUCCESS
DROP_MATCH16_SHOT0004_HITFRAME00013788.mp4,DROP,Drop,Smash,93.15%,0.0002,0.0017,0.0663,0.0003,0.9315,SUCCESS
DROP_MATCH16_SHOT0007_HITFRAME00013875.mp4,DROP,Drop,Smash,93.19%,0.0002,0.0013,0.0664,0.0002,0.9319,SUCCESS
DROP_MATCH16_SHOT0039_HITFRAME00018148.mp4,DROP,Drop,Smash,98.28%,0.0001,0.0005,0.0165,0.0001,0.9828,SUCCESS
DROP_MATCH16_SHOT0068_HITFRAME00022798.mp4,DROP,Drop,Smash,99.53%,0.0000,0.0005,0.0041,0.0001,0.9953,SUCCESS
DROP_MATCH16_SHOT0074_HITFRAME00024349.mp4,DROP,Drop,Smash,98.29%,0.0001,0.0004,0.0165,0.0001,0.9829,SUCCESS
DROP_MATCH16_SHOT0115_HITFRAME00039687.mp4,DROP,Drop,Smash,94.49%,0.0001,0.0006,0.0542,0.0001,0.9449,SUCCESS
DROP_MATCH16_SHOT0158_HITFRAME00052754.mp4,DROP,Drop,Smash,92.58%,0.0002,0.0011,0.0726,0.0003,0.9258,SUCCESS
DROP_MATCH16_SHOT0180_HITFRAME00057070.mp4,DROP,Drop,Drive,69.25%,0.0034,0.6925,0.2476,0.0177,0.0388,SUCCESS
DROP_MATCH16_SHOT0205_HITFRAME00064299.mp4,DROP,Drop,Smash,59.64%,0.0006,0.0013,0.4014,0.0003,0.5964,SUCCESS
DROP_MATCH16_SHOT0223_HITFRAME00076261.mp4,DROP,Drop,Smash,69.79%,0.0003,0.0100,0.2911,0.0006,0.6979,SUCCESS
DROP_MATCH17_SHOT0067_HITFRAME00021811.mp4,DROP,Drop,Smash,79.17%,0.0006,0.1782,0.0276,0.0020,0.7917,SUCCESS
DROP_MATCH17_SHOT0076_HITFRAME00023581.mp4,DROP,Drop,Drive,90.77%,0.0016,0.9077,0.0769,0.0010,0.0129,SUCCESS
DROP_MATCH17_SHOT0120_HITFRAME00031649.mp4,DROP,Drop,Drive,99.86%,0.0001,0.9986,0.0006,0.0004,0.0003,SUCCESS
DROP_MATCH17_SHOT0132_HITFRAME00033011.mp4,DROP,Drop,Smash,89.61%,0.0004,0.0558,0.0467,0.0009,0.8961,SUCCESS
DROP_MATCH17_SHOT0140_HITFRAME00035002.mp4,DROP,Drop,Drive,99.50%,0.0004,0.9950,0.0020,0.0017,0.0009,SUCCESS
DROP_MATCH17_SHOT0144_HITFRAME00035698.mp4,DROP,Drop,Smash,90.94%,0.0005,0.0464,0.0425,0.0012,0.9094,SUCCESS
DROP_MATCH17_SHOT0155_HITFRAME00040160.mp4,DROP,Drop,Smash,45.45%,0.0014,0.2618,0.2804,0.0018,0.4545,SUCCESS
DROP_MATCH17_SHOT0165_HITFRAME00041189.mp4,DROP,Drop,Drive,99.78%,0.0002,0.9978,0.0010,0.0006,0.0004,SUCCESS
DROP_MATCH17_SHOT0169_HITFRAME00041305.mp4,DROP,Drop,Smash,63.53%,0.0006,0.0469,0.3162,0.0009,0.6353,SUCCESS
DROP_MATCH17_SHOT0172_HITFRAME00041385.mp4,DROP,Drop,Drive,70.65%,0.0056,0.7065,0.2254,0.0126,0.0499,SUCCESS
DROP_MATCH17_SHOT0198_HITFRAME00049489.mp4,DROP,Drop,Smash,51.29%,0.0019,0.0677,0.4163,0.0013,0.5129,SUCCESS
DROP_MATCH17_SHOT0209_HITFRAME00051928.mp4,DROP,Drop,Drive,82.11%,0.0008,0.8211,0.1226,0.0015,0.0541,SUCCESS
DROP_MATCH17_SHOT0213_HITFRAME00052472.mp4,DROP,Drop,Smash,98.86%,0.0001,0.0019,0.0093,0.0002,0.9886,SUCCESS
DROP_MATCH17_SHOT0220_HITFRAME00053435.mp4,DROP,Drop,Drive,98.77%,0.0005,0.9877,0.0037,0.0068,0.0014,SUCCESS
DROP_MATCH17_SHOT0221_HITFRAME00053485.mp4,DROP,Drop,Drive,81.32%,0.0016,0.8132,0.1441,0.0009,0.0402,SUCCESS
DROP_MATCH17_SHOT0232_HITFRAME00056129.mp4,DROP,Drop,Drive,70.52%,0.0102,0.7052,0.2382,0.0241,0.0223,SUCCESS
DROP_MATCH17_SHOT0243_HITFRAME00057627.mp4,DROP,Drop,Drive,57.63%,0.0023,0.5763,0.1138,0.0217,0.2859,SUCCESS
DROP_MATCH17_SHOT0251_HITFRAME00059672.mp4,DROP,Drop,Drive,94.12%,0.0017,0.9412,0.0187,0.0346,0.0037,SUCCESS
DROP_MATCH17_SHOT0257_HITFRAME00060497.mp4,DROP,Drop,Drive,77.92%,0.0040,0.7792,0.1926,0.0028,0.0214,SUCCESS
DROP_MATCH17_SHOT0273_HITFRAME00064733.mp4,DROP,Drop,Smash,98.99%,0.0001,0.0026,0.0072,0.0002,0.9899,SUCCESS
DROP_MATCH17_SHOT0275_HITFRAME00065283.mp4,DROP,Drop,Drive,98.79%,0.0006,0.9879,0.0044,0.0061,0.0010,SUCCESS
DROP_MATCH17_SHOT0279_HITFRAME00069672.mp4,DROP,Drop,Drive,99.74%,0.0002,0.9974,0.0012,0.0006,0.0006,SUCCESS
DROP_MATCH17_SHOT0281_HITFRAME00069785.mp4,DROP,Drop,Drive,99.36%,0.0004,0.9936,0.0031,0.0011,0.0017,SUCCESS
DROP_MATCH17_SHOT0295_HITFRAME00071432.mp4,DROP,Drop,Drive,56.06%,0.0025,0.5606,0.3946,0.0013,0.0410,SUCCESS
DROP_MATCH17_SHOT0301_HITFRAME00072316.mp4,DROP,Drop,Drive,99.90%,0.0001,0.9990,0.0004,0.0003,0.0002,SUCCESS
DROP_MATCH17_SHOT0307_HITFRAME00073100.mp4,DROP,Drop,Smash,94.38%,0.0003,0.0249,0.0304,0.0006,0.9438,SUCCESS
DROP_MATCH17_SHOT0319_HITFRAME00075008.mp4,DROP,Drop,Smash,98.83%,0.0001,0.0064,0.0047,0.0004,0.9883,SUCCESS
DROP_MATCH17_SHOT0321_HITFRAME00075087.mp4,DROP,Drop,Drive,89.19%,0.0041,0.8919,0.0840,0.0031,0.0170,SUCCESS
DROP_MATCH17_SHOT0325_HITFRAME00075228.mp4,DROP,Drop,Drive,98.99%,0.0004,0.9899,0.0050,0.0016,0.0030,SUCCESS
DROP_MATCH17_SHOT0348_HITFRAME00082029.mp4,DROP,Drop,Drive,66.76%,0.0024,0.6676,0.1542,0.0024,0.1734,SUCCESS
DROP_MATCH17_SHOT0354_HITFRAME00082351.mp4,DROP,Drop,Drive,61.67%,0.0008,0.6167,0.0269,0.0020,0.3537,SUCCESS
DROP_MATCH17_SHOT0362_HITFRAME00084624.mp4,DROP,Drop,Drive,99.62%,0.0002,0.9962,0.0021,0.0004,0.0010,SUCCESS
DROP_MATCH17_SHOT0374_HITFRAME00087476.mp4,DROP,Drop,Drive,93.32%,0.0011,0.9332,0.0317,0.0267,0.0072,SUCCESS
DROP_MATCH17_SHOT0391_HITFRAME00089305.mp4,DROP,Drop,Smash,99.18%,0.0000,0.0025,0.0055,0.0001,0.9918,SUCCESS
DROP_MATCH17_SHOT0392_HITFRAME00089357.mp4,DROP,Drop,Drive,74.76%,0.0012,0.7476,0.0647,0.0106,0.1759,SUCCESS
DROP_MATCH17_SHOT0403_HITFRAME00091345.mp4,DROP,Drop,Drive,96.05%,0.0004,0.9605,0.0073,0.0013,0.0306,SUCCESS
DROP_MATCH17_SHOT0442_HITFRAME00100159.mp4,DROP,Drop,Smash,47.82%,0.0016,0.2489,0.2695,0.0018,0.4782,SUCCESS
DROP_MATCH17_SHOT0449_HITFRAME00102217.mp4,DROP,Drop,Drive,40.72%,0.0020,0.4072,0.3625,0.0021,0.2262,SUCCESS
DROP_MATCH17_SHOT0454_HITFRAME00103106.mp4,DROP,Drop,Drive,36.26%,0.0020,0.3626,0.3141,0.0039,0.3174,SUCCESS
DROP_MATCH17_SHOT0456_HITFRAME00103189.mp4,DROP,Drop,Drive,98.88%,0.0006,0.9888,0.0068,0.0012,0.0027,SUCCESS
DROP_MATCH17_SHOT0462_HITFRAME00103350.mp4,DROP,Drop,Drive,97.34%,0.0008,0.9734,0.0039,0.0211,0.0009,SUCCESS
DROP_MATCH18_SHOT0002_HITFRAME00008523.mp4,DROP,Drop,Drive,52.71%,0.0020,0.5271,0.0496,0.3527,0.0686,SUCCESS
DROP_MATCH18_SHOT0003_HITFRAME00008574.mp4,DROP,Drop,Drive,99.27%,0.0005,0.9927,0.0038,0.0015,0.0014,SUCCESS
DROP_MATCH18_SHOT0006_HITFRAME00008782.mp4,DROP,Drop,Drive,55.63%,0.0067,0.5563,0.4206,0.0022,0.0142,SUCCESS
DROP_MATCH18_SHOT0009_HITFRAME00010493.mp4,DROP,Drop,Drive,99.19%,0.0003,0.9919,0.0063,0.0004,0.0010,SUCCESS
DROP_MATCH18_SHOT0017_HITFRAME00017619.mp4,DROP,Drop,Net Shot,86.45%,0.0008,0.0899,0.0229,0.8645,0.0220,SUCCESS
DROP_MATCH18_SHOT0019_HITFRAME00017790.mp4,DROP,Drop,Drive,98.87%,0.0004,0.9887,0.0079,0.0006,0.0025,SUCCESS
DROP_MATCH19_SHOT0031_HITFRAME00011871.mp4,DROP,Drop,Drive,91.31%,0.0045,0.9131,0.0649,0.0034,0.0141,SUCCESS
DROP_MATCH19_SHOT0052_HITFRAME00019534.mp4,DROP,Drop,Smash,94.97%,0.0002,0.0036,0.0462,0.0002,0.9497,SUCCESS
DROP_MATCH19_SHOT0130_HITFRAME00040795.mp4,DROP,Drop,Drive,84.76%,0.0096,0.8476,0.1305,0.0065,0.0058,SUCCESS
DROP_MATCH19_SHOT0138_HITFRAME00042552.mp4,DROP,Drop,Drive,99.36%,0.0006,0.9936,0.0042,0.0009,0.0008,SUCCESS
DROP_MATCH19_SHOT0153_HITFRAME00044399.mp4,DROP,Drop,Drive,65.10%,0.0025,0.6510,0.1565,0.0016,0.1884,SUCCESS
DROP_MATCH19_SHOT0162_HITFRAME00046930.mp4,DROP,Drop,Drive,99.90%,0.0001,0.9990,0.0005,0.0002,0.0002,SUCCESS
DROP_MATCH19_SHOT0193_HITFRAME00050412.mp4,DROP,Drop,Drive,99.07%,0.0006,0.9907,0.0052,0.0020,0.0014,SUCCESS
DROP_MATCH19_SHOT0198_HITFRAME00052498.mp4,DROP,Drop,Drive,76.11%,0.0022,0.7611,0.2227,0.0013,0.0127,SUCCESS
DROP_MATCH19_SHOT0215_HITFRAME00059176.mp4,DROP,Drop,Drive,88.34%,0.0037,0.8834,0.1012,0.0049,0.0069,SUCCESS
DROP_MATCH19_SHOT0218_HITFRAME00060966.mp4,DROP,Drop,Drive,98.36%,0.0012,0.9836,0.0106,0.0031,0.0016,SUCCESS
DROP_MATCH19_SHOT0224_HITFRAME00062951.mp4,DROP,Drop,Smash,68.24%,0.0008,0.2409,0.0716,0.0043,0.6824,SUCCESS
DROP_MATCH19_SHOT0280_HITFRAME00077242.mp4,DROP,Drop,Drive,87.42%,0.0049,0.8742,0.1124,0.0040,0.0044,SUCCESS
DROP_MATCH19_SHOT0357_HITFRAME00093918.mp4,DROP,Drop,Drive,53.13%,0.0056,0.5313,0.4465,0.0037,0.0129,SUCCESS
DROP_MATCH19_SHOT0378_HITFRAME00100649.mp4,DROP,Drop,Drive,98.96%,0.0005,0.9896,0.0071,0.0010,0.0019,SUCCESS
DROP_MATCH20_SHOT0016_HITFRAME00013985.mp4,DROP,Drop,Drive,43.40%,0.0039,0.4340,0.3750,0.0031,0.1840,SUCCESS
DROP_MATCH20_SHOT0040_HITFRAME00018205.mp4,DROP,Drop,Smash,98.82%,0.0001,0.0046,0.0068,0.0003,0.9882,SUCCESS
DROP_MATCH20_SHOT0054_HITFRAME00022019.mp4,DROP,Drop,Drive,56.68%,0.0067,0.5668,0.4018,0.0025,0.0221,SUCCESS
DROP_MATCH20_SHOT0057_HITFRAME00022116.mp4,DROP,Drop,Drive,63.84%,0.0059,0.6384,0.3398,0.0022,0.0137,SUCCESS
DROP_MATCH20_SHOT0073_HITFRAME00029203.mp4,DROP,Drop,Drive,66.51%,0.0030,0.6651,0.2488,0.0042,0.0789,SUCCESS
DROP_MATCH20_SHOT0079_HITFRAME00030801.mp4,DROP,Drop,Drive,67.70%,0.0103,0.6770,0.2487,0.0136,0.0504,SUCCESS
DROP_MATCH20_SHOT0084_HITFRAME00034698.mp4,DROP,Drop,Drive,82.29%,0.0035,0.8229,0.1503,0.0025,0.0209,SUCCESS
DROP_MATCH20_SHOT0093_HITFRAME00037164.mp4,DROP,Drop,Drive,81.31%,0.0031,0.8131,0.1146,0.0033,0.0659,SUCCESS
DROP_MATCH20_SHOT0134_HITFRAME00053644.mp4,DROP,Drop,Smash,98.65%,0.0001,0.0065,0.0067,0.0003,0.9865,SUCCESS
DROP_MATCH20_SHOT0188_HITFRAME00072483.mp4,DROP,Drop,Drive,57.60%,0.0009,0.5760,0.0469,0.0035,0.3727,SUCCESS
DROP_MATCH23_SHOT0003_HITFRAME00010943.mp4,DROP,Drop,Drive,65.07%,0.0152,0.6507,0.1027,0.0205,0.2110,SUCCESS
DROP_MATCH23_SHOT0038_HITFRAME00016164.mp4,DROP,Drop,Drive,46.29%,0.0419,0.4629,0.2459,0.0723,0.1770,SUCCESS
DROP_MATCH23_SHOT0085_HITFRAME00023181.mp4,DROP,Drop,Smash,59.93%,0.0088,0.0698,0.3138,0.0084,0.5993,SUCCESS
DROP_MATCH23_SHOT0102_HITFRAME00025555.mp4,DROP,Drop,Smash,67.09%,0.0048,0.1776,0.1363,0.0104,0.6709,SUCCESS
DROP_MATCH23_SHOT0133_HITFRAME00030999.mp4,DROP,Drop,Drive,45.52%,0.0059,0.4552,0.2393,0.0067,0.2930,SUCCESS
DROP_MATCH23_SHOT0158_HITFRAME00037052.mp4,DROP,Drop,Smash,50.37%,0.0159,0.0518,0.4132,0.0154,0.5037,SUCCESS
DROP_MATCH23_SHOT0173_HITFRAME00039863.mp4,DROP,Drop,Drive,60.94%,0.0088,0.6094,0.1685,0.0102,0.2031,SUCCESS
DROP_MATCH23_SHOT0185_HITFRAME00043931.mp4,DROP,Drop,Smash,78.93%,0.0010,0.0030,0.2061,0.0006,0.7893,SUCCESS
DROP_MATCH23_SHOT0223_HITFRAME00051600.mp4,DROP,Drop,Smash,51.52%,0.0145,0.0733,0.3731,0.0239,0.5152,SUCCESS
DROP_MATCH23_SHOT0225_HITFRAME00051683.mp4,DROP,Drop,Smash,99.46%,0.0000,0.0007,0.0046,0.0001,0.9946,SUCCESS
DROP_MATCH23_SHOT0228_HITFRAME00051822.mp4,DROP,Drop,Smash,49.76%,0.0130,0.1317,0.3453,0.0124,0.4976,SUCCESS
DROP_MATCH23_SHOT0244_HITFRAME00059069.mp4,DROP,Drop,Smash,94.62%,0.0004,0.0029,0.0503,0.0003,0.9462,SUCCESS
DROP_MATCH23_SHOT0246_HITFRAME00059759.mp4,DROP,Drop,Smash,92.19%,0.0011,0.0044,0.0715,0.0010,0.9219,SUCCESS
DROP_MATCH23_SHOT0261_HITFRAME00061344.mp4,DROP,Drop,Smash,97.57%,0.0002,0.0032,0.0205,0.0004,0.9757,SUCCESS
DROP_MATCH23_SHOT0270_HITFRAME00061928.mp4,DROP,Drop,Smash,95.91%,0.0002,0.0012,0.0391,0.0004,0.9591,SUCCESS
DROP_MATCH23_SHOT0276_HITFRAME00062233.mp4,DROP,Drop,Smash,98.30%,0.0002,0.0024,0.0140,0.0004,0.9830,SUCCESS
DROP_MATCH23_SHOT0280_HITFRAME00064526.mp4,DROP,Drop,Drive,99.84%,0.0001,0.9984,0.0007,0.0005,0.0003,SUCCESS
DROP_MATCH23_SHOT0283_HITFRAME00064629.mp4,DROP,Drop,Smash,88.93%,0.0009,0.0435,0.0639,0.0024,0.8893,SUCCESS
DROP_MATCH23_SHOT0322_HITFRAME00071916.mp4,DROP,Drop,Smash,77.69%,0.0046,0.0690,0.1396,0.0100,0.7769,SUCCESS
DROP_MATCH23_SHOT0330_HITFRAME00072306.mp4,DROP,Drop,Smash,87.64%,0.0004,0.0013,0.1216,0.0003,0.8764,SUCCESS
DROP_MATCH23_SHOT0350_HITFRAME00076522.mp4,DROP,Drop,Drive,68.61%,0.0173,0.6861,0.1002,0.1177,0.0787,SUCCESS
DROP_MATCH23_SHOT0367_HITFRAME00081978.mp4,DROP,Drop,Smash,46.91%,0.0145,0.0364,0.4654,0.0145,0.4691,SUCCESS
DROP_MATCH23_SHOT0370_HITFRAME00082088.mp4,DROP,Drop,Smash,65.94%,0.0024,0.0140,0.3225,0.0017,0.6594,SUCCESS
DROP_MATCH23_SHOT0387_HITFRAME00087257.mp4,DROP,Drop,Smash,92.15%,0.0006,0.0045,0.0725,0.0010,0.9215,SUCCESS
DROP_MATCH23_SHOT0388_HITFRAME00087333.mp4,DROP,Drop,Smash,95.63%,0.0002,0.0030,0.0400,0.0005,0.9563,SUCCESS
DROP_MATCH23_SHOT0391_HITFRAME00087587.mp4,DROP,Drop,Smash,92.39%,0.0008,0.0147,0.0581,0.0026,0.9239,SUCCESS
DROP_MATCH23_SHOT0394_HITFRAME00087708.mp4,DROP,Drop,Smash,66.55%,0.0065,0.0416,0.2783,0.0082,0.6655,SUCCESS
DROP_MATCH24_SHOT0084_HITFRAME00031885.mp4,DROP,Drop,Smash,66.93%,0.0015,0.0084,0.3190,0.0017,0.6693,SUCCESS
DROP_MATCH24_SHOT0125_HITFRAME00043176.mp4,DROP,Drop,Smash,90.51%,0.0005,0.0771,0.0160,0.0013,0.9051,SUCCESS
DROP_MATCH24_SHOT0157_HITFRAME00056992.mp4,DROP,Drop,Smash,47.97%,0.0152,0.0472,0.4520,0.0058,0.4797,SUCCESS
DROP_MATCH24_SHOT0167_HITFRAME00057356.mp4,DROP,Drop,Smash,65.02%,0.0018,0.2326,0.1110,0.0043,0.6502,SUCCESS
DROP_MATCH24_SHOT0168_HITFRAME00058172.mp4,DROP,Drop,Drive,94.03%,0.0019,0.9403,0.0150,0.0359,0.0070,SUCCESS
DROP_MATCH24_SHOT0211_HITFRAME00071717.mp4,DROP,Drop,Smash,99.04%,0.0001,0.0007,0.0088,0.0001,0.9904,SUCCESS
DROP_MATCH24_SHOT0213_HITFRAME00072419.mp4,DROP,Drop,Smash,74.65%,0.0005,0.0029,0.2496,0.0005,0.7465,SUCCESS
DROP_MATCH24_SHOT0263_HITFRAME00086813.mp4,DROP,Drop,Smash,48.46%,0.0126,0.1025,0.3788,0.0215,0.4846,SUCCESS
DROP_MATCH24_SHOT0284_HITFRAME00090529.mp4,DROP,Drop,Smash,59.73%,0.0094,0.0752,0.2993,0.0188,0.5973,SUCCESS
DROP_MATCH24_SHOT0295_HITFRAME00094830.mp4,DROP,Drop,Drive,51.99%,0.0135,0.5199,0.3887,0.0244,0.0535,SUCCESS
DROP_MATCH24_SHOT0314_HITFRAME00100973.mp4,DROP,Drop,Smash,66.10%,0.0010,0.0029,0.3348,0.0004,0.6610,SUCCESS
DROP_MATCH24_SHOT0330_HITFRAME00108815.mp4,DROP,Drop,Smash,98.47%,0.0002,0.0038,0.0108,0.0005,0.9847,SUCCESS
DROP_MATCH24_SHOT0334_HITFRAME00110866.mp4,DROP,Drop,Smash,50.06%,0.0047,0.0396,0.4513,0.0038,0.5006,SUCCESS
DROP_MATCH24_SHOT0348_HITFRAME00115043.mp4,DROP,Drop,Drive,50.24%,0.0042,0.5024,0.1217,0.0085,0.3632,SUCCESS
DROP_MATCH24_SHOT0354_HITFRAME00117072.mp4,DROP,Drop,Drive,74.63%,0.0136,0.7463,0.2146,0.0060,0.0195,SUCCESS
DROP_MATCH24_SHOT0358_HITFRAME00117285.mp4,DROP,Drop,Smash,53.85%,0.0039,0.0185,0.4361,0.0030,0.5385,SUCCESS
DROP_MATCH24_SHOT0379_HITFRAME00121828.mp4,DROP,Drop,Smash,98.83%,0.0001,0.0057,0.0057,0.0002,0.9883,SUCCESS
DROP_MATCH24_SHOT0385_HITFRAME00122236.mp4,DROP,Drop,Smash,80.56%,0.0005,0.0022,0.1911,0.0005,0.8056,SUCCESS
DROP_MATCH24_SHOT0412_HITFRAME00128385.mp4,DROP,Drop,Smash,68.17%,0.0077,0.1477,0.1486,0.0143,0.6817,SUCCESS
DROP_MATCH25_SHOT0003_HITFRAME00012581.mp4,DROP,Drop,Smash,52.69%,0.0049,0.0089,0.4554,0.0039,0.5269,SUCCESS
DROP_MATCH25_SHOT0015_HITFRAME00015234.mp4,DROP,Drop,Drive,88.74%,0.0084,0.8874,0.0519,0.0337,0.0185,SUCCESS
DROP_MATCH25_SHOT0020_HITFRAME00016756.mp4,DROP,Drop,Drive,96.36%,0.0016,0.9636,0.0108,0.0183,0.0057,SUCCESS
DROP_MATCH25_SHOT0043_HITFRAME00023486.mp4,DROP,Drop,Smash,87.55%,0.0049,0.0135,0.1020,0.0041,0.8755,SUCCESS
DROP_MATCH25_SHOT0055_HITFRAME00027591.mp4,DROP,Drop,Drive,95.76%,0.0024,0.9576,0.0161,0.0132,0.0107,SUCCESS
DROP_MATCH25_SHOT0064_HITFRAME00032551.mp4,DROP,Drop,Smash,79.21%,0.0025,0.1704,0.0303,0.0046,0.7921,SUCCESS
DROP_MATCH25_SHOT0070_HITFRAME00032822.mp4,DROP,Drop,Smash,56.92%,0.0040,0.0063,0.4166,0.0039,0.5692,SUCCESS
DROP_MATCH25_SHOT0074_HITFRAME00032982.mp4,DROP,Drop,Drive,64.23%,0.0019,0.6423,0.0702,0.0019,0.2837,SUCCESS
DROP_MATCH25_SHOT0078_HITFRAME00034157.mp4,DROP,Drop,Smash,95.88%,0.0006,0.0025,0.0374,0.0007,0.9588,SUCCESS
DROP_MATCH25_SHOT0086_HITFRAME00035300.mp4,DROP,Drop,Smash,95.18%,0.0003,0.0073,0.0404,0.0003,0.9518,SUCCESS
DROP_MATCH25_SHOT0094_HITFRAME00036982.mp4,DROP,Drop,Smash,68.82%,0.0054,0.2235,0.0782,0.0047,0.6882,SUCCESS
DROP_MATCH25_SHOT0097_HITFRAME00037237.mp4,DROP,Drop,Smash,73.72%,0.0039,0.0109,0.2454,0.0027,0.7372,SUCCESS
DROP_MATCH25_SHOT0138_HITFRAME00059268.mp4,DROP,Drop,Drive,82.75%,0.0143,0.8275,0.0952,0.0349,0.0280,SUCCESS
DROP_MATCH25_SHOT0140_HITFRAME00059358.mp4,DROP,Drop,Smash,47.02%,0.0187,0.0481,0.4459,0.0171,0.4702,SUCCESS
DROP_MATCH25_SHOT0143_HITFRAME00059501.mp4,DROP,Drop,Drive,98.34%,0.0010,0.9834,0.0056,0.0036,0.0064,SUCCESS
DROP_MATCH25_SHOT0149_HITFRAME00062656.mp4,DROP,Drop,Smash,66.39%,0.0126,0.1374,0.1690,0.0171,0.6639,SUCCESS
DROP_MATCH25_SHOT0178_HITFRAME00076238.mp4,DROP,Drop,Smash,97.97%,0.0003,0.0026,0.0169,0.0005,0.9797,SUCCESS
DROP_MATCH25_SHOT0182_HITFRAME00076559.mp4,DROP,Drop,Smash,97.57%,0.0004,0.0096,0.0132,0.0011,0.9757,SUCCESS
DROP_MATCH25_SHOT0185_HITFRAME00076676.mp4,DROP,Drop,Drive,96.41%,0.0013,0.9641,0.0120,0.0048,0.0179,SUCCESS
DROP_MATCH25_SHOT0188_HITFRAME00078412.mp4,DROP,Drop,Smash,98.11%,0.0002,0.0026,0.0154,0.0007,0.9811,SUCCESS
DROP_MATCH25_SHOT0189_HITFRAME00078474.mp4,DROP,Drop,Smash,99.48%,0.0001,0.0012,0.0038,0.0001,0.9948,SUCCESS
DROP_MATCH25_SHOT0203_HITFRAME00085603.mp4,DROP,Drop,Smash,82.44%,0.0035,0.0907,0.0770,0.0044,0.8244,SUCCESS
DROP_MATCH25_SHOT0205_HITFRAME00085764.mp4,DROP,Drop,Smash,78.15%,0.0037,0.0237,0.1848,0.0064,0.7815,SUCCESS
DROP_MATCH25_SHOT0206_HITFRAME00087294.mp4,DROP,Drop,Drive,89.68%,0.0053,0.8968,0.0266,0.0169,0.0544,SUCCESS
DROP_MATCH28_SHOT0014_HITFRAME00012812.mp4,DROP,Drop,Smash,96.29%,0.0002,0.0103,0.0260,0.0005,0.9629,SUCCESS
DROP_MATCH28_SHOT0069_HITFRAME00023951.mp4,DROP,Drop,Smash,66.85%,0.0010,0.0029,0.3271,0.0005,0.6685,SUCCESS
DROP_MATCH28_SHOT0159_HITFRAME00043247.mp4,DROP,Drop,Drive,79.97%,0.0037,0.7997,0.1573,0.0189,0.0203,SUCCESS
DROP_MATCH28_SHOT0176_HITFRAME00049938.mp4,DROP,Drop,Smash,80.38%,0.0008,0.0176,0.1765,0.0013,0.8038,SUCCESS
DROP_MATCH28_SHOT0191_HITFRAME00052927.mp4,DROP,Drop,Smash,95.75%,0.0002,0.0076,0.0340,0.0007,0.9575,SUCCESS
DROP_MATCH28_SHOT0194_HITFRAME00053562.mp4,DROP,Drop,Drive,48.14%,0.0132,0.4814,0.2705,0.0361,0.1988,SUCCESS
DROP_MATCH28_SHOT0201_HITFRAME00053955.mp4,DROP,Drop,Smash,95.15%,0.0004,0.0112,0.0357,0.0013,0.9515,SUCCESS
DROP_MATCH28_SHOT0209_HITFRAME00055475.mp4,DROP,Drop,Drive,44.29%,0.0119,0.4429,0.3802,0.0186,0.1464,SUCCESS
DROP_MATCH28_SHOT0210_HITFRAME00055535.mp4,DROP,Drop,Drive,97.52%,0.0012,0.9752,0.0158,0.0025,0.0054,SUCCESS
DROP_MATCH28_SHOT0217_HITFRAME00058159.mp4,DROP,Drop,Drive,99.70%,0.0002,0.9970,0.0014,0.0007,0.0007,SUCCESS
DROP_MATCH28_SHOT0226_HITFRAME00059046.mp4,DROP,Drop,Drive,99.15%,0.0005,0.9915,0.0052,0.0009,0.0018,SUCCESS
DROP_MATCH28_SHOT0236_HITFRAME00061340.mp4,DROP,Drop,Drive,45.83%,0.0040,0.4583,0.2104,0.0091,0.3183,SUCCESS
DROP_MATCH28_SHOT0242_HITFRAME00062299.mp4,DROP,Drop,Drive,86.90%,0.0020,0.8690,0.0403,0.0034,0.0852,SUCCESS
DROP_MATCH28_SHOT0245_HITFRAME00062431.mp4,DROP,Drop,Drive,57.08%,0.0015,0.5708,0.0525,0.0039,0.3713,SUCCESS
DROP_MATCH28_SHOT0249_HITFRAME00062619.mp4,DROP,Drop,Drive,50.63%,0.0082,0.5063,0.3305,0.0187,0.1363,SUCCESS
DROP_MATCH28_SHOT0257_HITFRAME00066260.mp4,DROP,Drop,Drive,62.58%,0.0065,0.6258,0.1637,0.0206,0.1834,SUCCESS
DROP_MATCH28_SHOT0259_HITFRAME00066431.mp4,DROP,Drop,Drive,73.07%,0.0076,0.7307,0.2366,0.0058,0.0194,SUCCESS
DROP_MATCH28_SHOT0277_HITFRAME00067988.mp4,DROP,Drop,Drive,99.01%,0.0004,0.9901,0.0043,0.0042,0.0010,SUCCESS
DROP_MATCH28_SHOT0284_HITFRAME00068372.mp4,DROP,Drop,Drive,71.93%,0.0095,0.7193,0.1549,0.0141,0.1021,SUCCESS
DROP_MATCH28_SHOT0285_HITFRAME00070151.mp4,DROP,Drop,Drive,56.67%,0.0140,0.5667,0.3811,0.0081,0.0302,SUCCESS
DROP_MATCH28_SHOT0289_HITFRAME00071701.mp4,DROP,Drop,Smash,50.10%,0.0029,0.2035,0.2860,0.0065,0.5010,SUCCESS
DROP_MATCH28_SHOT0310_HITFRAME00076239.mp4,DROP,Drop,Drive,83.23%,0.0036,0.8323,0.1373,0.0028,0.0240,SUCCESS
DROP_MATCH28_SHOT0317_HITFRAME00076579.mp4,DROP,Drop,Drive,58.72%,0.0027,0.5872,0.0687,0.0055,0.3360,SUCCESS
DROP_MATCH28_SHOT0321_HITFRAME00077689.mp4,DROP,Drop,Drive,47.50%,0.0068,0.4750,0.2331,0.0178,0.2673,SUCCESS
DROP_MATCH28_SHOT0333_HITFRAME00081684.mp4,DROP,Drop,Drive,45.87%,0.0066,0.4587,0.2627,0.0125,0.2594,SUCCESS
DROP_MATCH28_SHOT0336_HITFRAME00081799.mp4,DROP,Drop,Smash,74.18%,0.0022,0.0912,0.1592,0.0056,0.7418,SUCCESS
DROP_MATCH28_SHOT0353_HITFRAME00086092.mp4,DROP,Drop,Drive,42.46%,0.0073,0.4246,0.3514,0.0140,0.2028,SUCCESS
DROP_MATCH28_SHOT0361_HITFRAME00086431.mp4,DROP,Drop,Smash,94.31%,0.0004,0.0287,0.0259,0.0019,0.9431,SUCCESS
DROP_MATCH29_SHOT0012_HITFRAME00012050.mp4,DROP,Drop,Smash,90.65%,0.0003,0.0213,0.0705,0.0014,0.9065,SUCCESS
DROP_MATCH29_SHOT0014_HITFRAME00012191.mp4,DROP,Drop,Drive,99.85%,0.0001,0.9985,0.0006,0.0004,0.0004,SUCCESS
DROP_MATCH29_SHOT0016_HITFRAME00012838.mp4,DROP,Drop,Drive,62.35%,0.0062,0.6235,0.1550,0.0711,0.1443,SUCCESS
DROP_MATCH29_SHOT0020_HITFRAME00014310.mp4,DROP,Drop,Drive,99.81%,0.0001,0.9981,0.0009,0.0003,0.0005,SUCCESS
DROP_MATCH29_SHOT0025_HITFRAME00014602.mp4,DROP,Drop,Drive,99.19%,0.0005,0.9919,0.0026,0.0035,0.0016,SUCCESS
DROP_MATCH29_SHOT0051_HITFRAME00023057.mp4,DROP,Drop,Drive,99.82%,0.0002,0.9982,0.0007,0.0007,0.0002,SUCCESS
DROP_MATCH29_SHOT0052_HITFRAME00023761.mp4,DROP,Drop,Drive,49.26%,0.0124,0.4926,0.3236,0.0314,0.1400,SUCCESS
DROP_MATCH29_SHOT0069_HITFRAME00027509.mp4,DROP,Drop,Drive,96.22%,0.0004,0.9622,0.0072,0.0012,0.0289,SUCCESS
DROP_MATCH29_SHOT0082_HITFRAME00031059.mp4,DROP,Drop,Drive,91.52%,0.0043,0.9152,0.0527,0.0226,0.0052,SUCCESS
DROP_MATCH29_SHOT0086_HITFRAME00031271.mp4,DROP,Drop,Drive,73.99%,0.0104,0.7399,0.1550,0.0262,0.0686,SUCCESS
DROP_MATCH29_SHOT0110_HITFRAME00035000.mp4,DROP,Drop,Drive,99.89%,0.0001,0.9989,0.0004,0.0004,0.0002,SUCCESS
DROP_MATCH29_SHOT0135_HITFRAME00041075.mp4,DROP,Drop,Drive,45.57%,0.0047,0.4557,0.3182,0.0075,0.2139,SUCCESS
DROP_MATCH29_SHOT0150_HITFRAME00044951.mp4,DROP,Drop,Drive,43.62%,0.0049,0.4362,0.2150,0.0173,0.3266,SUCCESS
DROP_MATCH29_SHOT0154_HITFRAME00049839.mp4,DROP,Drop,Drive,99.29%,0.0004,0.9929,0.0038,0.0006,0.0022,SUCCESS
DROP_MATCH29_SHOT0156_HITFRAME00049946.mp4,DROP,Drop,Drive,65.09%,0.0130,0.6509,0.2218,0.0251,0.0891,SUCCESS
DROP_MATCH29_SHOT0160_HITFRAME00050104.mp4,DROP,Drop,Smash,90.43%,0.0023,0.0196,0.0715,0.0023,0.9043,SUCCESS
DROP_MATCH29_SHOT0162_HITFRAME00050197.mp4,DROP,Drop,Smash,62.61%,0.0044,0.2395,0.1140,0.0159,0.6261,SUCCESS
DROP_MATCH29_SHOT0172_HITFRAME00053132.mp4,DROP,Drop,Drive,99.83%,0.0002,0.9983,0.0007,0.0005,0.0003,SUCCESS
DROP_MATCH29_SHOT0183_HITFRAME00054818.mp4,DROP,Drop,Smash,99.36%,0.0001,0.0012,0.0050,0.0001,0.9936,SUCCESS
DROP_MATCH29_SHOT0196_HITFRAME00057159.mp4,DROP,Drop,Drive,99.81%,0.0002,0.9981,0.0008,0.0005,0.0004,SUCCESS
DROP_MATCH29_SHOT0202_HITFRAME00058087.mp4,DROP,Drop,Drive,99.78%,0.0002,0.9978,0.0007,0.0009,0.0003,SUCCESS
DROP_MATCH29_SHOT0204_HITFRAME00058890.mp4,DROP,Drop,Drive,98.97%,0.0008,0.9897,0.0047,0.0038,0.0010,SUCCESS
DROP_MATCH29_SHOT0207_HITFRAME00059770.mp4,DROP,Drop,Drive,99.47%,0.0004,0.9947,0.0025,0.0009,0.0015,SUCCESS
DROP_MATCH29_SHOT0215_HITFRAME00061300.mp4,DROP,Drop,Drive,99.92%,0.0001,0.9992,0.0003,0.0003,0.0002,SUCCESS
DROP_MATCH29_SHOT0221_HITFRAME00061693.mp4,DROP,Drop,Drive,63.15%,0.0078,0.6315,0.3435,0.0025,0.0146,SUCCESS
DROP_MATCH29_SHOT0247_HITFRAME00069098.mp4,DROP,Drop,Smash,46.65%,0.0044,0.2979,0.2176,0.0135,0.4665,SUCCESS
DROP_MATCH29_SHOT0275_HITFRAME00074805.mp4,DROP,Drop,Drive,99.83%,0.0001,0.9983,0.0007,0.0004,0.0004,SUCCESS
DROP_MATCH29_SHOT0286_HITFRAME00075412.mp4,DROP,Drop,Smash,94.62%,0.0008,0.0335,0.0177,0.0017,0.9462,SUCCESS
DROP_MATCH29_SHOT0290_HITFRAME00076624.mp4,DROP,Drop,Smash,88.11%,0.0005,0.0018,0.1161,0.0006,0.8811,SUCCESS
DROP_MATCH29_SHOT0296_HITFRAME00078470.mp4,DROP,Drop,Drive,99.88%,0.0001,0.9988,0.0005,0.0003,0.0004,SUCCESS
DROP_MATCH29_SHOT0303_HITFRAME00079619.mp4,DROP,Drop,Drive,89.39%,0.0041,0.8939,0.0912,0.0041,0.0067,SUCCESS
DROP_MATCH29_SHOT0308_HITFRAME00079907.mp4,DROP,Drop,Drive,79.26%,0.0058,0.7926,0.1688,0.0212,0.0116,SUCCESS
DROP_MATCH29_SHOT0314_HITFRAME00080984.mp4,DROP,Drop,Smash,94.62%,0.0012,0.0117,0.0396,0.0013,0.9462,SUCCESS
DROP_MATCH29_SHOT0320_HITFRAME00083227.mp4,DROP,Drop,Drive,99.79%,0.0002,0.9979,0.0009,0.0007,0.0003,SUCCESS
DROP_MATCH29_SHOT0334_HITFRAME00086030.mp4,DROP,Drop,Drive,99.72%,0.0002,0.9972,0.0012,0.0010,0.0004,SUCCESS
DROP_MATCH29_SHOT0337_HITFRAME00086722.mp4,DROP,Drop,Drive,68.80%,0.0051,0.6880,0.2117,0.0114,0.0839,SUCCESS
DROP_MATCH29_SHOT0341_HITFRAME00086946.mp4,DROP,Drop,Drive,91.74%,0.0023,0.9174,0.0194,0.0056,0.0554,SUCCESS
DROP_MATCH29_SHOT0348_HITFRAME00088994.mp4,DROP,Drop,Drive,46.30%,0.0139,0.4630,0.3764,0.0129,0.1338,SUCCESS
DROP_MATCH30_SHOT0017_HITFRAME00015615.mp4,DROP,Drop,Drive,99.84%,0.0001,0.9984,0.0007,0.0003,0.0005,SUCCESS
DROP_MATCH30_SHOT0020_HITFRAME00015777.mp4,DROP,Drop,Smash,96.72%,0.0001,0.0013,0.0312,0.0002,0.9672,SUCCESS
DROP_MATCH30_SHOT0025_HITFRAME00017635.mp4,DROP,Drop,Drive,56.67%,0.0047,0.5667,0.3884,0.0053,0.0350,SUCCESS
DROP_MATCH30_SHOT0033_HITFRAME00019362.mp4,DROP,Drop,Drive,99.85%,0.0001,0.9985,0.0006,0.0006,0.0002,SUCCESS
DROP_MATCH30_SHOT0036_HITFRAME00019481.mp4,DROP,Drop,Drive,85.10%,0.0026,0.8510,0.0934,0.0039,0.0492,SUCCESS
DROP_MATCH30_SHOT0058_HITFRAME00025183.mp4,DROP,Drop,Drive,64.98%,0.0059,0.6498,0.2537,0.0256,0.0650,SUCCESS
DROP_MATCH30_SHOT0072_HITFRAME00031469.mp4,DROP,Drop,Smash,98.31%,0.0001,0.0047,0.0119,0.0002,0.9831,SUCCESS
DROP_MATCH30_SHOT0073_HITFRAME00031534.mp4,DROP,Drop,Smash,50.27%,0.0014,0.0022,0.4931,0.0006,0.5027,SUCCESS
DROP_MATCH30_SHOT0074_HITFRAME00031595.mp4,DROP,Drop,Smash,78.68%,0.0006,0.0011,0.2111,0.0003,0.7868,SUCCESS
DROP_MATCH30_SHOT0078_HITFRAME00031843.mp4,DROP,Drop,Smash,96.19%,0.0002,0.0013,0.0364,0.0003,0.9619,SUCCESS
DROP_MATCH30_SHOT0095_HITFRAME00036234.mp4,DROP,Drop,Drive,97.73%,0.0005,0.9773,0.0088,0.0008,0.0126,SUCCESS
DROP_MATCH30_SHOT0104_HITFRAME00039112.mp4,DROP,Drop,Drive,99.01%,0.0006,0.9901,0.0039,0.0011,0.0044,SUCCESS
DROP_MATCH30_SHOT0117_HITFRAME00041943.mp4,DROP,Drop,Smash,99.24%,0.0001,0.0011,0.0063,0.0001,0.9924,SUCCESS
DROP_MATCH30_SHOT0129_HITFRAME00044222.mp4,DROP,Drop,Smash,60.38%,0.0020,0.2405,0.1512,0.0025,0.6038,SUCCESS
DROP_MATCH30_SHOT0151_HITFRAME00047710.mp4,DROP,Drop,Smash,85.26%,0.0006,0.1216,0.0239,0.0014,0.8526,SUCCESS
DROP_MATCH30_SHOT0170_HITFRAME00056167.mp4,DROP,Drop,Drive,99.26%,0.0004,0.9926,0.0024,0.0035,0.0010,SUCCESS
DROP_MATCH30_SHOT0177_HITFRAME00059484.mp4,DROP,Drop,Drive,78.15%,0.0057,0.7815,0.1377,0.0202,0.0550,SUCCESS
DROP_MATCH30_SHOT0179_HITFRAME00059680.mp4,DROP,Drop,Drive,77.03%,0.0006,0.7703,0.0187,0.0019,0.2085,SUCCESS
DROP_MATCH30_SHOT0191_HITFRAME00061511.mp4,DROP,Drop,Drive,47.31%,0.0323,0.4731,0.4223,0.0203,0.0520,SUCCESS
DROP_MATCH30_SHOT0231_HITFRAME00071869.mp4,DROP,Drop,Drive,73.17%,0.0085,0.7317,0.2213,0.0135,0.0250,SUCCESS
DROP_MATCH30_SHOT0242_HITFRAME00075805.mp4,DROP,Drop,Drive,75.61%,0.0121,0.7561,0.1766,0.0260,0.0293,SUCCESS
DROP_MATCH30_SHOT0251_HITFRAME00077399.mp4,DROP,Drop,Drive,60.98%,0.0285,0.6098,0.2825,0.0460,0.0332,SUCCESS
DROP_MATCH30_SHOT0254_HITFRAME00079141.mp4,DROP,Drop,Drive,89.00%,0.0011,0.8900,0.0437,0.0171,0.0481,SUCCESS
DROP_MATCH30_SHOT0256_HITFRAME00079228.mp4,DROP,Drop,Drive,99.65%,0.0001,0.9965,0.0013,0.0005,0.0017,SUCCESS
DROP_MATCH30_SHOT0264_HITFRAME00081869.mp4,DROP,Drop,Drive,99.72%,0.0002,0.9972,0.0014,0.0006,0.0006,SUCCESS
DROP_MATCH30_SHOT0270_HITFRAME00082325.mp4,DROP,Drop,Drive,97.63%,0.0015,0.9763,0.0098,0.0087,0.0036,SUCCESS
DROP_MATCH30_SHOT0287_HITFRAME00092445.mp4,DROP,Drop,Drive,96.02%,0.0010,0.9602,0.0327,0.0008,0.0054,SUCCESS
DROP_MATCH30_SHOT0298_HITFRAME00094732.mp4,DROP,Drop,Drive,50.27%,0.0153,0.5027,0.3609,0.0267,0.0944,SUCCESS
DROP_MATCH30_SHOT0315_HITFRAME00099162.mp4,DROP,Drop,Drive,63.60%,0.0055,0.6360,0.1909,0.1506,0.0170,SUCCESS
DROP_MATCH30_SHOT0317_HITFRAME00099282.mp4,DROP,Drop,Drive,98.57%,0.0005,0.9857,0.0048,0.0065,0.0026,SUCCESS
DROP_MATCH30_SHOT0321_HITFRAME00101872.mp4,DROP,Drop,Drive,89.37%,0.0113,0.8937,0.0542,0.0328,0.0079,SUCCESS
DROP_MATCH30_SHOT0342_HITFRAME00110146.mp4,DROP,Drop,Drive,67.65%,0.0006,0.6765,0.0125,0.0024,0.3081,SUCCESS
DROP_MATCH30_SHOT0354_HITFRAME00114418.mp4,DROP,Drop,Smash,99.35%,0.0001,0.0023,0.0040,0.0001,0.9935,SUCCESS
DROP_MATCH30_SHOT0355_HITFRAME00115996.mp4,DROP,Drop,Smash,99.68%,0.0000,0.0008,0.0023,0.0001,0.9968,SUCCESS
DROP_MATCH30_SHOT0360_HITFRAME00116218.mp4,DROP,Drop,Smash,99.43%,0.0000,0.0011,0.0045,0.0001,0.9943,SUCCESS
DROP_MATCH30_SHOT0394_HITFRAME00123442.mp4,DROP,Drop,Drive,94.66%,0.0023,0.9466,0.0417,0.0028,0.0066,SUCCESS
DROP_MATCH30_SHOT0395_HITFRAME00123503.mp4,DROP,Drop,Drive,91.75%,0.0031,0.9175,0.0735,0.0021,0.0038,SUCCESS
DROP_MATCH30_SHOT0400_HITFRAME00126934.mp4,DROP,Drop,Drive,98.27%,0.0010,0.9827,0.0122,0.0017,0.0024,SUCCESS
DROP_MATCH30_SHOT0409_HITFRAME00128077.mp4,DROP,Drop,Drive,99.25%,0.0004,0.9925,0.0019,0.0047,0.0005,SUCCESS
DROP_MATCH30_SHOT0413_HITFRAME00129304.mp4,DROP,Drop,Drive,99.51%,0.0003,0.9951,0.0020,0.0018,0.0009,SUCCESS
DROP_MATCH30_SHOT0440_HITFRAME00137243.mp4,DROP,Drop,Smash,93.36%,0.0003,0.0487,0.0166,0.0008,0.9336,SUCCESS
DROP_MATCH30_SHOT0451_HITFRAME00138361.mp4,DROP,Drop,Smash,50.28%,0.0019,0.1374,0.3533,0.0047,0.5028,SUCCESS
DROP_MATCH30_SHOT0453_HITFRAME00138445.mp4,DROP,Drop,Drive,99.63%,0.0002,0.9963,0.0022,0.0006,0.0007,SUCCESS
DROP_MATCH30_SHOT0457_HITFRAME00141457.mp4,DROP,Drop,Drive,83.31%,0.0012,0.8331,0.1208,0.0021,0.0429,SUCCESS
DROP_MATCH30_SHOT0466_HITFRAME00142337.mp4,DROP,Drop,Drive,50.27%,0.0136,0.5027,0.3865,0.0198,0.0773,SUCCESS
DROP_MATCH30_SHOT0477_HITFRAME00143721.mp4,DROP,Drop,Drive,58.19%,0.0068,0.5819,0.2492,0.0118,0.1502,SUCCESS
DROP_MATCH30_SHOT0478_HITFRAME00143765.mp4,DROP,Drop,Drive,48.07%,0.0050,0.4807,0.2590,0.0076,0.2477,SUCCESS
DROP_MATCH30_SHOT0499_HITFRAME00149951.mp4,DROP,Drop,Drive,97.47%,0.0006,0.9747,0.0106,0.0120,0.0022,SUCCESS
DROP_MATCH30_SHOT0504_HITFRAME00152723.mp4,DROP,Drop,Drive,81.37%,0.0040,0.8137,0.0665,0.1050,0.0108,SUCCESS
DROP_MATCH30_SHOT0515_HITFRAME00155139.mp4,DROP,Drop,Drive,99.09%,0.0005,0.9909,0.0045,0.0026,0.0016,SUCCESS
DROP_MATCH30_SHOT0522_HITFRAME00157499.mp4,DROP,Drop,Drive,43.35%,0.0033,0.4335,0.1600,0.0423,0.3609,SUCCESS
DROP_MATCH31_SHOT0004_HITFRAME00012329.mp4,DROP,Drop,Smash,74.78%,0.0049,0.1769,0.0594,0.0110,0.7478,SUCCESS
DROP_MATCH31_SHOT0013_HITFRAME00014628.mp4,DROP,Drop,Drive,54.48%,0.0484,0.5448,0.1527,0.0593,0.1949,SUCCESS
DROP_MATCH31_SHOT0028_HITFRAME00016808.mp4,DROP,Drop,Smash,98.09%,0.0004,0.0067,0.0114,0.0006,0.9809,SUCCESS
DROP_MATCH31_SHOT0053_HITFRAME00025908.mp4,DROP,Drop,Smash,55.08%,0.0126,0.2349,0.1893,0.0124,0.5508,SUCCESS
DROP_MATCH31_SHOT0072_HITFRAME00031905.mp4,DROP,Drop,Smash,43.02%,0.0067,0.4163,0.0631,0.0837,0.4302,SUCCESS
DROP_MATCH31_SHOT0074_HITFRAME00032026.mp4,DROP,Drop,Smash,82.93%,0.0033,0.0843,0.0771,0.0060,0.8293,SUCCESS
DROP_MATCH31_SHOT0078_HITFRAME00037686.mp4,DROP,Drop,Smash,81.06%,0.0022,0.1101,0.0604,0.0167,0.8106,SUCCESS
DROP_MATCH31_SHOT0088_HITFRAME00040870.mp4,DROP,Drop,Smash,96.17%,0.0004,0.0091,0.0276,0.0012,0.9617,SUCCESS
DROP_MATCH31_SHOT0096_HITFRAME00041505.mp4,DROP,Drop,Drive,75.52%,0.0167,0.7552,0.1140,0.0337,0.0804,SUCCESS
DROP_MATCH31_SHOT0101_HITFRAME00043445.mp4,DROP,Drop,Drive,99.72%,0.0003,0.9972,0.0012,0.0006,0.0007,SUCCESS
DROP_MATCH31_SHOT0106_HITFRAME00045158.mp4,DROP,Drop,Smash,86.32%,0.0035,0.0636,0.0633,0.0064,0.8632,SUCCESS
DROP_MATCH31_SHOT0110_HITFRAME00046760.mp4,DROP,Drop,Smash,83.24%,0.0021,0.0133,0.1488,0.0034,0.8324,SUCCESS
DROP_MATCH31_SHOT0112_HITFRAME00047532.mp4,DROP,Drop,Smash,76.16%,0.0059,0.0980,0.1096,0.0249,0.7616,SUCCESS
DROP_MATCH31_SHOT0126_HITFRAME00051302.mp4,DROP,Drop,Smash,52.26%,0.0184,0.0463,0.3926,0.0201,0.5226,SUCCESS
DROP_MATCH31_SHOT0141_HITFRAME00055557.mp4,DROP,Drop,Net Shot,76.23%,0.0035,0.1593,0.0374,0.7623,0.0375,SUCCESS
DROP_MATCH31_SHOT0142_HITFRAME00055608.mp4,DROP,Drop,Drive,92.70%,0.0026,0.9270,0.0347,0.0073,0.0283,SUCCESS
DROP_MATCH31_SHOT0165_HITFRAME00063957.mp4,DROP,Drop,Drive,83.58%,0.0012,0.8358,0.0236,0.0039,0.1355,SUCCESS
DROP_MATCH31_SHOT0190_HITFRAME00071809.mp4,DROP,Drop,Drive,99.80%,0.0001,0.9980,0.0006,0.0005,0.0008,SUCCESS
DROP_MATCH32_SHOT0028_HITFRAME00016608.mp4,DROP,Drop,Smash,98.66%,0.0001,0.0027,0.0104,0.0002,0.9866,SUCCESS
DROP_MATCH32_SHOT0035_HITFRAME00018254.mp4,DROP,Drop,Smash,93.37%,0.0002,0.0010,0.0649,0.0002,0.9337,SUCCESS
DROP_MATCH32_SHOT0057_HITFRAME00021424.mp4,DROP,Drop,Drive,89.65%,0.0069,0.8965,0.0792,0.0053,0.0121,SUCCESS
DROP_MATCH32_SHOT0063_HITFRAME00021861.mp4,DROP,Drop,Smash,99.67%,0.0000,0.0008,0.0024,0.0001,0.9967,SUCCESS
DROP_MATCH32_SHOT0078_HITFRAME00024915.mp4,DROP,Drop,Smash,54.25%,0.0088,0.0411,0.3882,0.0194,0.5425,SUCCESS
DROP_MATCH32_SHOT0082_HITFRAME00025741.mp4,DROP,Drop,Smash,93.62%,0.0002,0.0022,0.0610,0.0004,0.9362,SUCCESS
DROP_MATCH32_SHOT0097_HITFRAME00026937.mp4,DROP,Drop,Drive,99.06%,0.0006,0.9906,0.0049,0.0006,0.0033,SUCCESS
DROP_MATCH32_SHOT0107_HITFRAME00028543.mp4,DROP,Drop,Smash,98.76%,0.0001,0.0072,0.0047,0.0003,0.9876,SUCCESS
DROP_MATCH32_SHOT0120_HITFRAME00033747.mp4,DROP,Drop,Smash,98.81%,0.0001,0.0048,0.0068,0.0002,0.9881,SUCCESS
DROP_MATCH32_SHOT0129_HITFRAME00035335.mp4,DROP,Drop,Drive,72.36%,0.0084,0.7236,0.2199,0.0059,0.0422,SUCCESS
DROP_MATCH32_SHOT0134_HITFRAME00037630.mp4,DROP,Drop,Smash,99.06%,0.0001,0.0049,0.0043,0.0002,0.9906,SUCCESS
DROP_MATCH32_SHOT0145_HITFRAME00039355.mp4,DROP,Drop,Smash,91.69%,0.0002,0.0009,0.0817,0.0002,0.9169,SUCCESS
DROP_MATCH32_SHOT0160_HITFRAME00040252.mp4,DROP,Drop,Smash,59.18%,0.0036,0.0240,0.3762,0.0044,0.5918,SUCCESS
DROP_MATCH32_SHOT0168_HITFRAME00043890.mp4,DROP,Drop,Smash,99.65%,0.0000,0.0006,0.0028,0.0001,0.9965,SUCCESS
DROP_MATCH32_SHOT0185_HITFRAME00049197.mp4,DROP,Drop,Smash,60.50%,0.0026,0.0342,0.3554,0.0028,0.6050,SUCCESS
DROP_MATCH32_SHOT0207_HITFRAME00055861.mp4,DROP,Drop,Smash,46.32%,0.0099,0.0585,0.4561,0.0123,0.4632,SUCCESS
DROP_MATCH32_SHOT0214_HITFRAME00057668.mp4,DROP,Drop,Smash,98.66%,0.0001,0.0010,0.0123,0.0001,0.9866,SUCCESS
DROP_MATCH32_SHOT0224_HITFRAME00059302.mp4,DROP,Drop,Smash,94.50%,0.0004,0.0114,0.0428,0.0004,0.9450,SUCCESS
DROP_MATCH32_SHOT0227_HITFRAME00059425.mp4,DROP,Drop,Smash,98.01%,0.0001,0.0023,0.0174,0.0002,0.9801,SUCCESS
DROP_MATCH32_SHOT0243_HITFRAME00067229.mp4,DROP,Drop,Drive,99.69%,0.0002,0.9969,0.0015,0.0005,0.0009,SUCCESS
DROP_MATCH32_SHOT0269_HITFRAME00073849.mp4,DROP,Drop,Drive,92.31%,0.0047,0.9231,0.0530,0.0065,0.0127,SUCCESS
DROP_MATCH32_SHOT0309_HITFRAME00085503.mp4,DROP,Drop,Smash,82.37%,0.0009,0.0041,0.1705,0.0008,0.8237,SUCCESS
DROP_MATCH32_SHOT0313_HITFRAME00085775.mp4,DROP,Drop,Drive,99.49%,0.0003,0.9949,0.0028,0.0007,0.0013,SUCCESS
DROP_MATCH32_SHOT0316_HITFRAME00086016.mp4,DROP,Drop,Drive,95.42%,0.0023,0.9542,0.0274,0.0033,0.0128,SUCCESS
DROP_MATCH32_SHOT0317_HITFRAME00086066.mp4,DROP,Drop,Drive,98.40%,0.0003,0.9840,0.0115,0.0005,0.0036,SUCCESS
DROP_MATCH32_SHOT0318_HITFRAME00086120.mp4,DROP,Drop,Smash,83.68%,0.0008,0.0856,0.0751,0.0016,0.8368,SUCCESS
DROP_MATCH32_SHOT0332_HITFRAME00089799.mp4,DROP,Drop,Drive,49.66%,0.0274,0.4966,0.2693,0.0238,0.1829,SUCCESS
DROP_MATCH32_SHOT0375_HITFRAME00104766.mp4,DROP,Drop,Smash,99.28%,0.0001,0.0023,0.0047,0.0001,0.9928,SUCCESS
DROP_MATCH32_SHOT0417_HITFRAME00112188.mp4,DROP,Drop,Smash,69.20%,0.0005,0.0053,0.3017,0.0004,0.6920,SUCCESS
DROP_MATCH32_SHOT0424_HITFRAME00114835.mp4,DROP,Drop,Smash,99.26%,0.0001,0.0015,0.0057,0.0001,0.9926,SUCCESS
DROP_MATCH32_SHOT0446_HITFRAME00119077.mp4,DROP,Drop,Smash,97.76%,0.0002,0.0123,0.0096,0.0004,0.9776,SUCCESS
DROP_MATCH32_SHOT0477_HITFRAME00128640.mp4,DROP,Drop,Smash,61.67%,0.0010,0.0202,0.3614,0.0007,0.6167,SUCCESS
DROP_MATCH34_SHOT0004_HITFRAME00012828.mp4,DROP,Drop,Smash,74.64%,0.0010,0.0024,0.2497,0.0004,0.7464,SUCCESS
DROP_MATCH34_SHOT0022_HITFRAME00016099.mp4,DROP,Drop,Drive,43.35%,0.0044,0.4335,0.3787,0.0038,0.1796,SUCCESS
DROP_MATCH34_SHOT0100_HITFRAME00037233.mp4,DROP,Drop,Drive,86.43%,0.0052,0.8643,0.0953,0.0105,0.0246,SUCCESS
DROP_MATCH34_SHOT0105_HITFRAME00037416.mp4,DROP,Drop,Drive,91.45%,0.0061,0.9145,0.0624,0.0082,0.0086,SUCCESS
DROP_MATCH34_SHOT0106_HITFRAME00037474.mp4,DROP,Drop,Drive,84.21%,0.0037,0.8421,0.0955,0.0054,0.0532,SUCCESS
DROP_MATCH34_SHOT0111_HITFRAME00039188.mp4,DROP,Drop,Drive,82.12%,0.0076,0.8212,0.1532,0.0049,0.0131,SUCCESS
DROP_MATCH34_SHOT0120_HITFRAME00042444.mp4,DROP,Drop,Drive,99.79%,0.0001,0.9979,0.0009,0.0005,0.0006,SUCCESS
DROP_MATCH34_SHOT0132_HITFRAME00045615.mp4,DROP,Drop,Drive,98.75%,0.0006,0.9875,0.0060,0.0041,0.0019,SUCCESS
DROP_MATCH34_SHOT0134_HITFRAME00045744.mp4,DROP,Drop,Smash,91.03%,0.0004,0.0025,0.0864,0.0004,0.9103,SUCCESS
DROP_MATCH34_SHOT0149_HITFRAME00053070.mp4,DROP,Drop,Drive,51.71%,0.0121,0.5171,0.3073,0.0656,0.0979,SUCCESS
DROP_MATCH34_SHOT0171_HITFRAME00058374.mp4,DROP,Drop,Drive,74.65%,0.0075,0.7465,0.2112,0.0095,0.0254,SUCCESS
DROP_MATCH34_SHOT0191_HITFRAME00062851.mp4,DROP,Drop,Drive,99.72%,0.0002,0.9972,0.0013,0.0008,0.0006,SUCCESS
DROP_MATCH34_SHOT0204_HITFRAME00068474.mp4,DROP,Drop,Drive,95.22%,0.0023,0.9522,0.0268,0.0116,0.0071,SUCCESS
DROP_MATCH34_SHOT0218_HITFRAME00074999.mp4,DROP,Drop,Drive,70.98%,0.0049,0.7098,0.2480,0.0028,0.0345,SUCCESS
DROP_MATCH34_SHOT0232_HITFRAME00078795.mp4,DROP,Drop,Drive,99.47%,0.0004,0.9947,0.0026,0.0013,0.0011,SUCCESS
DROP_MATCH34_SHOT0237_HITFRAME00079059.mp4,DROP,Drop,Drive,54.68%,0.0053,0.5468,0.4048,0.0017,0.0414,SUCCESS
DROP_MATCH35_SHOT0017_HITFRAME00016051.mp4,DROP,Drop,Smash,95.59%,0.0004,0.0109,0.0321,0.0007,0.9559,SUCCESS
DROP_MATCH35_SHOT0022_HITFRAME00016867.mp4,DROP,Drop,Drive,99.66%,0.0003,0.9966,0.0018,0.0006,0.0007,SUCCESS
DROP_MATCH35_SHOT0034_HITFRAME00018363.mp4,DROP,Drop,Drive,66.85%,0.0075,0.6685,0.2470,0.0170,0.0601,SUCCESS
DROP_MATCH35_SHOT0044_HITFRAME00020511.mp4,DROP,Drop,Drive,97.61%,0.0009,0.9761,0.0055,0.0167,0.0009,SUCCESS
DROP_MATCH35_SHOT0047_HITFRAME00022062.mp4,DROP,Drop,Drive,99.85%,0.0001,0.9985,0.0006,0.0003,0.0005,SUCCESS
DROP_MATCH35_SHOT0051_HITFRAME00022212.mp4,DROP,Drop,Smash,54.25%,0.0036,0.1154,0.3342,0.0043,0.5425,SUCCESS
DROP_MATCH35_SHOT0059_HITFRAME00024903.mp4,DROP,Drop,Smash,78.07%,0.0008,0.0107,0.2067,0.0011,0.7807,SUCCESS
DROP_MATCH35_SHOT0074_HITFRAME00026720.mp4,DROP,Drop,Drive,99.75%,0.0002,0.9975,0.0009,0.0010,0.0004,SUCCESS
DROP_MATCH35_SHOT0086_HITFRAME00029654.mp4,DROP,Drop,Drive,96.27%,0.0020,0.9627,0.0248,0.0062,0.0044,SUCCESS
DROP_MATCH35_SHOT0104_HITFRAME00036405.mp4,DROP,Drop,Drive,98.59%,0.0009,0.9859,0.0074,0.0034,0.0023,SUCCESS
DROP_MATCH35_SHOT0118_HITFRAME00039845.mp4,DROP,Drop,Smash,62.44%,0.0018,0.0375,0.3336,0.0027,0.6244,SUCCESS
DROP_MATCH35_SHOT0120_HITFRAME00039967.mp4,DROP,Drop,Smash,97.09%,0.0002,0.0108,0.0176,0.0004,0.9709,SUCCESS
DROP_MATCH35_SHOT0126_HITFRAME00040232.mp4,DROP,Drop,Drive,93.39%,0.0044,0.9339,0.0499,0.0062,0.0057,SUCCESS
DROP_MATCH35_SHOT0128_HITFRAME00040315.mp4,DROP,Drop,Drive,99.41%,0.0005,0.9941,0.0034,0.0012,0.0008,SUCCESS
DROP_MATCH35_SHOT0139_HITFRAME00041993.mp4,DROP,Drop,Drive,60.97%,0.0074,0.6097,0.3632,0.0040,0.0157,SUCCESS
DROP_MATCH35_SHOT0148_HITFRAME00043682.mp4,DROP,Drop,Drive,99.65%,0.0003,0.9965,0.0013,0.0015,0.0004,SUCCESS
DROP_MATCH35_SHOT0158_HITFRAME00049184.mp4,DROP,Drop,Drive,98.19%,0.0008,0.9819,0.0115,0.0016,0.0043,SUCCESS
DROP_MATCH35_SHOT0177_HITFRAME00054150.mp4,DROP,Drop,Drive,98.53%,0.0008,0.9853,0.0063,0.0058,0.0017,SUCCESS
DROP_MATCH35_SHOT0189_HITFRAME00057080.mp4,DROP,Drop,Drive,97.74%,0.0009,0.9774,0.0174,0.0008,0.0035,SUCCESS
DROP_MATCH35_SHOT0204_HITFRAME00058569.mp4,DROP,Drop,Drive,99.88%,0.0001,0.9988,0.0005,0.0004,0.0002,SUCCESS
DROP_MATCH35_SHOT0209_HITFRAME00058888.mp4,DROP,Drop,Drive,80.69%,0.0049,0.8069,0.1268,0.0034,0.0581,SUCCESS
DROP_MATCH35_SHOT0216_HITFRAME00065342.mp4,DROP,Drop,Drive,82.33%,0.0009,0.8233,0.0344,0.0016,0.1398,SUCCESS
DROP_MATCH35_SHOT0244_HITFRAME00074120.mp4,DROP,Drop,Smash,89.64%,0.0004,0.0034,0.0992,0.0006,0.8964,SUCCESS
DROP_MATCH35_SHOT0277_HITFRAME00087916.mp4,DROP,Drop,Drive,57.71%,0.0067,0.5771,0.2578,0.0324,0.1261,SUCCESS
DROP_MATCH35_SHOT0299_HITFRAME00092251.mp4,DROP,Drop,Drive,97.97%,0.0009,0.9797,0.0128,0.0025,0.0041,SUCCESS
DROP_MATCH35_SHOT0311_HITFRAME00095277.mp4,DROP,Drop,Drive,99.07%,0.0005,0.9907,0.0043,0.0022,0.0022,SUCCESS
DROP_MATCH35_SHOT0337_HITFRAME00100066.mp4,DROP,Drop,Drive,67.20%,0.0006,0.6720,0.0233,0.0015,0.3027,SUCCESS
DROP_MATCH35_SHOT0351_HITFRAME00103747.mp4,DROP,Drop,Drive,99.47%,0.0001,0.9947,0.0024,0.0004,0.0024,SUCCESS
DROP_MATCH35_SHOT0354_HITFRAME00104666.mp4,DROP,Drop,Drive,99.27%,0.0004,0.9927,0.0038,0.0015,0.0016,SUCCESS
DROP_MATCH37_SHOT0003_HITFRAME00013422.mp4,DROP,Drop,Drive,80.53%,0.0046,0.8053,0.0706,0.0043,0.1153,SUCCESS
DROP_MATCH37_SHOT0004_HITFRAME00013488.mp4,DROP,Drop,Drive,74.49%,0.0044,0.7449,0.0829,0.0082,0.1595,SUCCESS
DROP_MATCH37_SHOT0013_HITFRAME00016383.mp4,DROP,Drop,Smash,61.79%,0.0020,0.1063,0.2711,0.0027,0.6179,SUCCESS
DROP_MATCH37_SHOT0016_HITFRAME00016612.mp4,DROP,Drop,Drive,60.02%,0.0107,0.6002,0.3388,0.0028,0.0475,SUCCESS
DROP_MATCH37_SHOT0019_HITFRAME00016878.mp4,DROP,Drop,Smash,93.00%,0.0005,0.0204,0.0480,0.0011,0.9300,SUCCESS
DROP_MATCH37_SHOT0024_HITFRAME00018222.mp4,DROP,Drop,Drive,91.24%,0.0014,0.9124,0.0263,0.0015,0.0584,SUCCESS
DROP_MATCH37_SHOT0042_HITFRAME00021534.mp4,DROP,Drop,Smash,88.89%,0.0006,0.0187,0.0905,0.0013,0.8889,SUCCESS
DROP_MATCH37_SHOT0049_HITFRAME00023732.mp4,DROP,Drop,Smash,99.50%,0.0000,0.0010,0.0038,0.0001,0.9950,SUCCESS
DROP_MATCH37_SHOT0051_HITFRAME00023817.mp4,DROP,Drop,Drive,96.53%,0.0017,0.9653,0.0220,0.0012,0.0098,SUCCESS
DROP_MATCH37_SHOT0056_HITFRAME00025429.mp4,DROP,Drop,Smash,64.82%,0.0014,0.2930,0.0542,0.0033,0.6482,SUCCESS
DROP_MATCH37_SHOT0060_HITFRAME00025661.mp4,DROP,Drop,Drive,84.86%,0.0084,0.8486,0.1082,0.0047,0.0301,SUCCESS
DROP_MATCH37_SHOT0071_HITFRAME00030780.mp4,DROP,Drop,Drive,56.51%,0.0038,0.5651,0.0814,0.0094,0.3403,SUCCESS
DROP_MATCH37_SHOT0078_HITFRAME00031669.mp4,DROP,Drop,Drive,83.47%,0.0123,0.8347,0.0948,0.0121,0.0460,SUCCESS
DROP_MATCH37_SHOT0079_HITFRAME00031730.mp4,DROP,Drop,Drive,83.33%,0.0078,0.8333,0.1141,0.0093,0.0356,SUCCESS
DROP_MATCH37_SHOT0081_HITFRAME00031925.mp4,DROP,Drop,Smash,99.18%,0.0001,0.0017,0.0063,0.0001,0.9918,SUCCESS
DROP_MATCH37_SHOT0085_HITFRAME00033533.mp4,DROP,Drop,Drive,61.68%,0.0035,0.6168,0.0780,0.0033,0.2985,SUCCESS
DROP_MATCH37_SHOT0091_HITFRAME00035589.mp4,DROP,Drop,Drive,61.65%,0.0006,0.6165,0.0256,0.0014,0.3559,SUCCESS
DROP_MATCH37_SHOT0093_HITFRAME00035752.mp4,DROP,Drop,Smash,98.05%,0.0001,0.0010,0.0183,0.0001,0.9805,SUCCESS
DROP_MATCH37_SHOT0097_HITFRAME00035927.mp4,DROP,Drop,Smash,72.82%,0.0021,0.1783,0.0834,0.0080,0.7282,SUCCESS
DROP_MATCH37_SHOT0100_HITFRAME00037212.mp4,DROP,Drop,Smash,70.68%,0.0015,0.2662,0.0226,0.0028,0.7068,SUCCESS
DROP_MATCH37_SHOT0108_HITFRAME00037850.mp4,DROP,Drop,Drive,50.53%,0.0026,0.5053,0.1052,0.0028,0.3841,SUCCESS
DROP_MATCH37_SHOT0110_HITFRAME00039559.mp4,DROP,Drop,Drive,64.65%,0.0037,0.6465,0.0848,0.0047,0.2602,SUCCESS
DROP_MATCH37_SHOT0121_HITFRAME00041968.mp4,DROP,Drop,Drive,96.76%,0.0013,0.9676,0.0183,0.0042,0.0087,SUCCESS
DROP_MATCH37_SHOT0123_HITFRAME00042083.mp4,DROP,Drop,Smash,98.81%,0.0001,0.0010,0.0107,0.0001,0.9881,SUCCESS
DROP_MATCH37_SHOT0182_HITFRAME00060709.mp4,DROP,Drop,Smash,44.46%,0.0013,0.4197,0.1330,0.0015,0.4446,SUCCESS
DROP_MATCH37_SHOT0185_HITFRAME00061682.mp4,DROP,Drop,Smash,80.83%,0.0008,0.0248,0.1657,0.0005,0.8083,SUCCESS
DROP_MATCH37_SHOT0188_HITFRAME00063211.mp4,DROP,Drop,Smash,86.78%,0.0005,0.0038,0.1274,0.0005,0.8678,SUCCESS
DROP_MATCH37_SHOT0239_HITFRAME00082540.mp4,DROP,Drop,Smash,99.40%,0.0000,0.0012,0.0046,0.0001,0.9940,SUCCESS
DROP_MATCH38_SHOT0001_HITFRAME00012677.mp4,DROP,Drop,Drive,94.85%,0.0037,0.9485,0.0157,0.0052,0.0268,SUCCESS
DROP_MATCH38_SHOT0018_HITFRAME00019177.mp4,DROP,Drop,Drive,98.66%,0.0007,0.9866,0.0034,0.0073,0.0020,SUCCESS
DROP_MATCH38_SHOT0054_HITFRAME00029817.mp4,DROP,Drop,Drive,99.30%,0.0003,0.9930,0.0035,0.0005,0.0027,SUCCESS
DROP_MATCH38_SHOT0056_HITFRAME00030920.mp4,DROP,Drop,Smash,97.93%,0.0002,0.0008,0.0197,0.0002,0.9793,SUCCESS
DROP_MATCH38_SHOT0057_HITFRAME00030989.mp4,DROP,Drop,Smash,99.49%,0.0001,0.0012,0.0037,0.0001,0.9949,SUCCESS
DROP_MATCH38_SHOT0062_HITFRAME00032390.mp4,DROP,Drop,Smash,98.96%,0.0001,0.0007,0.0096,0.0001,0.9896,SUCCESS
DROP_MATCH38_SHOT0073_HITFRAME00033550.mp4,DROP,Drop,Drive,99.29%,0.0004,0.9929,0.0041,0.0007,0.0019,SUCCESS
DROP_MATCH38_SHOT0088_HITFRAME00037793.mp4,DROP,Drop,Smash,94.97%,0.0006,0.0029,0.0461,0.0006,0.9497,SUCCESS
DROP_MATCH38_SHOT0100_HITFRAME00043175.mp4,DROP,Drop,Drive,91.67%,0.0021,0.9167,0.0225,0.0105,0.0482,SUCCESS
DROP_MATCH38_SHOT0101_HITFRAME00043227.mp4,DROP,Drop,Drive,83.97%,0.0154,0.8397,0.1192,0.0084,0.0173,SUCCESS
DROP_MATCH38_SHOT0105_HITFRAME00043410.mp4,DROP,Drop,Drive,98.90%,0.0007,0.9890,0.0027,0.0055,0.0020,SUCCESS
DROP_MATCH38_SHOT0120_HITFRAME00047748.mp4,DROP,Drop,Drive,97.07%,0.0009,0.9707,0.0041,0.0218,0.0025,SUCCESS
DROP_MATCH38_SHOT0124_HITFRAME00047867.mp4,DROP,Drop,Smash,96.22%,0.0002,0.0121,0.0250,0.0005,0.9622,SUCCESS
DROP_MATCH38_SHOT0129_HITFRAME00048095.mp4,DROP,Drop,Drive,72.29%,0.0049,0.7229,0.0824,0.0317,0.1581,SUCCESS
DROP_MATCH38_SHOT0136_HITFRAME00049616.mp4,DROP,Drop,Smash,59.30%,0.0086,0.0861,0.2972,0.0152,0.5930,SUCCESS
DROP_MATCH38_SHOT0141_HITFRAME00050525.mp4,DROP,Drop,Smash,67.21%,0.0049,0.1698,0.1280,0.0253,0.6721,SUCCESS
DROP_MATCH38_SHOT0160_HITFRAME00055189.mp4,DROP,Drop,Drive,99.78%,0.0002,0.9978,0.0008,0.0008,0.0004,SUCCESS
DROP_MATCH38_SHOT0163_HITFRAME00055288.mp4,DROP,Drop,Drive,96.77%,0.0023,0.9677,0.0094,0.0156,0.0049,SUCCESS
DROP_MATCH38_SHOT0227_HITFRAME00076816.mp4,DROP,Drop,Drive,99.24%,0.0003,0.9924,0.0009,0.0059,0.0004,SUCCESS
DROP_MATCH38_SHOT0250_HITFRAME00084446.mp4,DROP,Drop,Smash,99.06%,0.0001,0.0028,0.0062,0.0002,0.9906,SUCCESS
DROP_MATCH38_SHOT0254_HITFRAME00085377.mp4,DROP,Drop,Smash,52.89%,0.0011,0.0414,0.4273,0.0013,0.5289,SUCCESS
DROP_MATCH38_SHOT0256_HITFRAME00085511.mp4,DROP,Drop,Smash,99.43%,0.0001,0.0011,0.0044,0.0001,0.9943,SUCCESS
DROP_MATCH38_SHOT0261_HITFRAME00086708.mp4,DROP,Drop,Smash,98.72%,0.0002,0.0013,0.0112,0.0002,0.9872,SUCCESS
DROP_MATCH38_SHOT0275_HITFRAME00089931.mp4,DROP,Drop,Drive,48.19%,0.0047,0.4819,0.4086,0.0019,0.1029,SUCCESS
DROP_MATCH38_SHOT0300_HITFRAME00095456.mp4,DROP,Drop,Drive,85.85%,0.0068,0.8585,0.0779,0.0190,0.0378,SUCCESS
DROP_MATCH38_SHOT0310_HITFRAME00097832.mp4,DROP,Drop,Drive,99.77%,0.0002,0.9977,0.0009,0.0006,0.0005,SUCCESS
DROP_MATCH38_SHOT0328_HITFRAME00103030.mp4,DROP,Drop,Drive,80.23%,0.0063,0.8023,0.0625,0.0647,0.0642,SUCCESS
DROP_MATCH38_SHOT0345_HITFRAME00106543.mp4,DROP,Drop,Drive,97.59%,0.0003,0.9759,0.0044,0.0012,0.0182,SUCCESS
DROP_MATCH38_SHOT0373_HITFRAME00110605.mp4,DROP,Drop,Drive,41.74%,0.0210,0.4174,0.1850,0.1649,0.2118,SUCCESS
DROP_MATCH38_SHOT0375_HITFRAME00110702.mp4,DROP,Drop,Drive,60.08%,0.0019,0.6008,0.0322,0.0151,0.3499,SUCCESS
DROP_MATCH39_SHOT0026_HITFRAME00018189.mp4,DROP,Drop,Drive,57.81%,0.0046,0.5781,0.0761,0.0400,0.3012,SUCCESS
DROP_MATCH39_SHOT0058_HITFRAME00028972.mp4,DROP,Drop,Smash,65.07%,0.0018,0.0044,0.3425,0.0006,0.6507,SUCCESS
DROP_MATCH39_SHOT0079_HITFRAME00034217.mp4,DROP,Drop,Drive,99.64%,0.0003,0.9964,0.0014,0.0007,0.0012,SUCCESS
DROP_MATCH39_SHOT0196_HITFRAME00060901.mp4,DROP,Drop,Drive,86.99%,0.0136,0.8699,0.1066,0.0034,0.0064,SUCCESS
DROP_MATCH39_SHOT0199_HITFRAME00061102.mp4,DROP,Drop,Smash,99.51%,0.0001,0.0007,0.0040,0.0001,0.9951,SUCCESS
DROP_MATCH39_SHOT0207_HITFRAME00066781.mp4,DROP,Drop,Smash,94.81%,0.0001,0.0006,0.0510,0.0001,0.9481,SUCCESS
DROP_MATCH39_SHOT0217_HITFRAME00067859.mp4,DROP,Drop,Drive,98.27%,0.0014,0.9827,0.0120,0.0012,0.0027,SUCCESS
DROP_MATCH39_SHOT0234_HITFRAME00075212.mp4,DROP,Drop,Smash,94.02%,0.0006,0.0081,0.0497,0.0014,0.9402,SUCCESS
DROP_MATCH39_SHOT0285_HITFRAME00087326.mp4,DROP,Drop,Smash,39.94%,0.0271,0.3231,0.1727,0.0777,0.3994,SUCCESS
DROP_MATCH39_SHOT0301_HITFRAME00092832.mp4,DROP,Drop,Drive,99.57%,0.0002,0.9957,0.0013,0.0004,0.0024,SUCCESS
DROP_MATCH39_SHOT0302_HITFRAME00093442.mp4,DROP,Drop,Drive,63.88%,0.0212,0.6388,0.1643,0.0934,0.0822,SUCCESS
DROP_MATCH39_SHOT0311_HITFRAME00097170.mp4,DROP,Drop,Smash,61.68%,0.0008,0.0011,0.3810,0.0003,0.6168,SUCCESS
DROP_MATCH43_SHOT0015_HITFRAME00020072.mp4,DROP,Drop,Smash,73.83%,0.0016,0.1641,0.0946,0.0014,0.7383,SUCCESS
DROP_MATCH43_SHOT0022_HITFRAME00022859.mp4,DROP,Drop,Drive,99.65%,0.0002,0.9965,0.0017,0.0006,0.0010,SUCCESS
DROP_MATCH43_SHOT0030_HITFRAME00023994.mp4,DROP,Drop,Drive,87.19%,0.0015,0.8719,0.0557,0.0220,0.0489,SUCCESS
DROP_MATCH43_SHOT0051_HITFRAME00031175.mp4,DROP,Drop,Smash,66.02%,0.0023,0.0090,0.3267,0.0017,0.6602,SUCCESS
DROP_MATCH43_SHOT0089_HITFRAME00043788.mp4,DROP,Drop,Drive,99.09%,0.0003,0.9909,0.0030,0.0005,0.0053,SUCCESS
DROP_MATCH43_SHOT0094_HITFRAME00044002.mp4,DROP,Drop,Drive,41.74%,0.0374,0.4174,0.3341,0.0198,0.1914,SUCCESS
DROP_MATCH43_SHOT0117_HITFRAME00050713.mp4,DROP,Drop,Smash,98.50%,0.0001,0.0023,0.0123,0.0003,0.9850,SUCCESS
DROP_MATCH43_SHOT0125_HITFRAME00058261.mp4,DROP,Drop,Drive,89.38%,0.0046,0.8938,0.0829,0.0037,0.0150,SUCCESS
DROP_MATCH43_SHOT0160_HITFRAME00070999.mp4,DROP,Drop,Drive,99.84%,0.0002,0.9984,0.0007,0.0004,0.0003,SUCCESS
DROP_MATCH43_SHOT0229_HITFRAME00089576.mp4,DROP,Drop,Smash,51.43%,0.0026,0.0418,0.4377,0.0037,0.5143,SUCCESS
DROP_MATCH44_SHOT0052_HITFRAME00038292.mp4,DROP,Drop,Smash,96.74%,0.0001,0.0008,0.0315,0.0002,0.9674,SUCCESS
DROP_MATCH44_SHOT0139_HITFRAME00071649.mp4,DROP,Drop,Drive,99.87%,0.0001,0.9987,0.0005,0.0003,0.0004,SUCCESS
DROP_MATCH44_SHOT0148_HITFRAME00073596.mp4,DROP,Drop,Smash,88.15%,0.0016,0.0469,0.0649,0.0050,0.8815,SUCCESS
DROP_MATCH44_SHOT0236_HITFRAME00107098.mp4,DROP,Drop,Smash,54.21%,0.0068,0.1164,0.3304,0.0043,0.5421,SUCCESS
DROP_MATCH44_SHOT0258_HITFRAME00115591.mp4,DROP,Drop,Drive,61.64%,0.0400,0.6164,0.2277,0.0178,0.0981,SUCCESS
DROP_MATCH44_SHOT0265_HITFRAME00116664.mp4,DROP,Drop,Smash,87.11%,0.0003,0.0013,0.1271,0.0002,0.8711,SUCCESS
NET_SHOT_MATCH05_SHOT0072_HITFRAME00030405.mp4,NET SHOT,Net Shot,Drive,99.84%,0.0001,0.9984,0.0007,0.0006,0.0002,SUCCESS
NET_SHOT_MATCH05_SHOT0073_HITFRAME00030426.mp4,NET SHOT,Net Shot,Drive,97.78%,0.0006,0.9778,0.0096,0.0115,0.0005,SUCCESS
NET_SHOT_MATCH05_SHOT0074_HITFRAME00030529.mp4,NET SHOT,Net Shot,Drive,77.26%,0.0021,0.7726,0.0461,0.1773,0.0019,SUCCESS
NET_SHOT_MATCH05_SHOT0075_HITFRAME00030553.mp4,NET SHOT,Net Shot,Drive,69.08%,0.0016,0.6908,0.2751,0.0246,0.0078,SUCCESS
NET_SHOT_MATCH05_SHOT0076_HITFRAME00030567.mp4,NET SHOT,Net Shot,Drive,94.53%,0.0006,0.9453,0.0468,0.0046,0.0027,SUCCESS
NET_SHOT_MATCH05_SHOT0077_HITFRAME00031678.mp4,NET SHOT,Net Shot,Drive,99.83%,0.0001,0.9983,0.0007,0.0006,0.0002,SUCCESS
NET_SHOT_MATCH05_SHOT0083_HITFRAME00032479.mp4,NET SHOT,Net Shot,Drive,98.99%,0.0003,0.9899,0.0047,0.0045,0.0006,SUCCESS
NET_SHOT_MATCH05_SHOT0084_HITFRAME00032496.mp4,NET SHOT,Net Shot,Drive,99.33%,0.0002,0.9933,0.0034,0.0026,0.0005,SUCCESS
NET_SHOT_MATCH05_SHOT0087_HITFRAME00033508.mp4,NET SHOT,Net Shot,Drive,99.87%,0.0001,0.9987,0.0005,0.0005,0.0002,SUCCESS
NET_SHOT_MATCH05_SHOT0090_HITFRAME00033671.mp4,NET SHOT,Net Shot,Drive,99.86%,0.0001,0.9986,0.0006,0.0005,0.0002,SUCCESS
NET_SHOT_MATCH05_SHOT0092_HITFRAME00035718.mp4,NET SHOT,Net Shot,Drive,99.86%,0.0001,0.9986,0.0005,0.0006,0.0002,SUCCESS
NET_SHOT_MATCH05_SHOT0100_HITFRAME00036211.mp4,NET SHOT,Net Shot,Drive,99.18%,0.0003,0.9918,0.0051,0.0023,0.0006,SUCCESS
NET_SHOT_MATCH05_SHOT0110_HITFRAME00038657.mp4,NET SHOT,Net Shot,Drive,99.66%,0.0002,0.9966,0.0022,0.0008,0.0003,SUCCESS
NET_SHOT_MATCH05_SHOT0112_HITFRAME00039143.mp4,NET SHOT,Net Shot,Drive,99.52%,0.0002,0.9952,0.0019,0.0025,0.0002,SUCCESS
NET_SHOT_MATCH05_SHOT0113_HITFRAME00039164.mp4,NET SHOT,Net Shot,Drive,99.77%,0.0001,0.9977,0.0012,0.0007,0.0003,SUCCESS
NET_SHOT_MATCH05_SHOT0116_HITFRAME00039250.mp4,NET SHOT,Net Shot,Drive,99.89%,0.0001,0.9989,0.0004,0.0004,0.0001,SUCCESS
NET_SHOT_MATCH05_SHOT0119_HITFRAME00039360.mp4,NET SHOT,Net Shot,Drive,99.87%,0.0001,0.9987,0.0007,0.0003,0.0001,SUCCESS
NET_SHOT_MATCH05_SHOT0120_HITFRAME00039904.mp4,NET SHOT,Net Shot,Drive,99.82%,0.0001,0.9982,0.0007,0.0007,0.0002,SUCCESS
NET_SHOT_MATCH05_SHOT0121_HITFRAME00040305.mp4,NET SHOT,Net Shot,Drive,99.88%,0.0001,0.9988,0.0005,0.0005,0.0002,SUCCESS
NET_SHOT_MATCH05_SHOT0122_HITFRAME00040327.mp4,NET SHOT,Net Shot,Drive,99.83%,0.0001,0.9983,0.0008,0.0005,0.0002,SUCCESS
NET_SHOT_MATCH05_SHOT0124_HITFRAME00040422.mp4,NET SHOT,Net Shot,Drive,98.90%,0.0004,0.9890,0.0038,0.0065,0.0002,SUCCESS
NET_SHOT_MATCH05_SHOT0130_HITFRAME00042716.mp4,NET SHOT,Net Shot,Drive,99.71%,0.0001,0.9971,0.0016,0.0003,0.0009,SUCCESS
NET_SHOT_MATCH05_SHOT0132_HITFRAME00042793.mp4,NET SHOT,Net Shot,Drive,99.88%,0.0001,0.9988,0.0006,0.0004,0.0002,SUCCESS
NET_SHOT_MATCH05_SHOT0133_HITFRAME00043607.mp4,NET SHOT,Net Shot,Drop,96.49%,0.0022,0.0285,0.9649,0.0007,0.0037,SUCCESS
NET_SHOT_MATCH05_SHOT0134_HITFRAME00043633.mp4,NET SHOT,Net Shot,Drive,99.63%,0.0002,0.9963,0.0021,0.0011,0.0003,SUCCESS
NET_SHOT_MATCH05_SHOT0140_HITFRAME00044002.mp4,NET SHOT,Net Shot,Drive,99.69%,0.0002,0.9969,0.0012,0.0015,0.0002,SUCCESS
NET_SHOT_MATCH05_SHOT0144_HITFRAME00045316.mp4,NET SHOT,Net Shot,Drive,92.61%,0.0009,0.9261,0.0474,0.0231,0.0026,SUCCESS
NET_SHOT_MATCH05_SHOT0146_HITFRAME00045398.mp4,NET SHOT,Net Shot,Drive,99.27%,0.0003,0.9927,0.0040,0.0027,0.0004,SUCCESS
NET_SHOT_MATCH05_SHOT0159_HITFRAME00050215.mp4,NET SHOT,Net Shot,Drive,99.68%,0.0002,0.9968,0.0018,0.0009,0.0004,SUCCESS
NET_SHOT_MATCH05_SHOT0160_HITFRAME00050234.mp4,NET SHOT,Net Shot,Drive,94.36%,0.0011,0.9436,0.0308,0.0232,0.0012,SUCCESS
NET_SHOT_MATCH05_SHOT0161_HITFRAME00050256.mp4,NET SHOT,Net Shot,Drop,52.82%,0.0014,0.4485,0.5282,0.0110,0.0108,SUCCESS
NET_SHOT_MATCH05_SHOT0162_HITFRAME00050280.mp4,NET SHOT,Net Shot,Drive,40.01%,0.0036,0.4001,0.3131,0.2765,0.0067,SUCCESS
NET_SHOT_MATCH05_SHOT0164_HITFRAME00051069.mp4,NET SHOT,Net Shot,Drive,99.89%,0.0001,0.9989,0.0004,0.0004,0.0001,SUCCESS
NET_SHOT_MATCH05_SHOT0165_HITFRAME00051089.mp4,NET SHOT,Net Shot,Drive,99.54%,0.0002,0.9954,0.0021,0.0019,0.0003,SUCCESS
NET_SHOT_MATCH05_SHOT0169_HITFRAME00051678.mp4,NET SHOT,Net Shot,Drive,62.92%,0.0015,0.6292,0.3608,0.0055,0.0030,SUCCESS
NET_SHOT_MATCH05_SHOT0170_HITFRAME00051698.mp4,NET SHOT,Net Shot,Drive,99.88%,0.0001,0.9988,0.0005,0.0004,0.0002,SUCCESS
NET_SHOT_MATCH05_SHOT0171_HITFRAME00051716.mp4,NET SHOT,Net Shot,Drive,47.68%,0.0028,0.4768,0.3794,0.1316,0.0094,SUCCESS
NET_SHOT_MATCH05_SHOT0173_HITFRAME00052362.mp4,NET SHOT,Net Shot,Drive,99.42%,0.0003,0.9942,0.0030,0.0022,0.0003,SUCCESS
NET_SHOT_MATCH05_SHOT0174_HITFRAME00052381.mp4,NET SHOT,Net Shot,Drive,96.20%,0.0005,0.9620,0.0280,0.0075,0.0019,SUCCESS
NET_SHOT_MATCH05_SHOT0175_HITFRAME00052466.mp4,NET SHOT,Net Shot,Drive,99.87%,0.0001,0.9987,0.0007,0.0004,0.0001,SUCCESS
NET_SHOT_MATCH05_SHOT0177_HITFRAME00052540.mp4,NET SHOT,Net Shot,Drive,99.88%,0.0001,0.9988,0.0005,0.0005,0.0001,SUCCESS
NET_SHOT_MATCH05_SHOT0178_HITFRAME00052565.mp4,NET SHOT,Net Shot,Drive,99.16%,0.0003,0.9916,0.0051,0.0024,0.0005,SUCCESS
NET_SHOT_MATCH05_SHOT0179_HITFRAME00052952.mp4,NET SHOT,Net Shot,Drive,99.85%,0.0001,0.9985,0.0006,0.0006,0.0002,SUCCESS
NET_SHOT_MATCH05_SHOT0180_HITFRAME00052975.mp4,NET SHOT,Net Shot,Drive,99.60%,0.0002,0.9960,0.0017,0.0019,0.0002,SUCCESS
NET_SHOT_MATCH05_SHOT0183_HITFRAME00053637.mp4,NET SHOT,Net Shot,Drive,99.74%,0.0002,0.9974,0.0013,0.0010,0.0002,SUCCESS
NET_SHOT_MATCH05_SHOT0184_HITFRAME00053659.mp4,NET SHOT,Net Shot,Drive,99.84%,0.0001,0.9984,0.0006,0.0008,0.0002,SUCCESS
NET_SHOT_MATCH05_SHOT0187_HITFRAME00054747.mp4,NET SHOT,Net Shot,Drive,99.87%,0.0001,0.9987,0.0006,0.0004,0.0002,SUCCESS
NET_SHOT_MATCH05_SHOT0191_HITFRAME00056270.mp4,NET SHOT,Net Shot,Drive,99.71%,0.0002,0.9971,0.0020,0.0005,0.0003,SUCCESS
NET_SHOT_MATCH05_SHOT0193_HITFRAME00056349.mp4,NET SHOT,Net Shot,Drive,92.07%,0.0012,0.9207,0.0564,0.0205,0.0012,SUCCESS
NET_SHOT_MATCH05_SHOT0195_HITFRAME00056433.mp4,NET SHOT,Net Shot,Drive,99.86%,0.0001,0.9986,0.0007,0.0004,0.0002,SUCCESS
NET_SHOT_MATCH05_SHOT0197_HITFRAME00056510.mp4,NET SHOT,Net Shot,Drive,99.91%,0.0001,0.9991,0.0003,0.0003,0.0001,SUCCESS
NET_SHOT_MATCH05_SHOT0199_HITFRAME00057182.mp4,NET SHOT,Net Shot,Drive,99.86%,0.0001,0.9986,0.0006,0.0005,0.0002,SUCCESS
NET_SHOT_MATCH05_SHOT0207_HITFRAME00057742.mp4,NET SHOT,Net Shot,Drive,70.14%,0.0026,0.7014,0.2419,0.0511,0.0029,SUCCESS
NET_SHOT_MATCH05_SHOT0208_HITFRAME00058594.mp4,NET SHOT,Net Shot,Drive,99.88%,0.0001,0.9988,0.0005,0.0005,0.0002,SUCCESS
NET_SHOT_MATCH05_SHOT0212_HITFRAME00060652.mp4,NET SHOT,Net Shot,Drive,99.82%,0.0001,0.9982,0.0008,0.0007,0.0002,SUCCESS
NET_SHOT_MATCH05_SHOT0215_HITFRAME00060804.mp4,NET SHOT,Net Shot,Drive,99.90%,0.0001,0.9990,0.0004,0.0003,0.0001,SUCCESS
NET_SHOT_MATCH05_SHOT0217_HITFRAME00062026.mp4,NET SHOT,Net Shot,Drive,99.28%,0.0003,0.9928,0.0034,0.0031,0.0003,SUCCESS
NET_SHOT_MATCH05_SHOT0218_HITFRAME00062045.mp4,NET SHOT,Net Shot,Drop,70.71%,0.0021,0.2681,0.7071,0.0161,0.0066,SUCCESS
NET_SHOT_MATCH05_SHOT0219_HITFRAME00062064.mp4,NET SHOT,Net Shot,Drive,65.92%,0.0027,0.6592,0.2671,0.0665,0.0044,SUCCESS
NET_SHOT_MATCH05_SHOT0226_HITFRAME00064958.mp4,NET SHOT,Net Shot,Drive,80.50%,0.0016,0.8050,0.1868,0.0034,0.0032,SUCCESS
NET_SHOT_MATCH05_SHOT0230_HITFRAME00066366.mp4,NET SHOT,Net Shot,Drive,99.90%,0.0001,0.9990,0.0004,0.0004,0.0001,SUCCESS
NET_SHOT_MATCH05_SHOT0233_HITFRAME00066479.mp4,NET SHOT,Net Shot,Drive,99.78%,0.0001,0.9978,0.0010,0.0008,0.0004,SUCCESS
NET_SHOT_MATCH05_SHOT0235_HITFRAME00067008.mp4,NET SHOT,Net Shot,Drive,99.84%,0.0001,0.9984,0.0007,0.0004,0.0005,SUCCESS
NET_SHOT_MATCH05_SHOT0236_HITFRAME00067084.mp4,NET SHOT,Net Shot,Drive,91.77%,0.0011,0.9177,0.0665,0.0137,0.0010,SUCCESS
NET_SHOT_MATCH05_SHOT0237_HITFRAME00067110.mp4,NET SHOT,Net Shot,Drive,88.95%,0.0009,0.8895,0.0952,0.0112,0.0032,SUCCESS
NET_SHOT_MATCH05_SHOT0245_HITFRAME00067920.mp4,NET SHOT,Net Shot,Drive,99.86%,0.0001,0.9986,0.0006,0.0005,0.0002,SUCCESS
NET_SHOT_MATCH05_SHOT0263_HITFRAME00071467.mp4,NET SHOT,Net Shot,Drive,99.76%,0.0001,0.9976,0.0010,0.0011,0.0003,SUCCESS
NET_SHOT_MATCH05_SHOT0269_HITFRAME00072335.mp4,NET SHOT,Net Shot,Drive,98.82%,0.0004,0.9882,0.0100,0.0007,0.0007,SUCCESS
NET_SHOT_MATCH05_SHOT0270_HITFRAME00072505.mp4,NET SHOT,Net Shot,Drive,78.25%,0.0020,0.7825,0.1821,0.0313,0.0021,SUCCESS
NET_SHOT_MATCH05_SHOT0275_HITFRAME00072754.mp4,NET SHOT,Net Shot,Drive,99.87%,0.0001,0.9987,0.0007,0.0004,0.0001,SUCCESS
NET_SHOT_MATCH05_SHOT0276_HITFRAME00073485.mp4,NET SHOT,Net Shot,Drive,99.90%,0.0001,0.9990,0.0004,0.0004,0.0001,SUCCESS
NET_SHOT_MATCH05_SHOT0278_HITFRAME00077392.mp4,NET SHOT,Net Shot,Drive,98.13%,0.0004,0.9813,0.0148,0.0022,0.0013,SUCCESS
NET_SHOT_MATCH05_SHOT0279_HITFRAME00077415.mp4,NET SHOT,Net Shot,Drive,99.81%,0.0001,0.9981,0.0007,0.0009,0.0001,SUCCESS
NET_SHOT_MATCH05_SHOT0281_HITFRAME00077993.mp4,NET SHOT,Net Shot,Drive,99.91%,0.0001,0.9991,0.0004,0.0004,0.0001,SUCCESS
NET_SHOT_MATCH05_SHOT0282_HITFRAME00078083.mp4,NET SHOT,Net Shot,Drive,93.82%,0.0010,0.9382,0.0292,0.0299,0.0017,SUCCESS
NET_SHOT_MATCH05_SHOT0283_HITFRAME00078105.mp4,NET SHOT,Net Shot,Drive,99.66%,0.0002,0.9966,0.0019,0.0010,0.0003,SUCCESS
NET_SHOT_MATCH05_SHOT0285_HITFRAME00078194.mp4,NET SHOT,Net Shot,Drive,99.86%,0.0001,0.9986,0.0005,0.0006,0.0001,SUCCESS
NET_SHOT_MATCH05_SHOT0287_HITFRAME00078267.mp4,NET SHOT,Net Shot,Drive,99.46%,0.0002,0.9946,0.0027,0.0023,0.0003,SUCCESS
NET_SHOT_MATCH05_SHOT0288_HITFRAME00078291.mp4,NET SHOT,Net Shot,Drive,99.90%,0.0001,0.9990,0.0004,0.0004,0.0001,SUCCESS
NET_SHOT_MATCH05_SHOT0290_HITFRAME00078383.mp4,NET SHOT,Net Shot,Drive,99.88%,0.0001,0.9988,0.0004,0.0005,0.0001,SUCCESS
NET_SHOT_MATCH05_SHOT0291_HITFRAME00079013.mp4,NET SHOT,Net Shot,Drive,99.92%,0.0001,0.9992,0.0003,0.0003,0.0001,SUCCESS
NET_SHOT_MATCH05_SHOT0293_HITFRAME00079119.mp4,NET SHOT,Net Shot,Drive,99.59%,0.0002,0.9959,0.0021,0.0014,0.0003,SUCCESS
NET_SHOT_MATCH05_SHOT0298_HITFRAME00079372.mp4,NET SHOT,Net Shot,Drive,99.67%,0.0002,0.9967,0.0014,0.0014,0.0003,SUCCESS
NET_SHOT_MATCH05_SHOT0302_HITFRAME00080362.mp4,NET SHOT,Net Shot,Drive,99.91%,0.0001,0.9991,0.0004,0.0003,0.0002,SUCCESS
NET_SHOT_MATCH05_SHOT0303_HITFRAME00080380.mp4,NET SHOT,Net Shot,Drive,99.92%,0.0001,0.9992,0.0003,0.0003,0.0001,SUCCESS
NET_SHOT_MATCH05_SHOT0305_HITFRAME00080456.mp4,NET SHOT,Net Shot,Drive,99.90%,0.0001,0.9990,0.0004,0.0004,0.0001,SUCCESS
NET_SHOT_MATCH05_SHOT0306_HITFRAME00081070.mp4,NET SHOT,Net Shot,Drive,99.87%,0.0001,0.9987,0.0005,0.0006,0.0001,SUCCESS
NET_SHOT_MATCH05_SHOT0307_HITFRAME00081090.mp4,NET SHOT,Net Shot,Drive,99.87%,0.0001,0.9987,0.0005,0.0005,0.0001,SUCCESS
NET_SHOT_MATCH05_SHOT0309_HITFRAME00081179.mp4,NET SHOT,Net Shot,Drive,99.85%,0.0001,0.9985,0.0006,0.0006,0.0002,SUCCESS
NET_SHOT_MATCH05_SHOT0311_HITFRAME00081901.mp4,NET SHOT,Net Shot,Drive,99.85%,0.0001,0.9985,0.0006,0.0006,0.0001,SUCCESS
NET_SHOT_MATCH05_SHOT0318_HITFRAME00082499.mp4,NET SHOT,Net Shot,Drop,90.79%,0.0009,0.0637,0.9079,0.0013,0.0261,SUCCESS
NET_SHOT_MATCH05_SHOT0321_HITFRAME00082634.mp4,NET SHOT,Net Shot,Drive,99.41%,0.0003,0.9941,0.0043,0.0008,0.0006,SUCCESS
NET_SHOT_MATCH05_SHOT0323_HITFRAME00082713.mp4,NET SHOT,Net Shot,Drive,99.74%,0.0002,0.9974,0.0014,0.0008,0.0002,SUCCESS
NET_SHOT_MATCH05_SHOT0325_HITFRAME00084460.mp4,NET SHOT,Net Shot,Drive,99.52%,0.0002,0.9952,0.0022,0.0021,0.0003,SUCCESS
NET_SHOT_MATCH05_SHOT0326_HITFRAME00084476.mp4,NET SHOT,Net Shot,Drive,99.37%,0.0002,0.9937,0.0029,0.0028,0.0004,SUCCESS
NET_SHOT_MATCH05_SHOT0327_HITFRAME00084627.mp4,NET SHOT,Net Shot,Drive,99.91%,0.0001,0.9991,0.0003,0.0003,0.0001,SUCCESS
NET_SHOT_MATCH05_SHOT0328_HITFRAME00084696.mp4,NET SHOT,Net Shot,Drive,99.91%,0.0001,0.9991,0.0004,0.0003,0.0001,SUCCESS
NET_SHOT_MATCH05_SHOT0329_HITFRAME00084719.mp4,NET SHOT,Net Shot,Drive,99.84%,0.0001,0.9984,0.0006,0.0008,0.0002,SUCCESS
NET_SHOT_MATCH05_SHOT0330_HITFRAME00085443.mp4,NET SHOT,Net Shot,Drive,99.67%,0.0002,0.9967,0.0016,0.0013,0.0002,SUCCESS
NET_SHOT_MATCH05_SHOT0331_HITFRAME00085462.mp4,NET SHOT,Net Shot,Drive,99.33%,0.0003,0.9933,0.0024,0.0037,0.0002,SUCCESS
NET_SHOT_MATCH05_SHOT0332_HITFRAME00085634.mp4,NET SHOT,Net Shot,Drive,99.66%,0.0002,0.9966,0.0019,0.0010,0.0003,SUCCESS
NET_SHOT_MATCH05_SHOT0333_HITFRAME00085660.mp4,NET SHOT,Net Shot,Drive,99.04%,0.0003,0.9904,0.0037,0.0053,0.0003,SUCCESS
NET_SHOT_MATCH05_SHOT0335_HITFRAME00085759.mp4,NET SHOT,Net Shot,Drive,87.38%,0.0011,0.8738,0.1185,0.0038,0.0028,SUCCESS
NET_SHOT_MATCH05_SHOT0338_HITFRAME00087678.mp4,NET SHOT,Net Shot,Drive,99.89%,0.0001,0.9989,0.0005,0.0004,0.0002,SUCCESS
NET_SHOT_MATCH05_SHOT0339_HITFRAME00087700.mp4,NET SHOT,Net Shot,Drive,99.88%,0.0001,0.9988,0.0005,0.0005,0.0001,SUCCESS
NET_SHOT_MATCH05_SHOT0341_HITFRAME00087811.mp4,NET SHOT,Net Shot,Drive,99.85%,0.0001,0.9985,0.0006,0.0006,0.0001,SUCCESS
NET_SHOT_MATCH05_SHOT0344_HITFRAME00087984.mp4,NET SHOT,Net Shot,Drive,99.79%,0.0001,0.9979,0.0008,0.0010,0.0002,SUCCESS
NET_SHOT_MATCH05_SHOT0346_HITFRAME00088062.mp4,NET SHOT,Net Shot,Drop,73.07%,0.0008,0.1772,0.7307,0.0025,0.0887,SUCCESS
NET_SHOT_MATCH05_SHOT0347_HITFRAME00088088.mp4,NET SHOT,Net Shot,Drive,99.36%,0.0003,0.9936,0.0040,0.0017,0.0004,SUCCESS
NET_SHOT_MATCH05_SHOT0349_HITFRAME00088195.mp4,NET SHOT,Net Shot,Drive,99.76%,0.0001,0.9976,0.0011,0.0008,0.0003,SUCCESS
NET_SHOT_MATCH05_SHOT0351_HITFRAME00089121.mp4,NET SHOT,Net Shot,Drive,99.70%,0.0002,0.9970,0.0014,0.0012,0.0002,SUCCESS
NET_SHOT_MATCH05_SHOT0353_HITFRAME00089889.mp4,NET SHOT,Net Shot,Drive,99.91%,0.0001,0.9991,0.0004,0.0003,0.0001,SUCCESS
NET_SHOT_MATCH05_SHOT0357_HITFRAME00091360.mp4,NET SHOT,Net Shot,Drive,99.82%,0.0001,0.9982,0.0008,0.0007,0.0002,SUCCESS
NET_SHOT_MATCH05_SHOT0358_HITFRAME00091380.mp4,NET SHOT,Net Shot,Drive,99.82%,0.0001,0.9982,0.0007,0.0008,0.0002,SUCCESS
NET_SHOT_MATCH05_SHOT0359_HITFRAME00092101.mp4,NET SHOT,Net Shot,Drive,73.86%,0.0016,0.7386,0.0877,0.1665,0.0056,SUCCESS
NET_SHOT_MATCH05_SHOT0360_HITFRAME00092175.mp4,NET SHOT,Net Shot,Drive,99.90%,0.0001,0.9990,0.0004,0.0004,0.0001,SUCCESS
NET_SHOT_MATCH05_SHOT0361_HITFRAME00092195.mp4,NET SHOT,Net Shot,Drive,99.88%,0.0001,0.9988,0.0005,0.0005,0.0001,SUCCESS
NET_SHOT_MATCH05_SHOT0363_HITFRAME00092363.mp4,NET SHOT,Net Shot,Drive,99.91%,0.0001,0.9991,0.0004,0.0003,0.0001,SUCCESS
NET_SHOT_MATCH05_SHOT0365_HITFRAME00092433.mp4,NET SHOT,Net Shot,Drop,55.65%,0.0013,0.2029,0.5565,0.0027,0.2365,SUCCESS
NET_SHOT_MATCH05_SHOT0366_HITFRAME00093429.mp4,NET SHOT,Net Shot,Drive,99.82%,0.0001,0.9982,0.0010,0.0005,0.0002,SUCCESS
NET_SHOT_MATCH05_SHOT0367_HITFRAME00093494.mp4,NET SHOT,Net Shot,Drive,99.91%,0.0001,0.9991,0.0004,0.0003,0.0002,SUCCESS
NET_SHOT_MATCH05_SHOT0368_HITFRAME00093538.mp4,NET SHOT,Net Shot,Drive,99.80%,0.0001,0.9980,0.0009,0.0007,0.0002,SUCCESS
NET_SHOT_MATCH05_SHOT0370_HITFRAME00093637.mp4,NET SHOT,Net Shot,Drive,99.87%,0.0001,0.9987,0.0005,0.0005,0.0002,SUCCESS
NET_SHOT_MATCH05_SHOT0371_HITFRAME00093656.mp4,NET SHOT,Net Shot,Drive,99.87%,0.0001,0.9987,0.0005,0.0005,0.0002,SUCCESS
NET_SHOT_MATCH05_SHOT0372_HITFRAME00094289.mp4,NET SHOT,Net Shot,Drive,99.88%,0.0001,0.9988,0.0005,0.0005,0.0001,SUCCESS
NET_SHOT_MATCH05_SHOT0373_HITFRAME00094310.mp4,NET SHOT,Net Shot,Drive,99.75%,0.0002,0.9975,0.0013,0.0009,0.0002,SUCCESS
NET_SHOT_MATCH05_SHOT0374_HITFRAME00094401.mp4,NET SHOT,Net Shot,Drive,99.49%,0.0002,0.9949,0.0032,0.0012,0.0005,SUCCESS
NET_SHOT_MATCH05_SHOT0375_HITFRAME00095089.mp4,NET SHOT,Net Shot,Drive,99.91%,0.0001,0.9991,0.0003,0.0004,0.0001,SUCCESS
NET_SHOT_MATCH05_SHOT0376_HITFRAME00095161.mp4,NET SHOT,Net Shot,Drive,99.83%,0.0001,0.9983,0.0008,0.0006,0.0002,SUCCESS
NET_SHOT_MATCH05_SHOT0377_HITFRAME00095180.mp4,NET SHOT,Net Shot,Drive,99.84%,0.0001,0.9984,0.0006,0.0007,0.0002,SUCCESS
NET_SHOT_MATCH05_SHOT0380_HITFRAME00095317.mp4,NET SHOT,Net Shot,Drive,99.88%,0.0001,0.9988,0.0004,0.0005,0.0001,SUCCESS
NET_SHOT_MATCH05_SHOT0381_HITFRAME00095337.mp4,NET SHOT,Net Shot,Drive,99.82%,0.0001,0.9982,0.0008,0.0007,0.0002,SUCCESS
NET_SHOT_MATCH05_SHOT0383_HITFRAME00096144.mp4,NET SHOT,Net Shot,Drive,99.87%,0.0001,0.9987,0.0005,0.0005,0.0002,SUCCESS
NET_SHOT_MATCH05_SHOT0385_HITFRAME00096233.mp4,NET SHOT,Net Shot,Drive,97.08%,0.0007,0.9708,0.0135,0.0143,0.0006,SUCCESS
NET_SHOT_MATCH05_SHOT0392_HITFRAME00099343.mp4,NET SHOT,Net Shot,Drive,99.92%,0.0001,0.9992,0.0003,0.0003,0.0001,SUCCESS
NET_SHOT_MATCH05_SHOT0393_HITFRAME00099370.mp4,NET SHOT,Net Shot,Drive,99.84%,0.0001,0.9984,0.0006,0.0007,0.0002,SUCCESS
NET_SHOT_MATCH05_SHOT0396_HITFRAME00101050.mp4,NET SHOT,Net Shot,Drive,99.88%,0.0001,0.9988,0.0005,0.0005,0.0001,SUCCESS
NET_SHOT_MATCH05_SHOT0397_HITFRAME00101071.mp4,NET SHOT,Net Shot,Drive,99.85%,0.0001,0.9985,0.0007,0.0006,0.0002,SUCCESS
NET_SHOT_MATCH05_SHOT0399_HITFRAME00101183.mp4,NET SHOT,Net Shot,Drive,99.88%,0.0001,0.9988,0.0006,0.0004,0.0002,SUCCESS
NET_SHOT_MATCH05_SHOT0401_HITFRAME00101913.mp4,NET SHOT,Net Shot,Drive,99.91%,0.0001,0.9991,0.0004,0.0003,0.0001,SUCCESS
NET_SHOT_MATCH05_SHOT0402_HITFRAME00101931.mp4,NET SHOT,Net Shot,Drive,99.82%,0.0001,0.9982,0.0006,0.0010,0.0001,SUCCESS
NET_SHOT_MATCH05_SHOT0403_HITFRAME00101954.mp4,NET SHOT,Net Shot,Drive,95.31%,0.0007,0.9531,0.0350,0.0093,0.0019,SUCCESS
NET_SHOT_MATCH05_SHOT0405_HITFRAME00103591.mp4,NET SHOT,Net Shot,Drive,99.82%,0.0001,0.9982,0.0007,0.0008,0.0002,SUCCESS
NET_SHOT_MATCH05_SHOT0407_HITFRAME00103683.mp4,NET SHOT,Net Shot,Drive,99.88%,0.0001,0.9988,0.0006,0.0003,0.0003,SUCCESS
NET_SHOT_MATCH05_SHOT0408_HITFRAME00103708.mp4,NET SHOT,Net Shot,Drive,99.83%,0.0001,0.9983,0.0006,0.0008,0.0002,SUCCESS
NET_SHOT_MATCH05_SHOT0409_HITFRAME00104538.mp4,NET SHOT,Net Shot,Drive,99.83%,0.0001,0.9983,0.0008,0.0006,0.0002,SUCCESS
NET_SHOT_MATCH05_SHOT0410_HITFRAME00104556.mp4,NET SHOT,Net Shot,Drive,77.92%,0.0031,0.7792,0.1229,0.0924,0.0024,SUCCESS
NET_SHOT_MATCH05_SHOT0412_HITFRAME00105219.mp4,NET SHOT,Net Shot,Drive,99.92%,0.0001,0.9992,0.0003,0.0002,0.0002,SUCCESS
NET_SHOT_MATCH05_SHOT0413_HITFRAME00105239.mp4,NET SHOT,Net Shot,Drive,94.52%,0.0011,0.9452,0.0279,0.0247,0.0012,SUCCESS
NET_SHOT_MATCH05_SHOT0415_HITFRAME00105360.mp4,NET SHOT,Net Shot,Drive,86.30%,0.0009,0.8630,0.1201,0.0122,0.0038,SUCCESS
NET_SHOT_MATCH05_SHOT0416_HITFRAME00105376.mp4,NET SHOT,Net Shot,Drive,90.95%,0.0010,0.9095,0.0815,0.0045,0.0035,SUCCESS
NET_SHOT_MATCH05_SHOT0417_HITFRAME00106367.mp4,NET SHOT,Net Shot,Drive,99.53%,0.0002,0.9953,0.0025,0.0017,0.0003,SUCCESS
NET_SHOT_MATCH05_SHOT0418_HITFRAME00106387.mp4,NET SHOT,Net Shot,Drive,99.89%,0.0001,0.9989,0.0005,0.0004,0.0002,SUCCESS
NET_SHOT_MATCH05_SHOT0420_HITFRAME00106467.mp4,NET SHOT,Net Shot,Drive,99.67%,0.0001,0.9967,0.0016,0.0011,0.0005,SUCCESS
NET_SHOT_MATCH05_SHOT0424_HITFRAME00106631.mp4,NET SHOT,Net Shot,Drive,74.30%,0.0029,0.7430,0.2359,0.0160,0.0022,SUCCESS
NET_SHOT_MATCH05_SHOT0426_HITFRAME00106736.mp4,NET SHOT,Net Shot,Drive,87.35%,0.0018,0.8735,0.0876,0.0357,0.0014,SUCCESS
NET_SHOT_MATCH05_SHOT0429_HITFRAME00106912.mp4,NET SHOT,Net Shot,Drive,59.99%,0.0022,0.5999,0.3751,0.0174,0.0055,SUCCESS
NET_SHOT_MATCH05_SHOT0432_HITFRAME00108115.mp4,NET SHOT,Net Shot,Drive,98.83%,0.0004,0.9883,0.0050,0.0059,0.0004,SUCCESS
NET_SHOT_MATCH05_SHOT0433_HITFRAME00108215.mp4,NET SHOT,Net Shot,Drive,99.48%,0.0003,0.9948,0.0024,0.0023,0.0002,SUCCESS
NET_SHOT_MATCH05_SHOT0435_HITFRAME00108311.mp4,NET SHOT,Net Shot,Drive,99.83%,0.0001,0.9983,0.0005,0.0009,0.0002,SUCCESS
NET_SHOT_MATCH05_SHOT0436_HITFRAME00108336.mp4,NET SHOT,Net Shot,Drive,99.81%,0.0001,0.9981,0.0008,0.0008,0.0002,SUCCESS
NET_SHOT_MATCH05_SHOT0449_HITFRAME00113462.mp4,NET SHOT,Net Shot,Drive,99.75%,0.0001,0.9975,0.0010,0.0010,0.0003,SUCCESS
NET_SHOT_MATCH05_SHOT0450_HITFRAME00113484.mp4,NET SHOT,Net Shot,Drive,99.79%,0.0001,0.9979,0.0012,0.0005,0.0003,SUCCESS
NET_SHOT_MATCH05_SHOT0451_HITFRAME00113505.mp4,NET SHOT,Net Shot,Drive,96.00%,0.0007,0.9600,0.0294,0.0085,0.0014,SUCCESS
NET_SHOT_MATCH05_SHOT0455_HITFRAME00114971.mp4,NET SHOT,Net Shot,Drive,99.76%,0.0002,0.9976,0.0010,0.0010,0.0002,SUCCESS
NET_SHOT_MATCH05_SHOT0457_HITFRAME00115139.mp4,NET SHOT,Net Shot,Drive,99.87%,0.0001,0.9987,0.0005,0.0005,0.0002,SUCCESS
NET_SHOT_MATCH05_SHOT0461_HITFRAME00116061.mp4,NET SHOT,Net Shot,Drive,99.88%,0.0001,0.9988,0.0005,0.0004,0.0002,SUCCESS
NET_SHOT_MATCH05_SHOT0465_HITFRAME00116201.mp4,NET SHOT,Net Shot,Drive,96.51%,0.0006,0.9651,0.0295,0.0041,0.0007,SUCCESS
NET_SHOT_MATCH05_SHOT0467_HITFRAME00116276.mp4,NET SHOT,Net Shot,Drive,99.87%,0.0001,0.9987,0.0006,0.0004,0.0002,SUCCESS
NET_SHOT_MATCH06_SHOT0004_HITFRAME00018404.mp4,NET SHOT,Net Shot,Drive,99.84%,0.0001,0.9984,0.0008,0.0005,0.0002,SUCCESS
NET_SHOT_MATCH06_SHOT0006_HITFRAME00018510.mp4,NET SHOT,Net Shot,Drive,99.90%,0.0001,0.9990,0.0004,0.0003,0.0002,SUCCESS
NET_SHOT_MATCH06_SHOT0008_HITFRAME00018596.mp4,NET SHOT,Net Shot,Drive,99.89%,0.0001,0.9989,0.0005,0.0003,0.0002,SUCCESS
NET_SHOT_MATCH06_SHOT0009_HITFRAME00018617.mp4,NET SHOT,Net Shot,Drive,99.81%,0.0001,0.9981,0.0010,0.0005,0.0003,SUCCESS
NET_SHOT_MATCH06_SHOT0018_HITFRAME00020119.mp4,NET SHOT,Net Shot,Drive,99.88%,0.0001,0.9988,0.0006,0.0004,0.0002,SUCCESS
NET_SHOT_MATCH06_SHOT0022_HITFRAME00020295.mp4,NET SHOT,Net Shot,Drive,99.86%,0.0001,0.9986,0.0007,0.0004,0.0002,SUCCESS
NET_SHOT_MATCH06_SHOT0026_HITFRAME00020456.mp4,NET SHOT,Net Shot,Drive,99.89%,0.0001,0.9989,0.0005,0.0002,0.0002,SUCCESS
NET_SHOT_MATCH06_SHOT0030_HITFRAME00020632.mp4,NET SHOT,Net Shot,Drive,99.83%,0.0002,0.9983,0.0009,0.0003,0.0003,SUCCESS
NET_SHOT_MATCH06_SHOT0032_HITFRAME00021445.mp4,NET SHOT,Net Shot,Drive,99.89%,0.0001,0.9989,0.0005,0.0003,0.0002,SUCCESS
NET_SHOT_MATCH06_SHOT0034_HITFRAME00021568.mp4,NET SHOT,Net Shot,Drive,99.85%,0.0001,0.9985,0.0008,0.0004,0.0002,SUCCESS
NET_SHOT_MATCH06_SHOT0037_HITFRAME00021702.mp4,NET SHOT,Net Shot,Drive,99.89%,0.0001,0.9989,0.0005,0.0004,0.0002,SUCCESS
NET_SHOT_MATCH06_SHOT0040_HITFRAME00023155.mp4,NET SHOT,Net Shot,Drive,99.88%,0.0001,0.9988,0.0006,0.0004,0.0002,SUCCESS
NET_SHOT_MATCH06_SHOT0041_HITFRAME00023563.mp4,NET SHOT,Net Shot,Drive,99.88%,0.0001,0.9988,0.0005,0.0004,0.0002,SUCCESS
NET_SHOT_MATCH06_SHOT0044_HITFRAME00024218.mp4,NET SHOT,Net Shot,Drive,99.89%,0.0001,0.9989,0.0005,0.0003,0.0002,SUCCESS
NET_SHOT_MATCH06_SHOT0045_HITFRAME00024296.mp4,NET SHOT,Net Shot,Drive,99.89%,0.0001,0.9989,0.0005,0.0003,0.0002,SUCCESS
NET_SHOT_MATCH06_SHOT0046_HITFRAME00024395.mp4,NET SHOT,Net Shot,Drive,99.79%,0.0002,0.9979,0.0011,0.0005,0.0003,SUCCESS
NET_SHOT_MATCH06_SHOT0047_HITFRAME00024423.mp4,NET SHOT,Net Shot,Drive,99.61%,0.0002,0.9961,0.0026,0.0006,0.0005,SUCCESS
NET_SHOT_MATCH06_SHOT0050_HITFRAME00025029.mp4,NET SHOT,Net Shot,Drive,99.86%,0.0001,0.9986,0.0007,0.0003,0.0003,SUCCESS
NET_SHOT_MATCH06_SHOT0053_HITFRAME00025194.mp4,NET SHOT,Net Shot,Drive,99.88%,0.0001,0.9988,0.0006,0.0003,0.0002,SUCCESS
NET_SHOT_MATCH06_SHOT0055_HITFRAME00025271.mp4,NET SHOT,Net Shot,Drive,99.51%,0.0001,0.9951,0.0020,0.0005,0.0022,SUCCESS
NET_SHOT_MATCH06_SHOT0056_HITFRAME00025351.mp4,NET SHOT,Net Shot,Drive,99.85%,0.0001,0.9985,0.0008,0.0003,0.0002,SUCCESS
NET_SHOT_MATCH06_SHOT0059_HITFRAME00026236.mp4,NET SHOT,Net Shot,Drive,99.86%,0.0001,0.9986,0.0006,0.0004,0.0002,SUCCESS
NET_SHOT_MATCH06_SHOT0060_HITFRAME00026257.mp4,NET SHOT,Net Shot,Drive,99.85%,0.0001,0.9985,0.0007,0.0005,0.0002,SUCCESS
NET_SHOT_MATCH06_SHOT0064_HITFRAME00026876.mp4,NET SHOT,Net Shot,Drive,99.88%,0.0001,0.9988,0.0006,0.0003,0.0002,SUCCESS
NET_SHOT_MATCH06_SHOT0065_HITFRAME00027556.mp4,NET SHOT,Net Shot,Drive,99.84%,0.0001,0.9984,0.0008,0.0004,0.0002,SUCCESS
NET_SHOT_MATCH06_SHOT0066_HITFRAME00027579.mp4,NET SHOT,Net Shot,Drive,99.83%,0.0001,0.9983,0.0009,0.0005,0.0002,SUCCESS
NET_SHOT_MATCH06_SHOT0067_HITFRAME00027602.mp4,NET SHOT,Net Shot,Drive,99.77%,0.0002,0.9977,0.0013,0.0005,0.0003,SUCCESS
NET_SHOT_MATCH06_SHOT0069_HITFRAME00028766.mp4,NET SHOT,Net Shot,Drive,99.73%,0.0002,0.9973,0.0016,0.0004,0.0004,SUCCESS
NET_SHOT_MATCH06_SHOT0070_HITFRAME00028791.mp4,NET SHOT,Net Shot,Drive,99.82%,0.0001,0.9982,0.0009,0.0005,0.0003,SUCCESS
NET_SHOT_MATCH06_SHOT0072_HITFRAME00028864.mp4,NET SHOT,Net Shot,Drive,99.83%,0.0001,0.9983,0.0009,0.0004,0.0003,SUCCESS
NET_SHOT_MATCH06_SHOT0073_HITFRAME00028888.mp4,NET SHOT,Net Shot,Drive,99.88%,0.0001,0.9988,0.0005,0.0004,0.0002,SUCCESS
NET_SHOT_MATCH06_SHOT0079_HITFRAME00029277.mp4,NET SHOT,Net Shot,Drive,99.87%,0.0001,0.9987,0.0006,0.0004,0.0002,SUCCESS
NET_SHOT_MATCH06_SHOT0080_HITFRAME00029301.mp4,NET SHOT,Net Shot,Drive,99.86%,0.0001,0.9986,0.0006,0.0005,0.0002,SUCCESS
NET_SHOT_MATCH06_SHOT0082_HITFRAME00029393.mp4,NET SHOT,Net Shot,Drive,99.86%,0.0001,0.9986,0.0007,0.0004,0.0002,SUCCESS
NET_SHOT_MATCH06_SHOT0084_HITFRAME00029451.mp4,NET SHOT,Net Shot,Drive,99.90%,0.0001,0.9990,0.0004,0.0003,0.0002,SUCCESS
NET_SHOT_MATCH06_SHOT0085_HITFRAME00029542.mp4,NET SHOT,Net Shot,Drive,99.70%,0.0002,0.9970,0.0018,0.0006,0.0004,SUCCESS
NET_SHOT_MATCH06_SHOT0086_HITFRAME00030552.mp4,NET SHOT,Net Shot,Drive,99.88%,0.0001,0.9988,0.0006,0.0004,0.0002,SUCCESS
NET_SHOT_MATCH06_SHOT0088_HITFRAME00030654.mp4,NET SHOT,Net Shot,Drive,99.84%,0.0001,0.9984,0.0008,0.0005,0.0002,SUCCESS
NET_SHOT_MATCH06_SHOT0093_HITFRAME00032549.mp4,NET SHOT,Net Shot,Drive,99.89%,0.0001,0.9989,0.0005,0.0004,0.0002,SUCCESS
NET_SHOT_MATCH06_SHOT0100_HITFRAME00033090.mp4,NET SHOT,Net Shot,Drive,99.82%,0.0001,0.9982,0.0010,0.0004,0.0003,SUCCESS
NET_SHOT_MATCH06_SHOT0103_HITFRAME00034091.mp4,NET SHOT,Net Shot,Drive,99.81%,0.0001,0.9981,0.0010,0.0005,0.0003,SUCCESS
NET_SHOT_MATCH06_SHOT0106_HITFRAME00035062.mp4,NET SHOT,Net Shot,Drive,99.77%,0.0002,0.9977,0.0015,0.0003,0.0004,SUCCESS
NET_SHOT_MATCH06_SHOT0107_HITFRAME00035081.mp4,NET SHOT,Net Shot,Drive,99.87%,0.0001,0.9987,0.0006,0.0004,0.0002,SUCCESS
NET_SHOT_MATCH06_SHOT0108_HITFRAME00037591.mp4,NET SHOT,Net Shot,Drive,99.89%,0.0001,0.9989,0.0005,0.0003,0.0002,SUCCESS
NET_SHOT_MATCH06_SHOT0109_HITFRAME00037770.mp4,NET SHOT,Net Shot,Drive,99.83%,0.0001,0.9983,0.0009,0.0005,0.0002,SUCCESS
NET_SHOT_MATCH06_SHOT0112_HITFRAME00037883.mp4,NET SHOT,Net Shot,Drive,99.83%,0.0001,0.9983,0.0009,0.0004,0.0002,SUCCESS
NET_SHOT_MATCH06_SHOT0113_HITFRAME00037910.mp4,NET SHOT,Net Shot,Drive,99.89%,0.0001,0.9989,0.0005,0.0003,0.0002,SUCCESS
NET_SHOT_MATCH06_SHOT0115_HITFRAME00038002.mp4,NET SHOT,Net Shot,Drive,99.89%,0.0001,0.9989,0.0005,0.0003,0.0002,SUCCESS
NET_SHOT_MATCH06_SHOT0116_HITFRAME00038024.mp4,NET SHOT,Net Shot,Drive,99.90%,0.0001,0.9990,0.0005,0.0003,0.0002,SUCCESS
NET_SHOT_MATCH06_SHOT0117_HITFRAME00038046.mp4,NET SHOT,Net Shot,Drive,99.80%,0.0001,0.9980,0.0011,0.0005,0.0003,SUCCESS
NET_SHOT_MATCH06_SHOT0120_HITFRAME00039885.mp4,NET SHOT,Net Shot,Drive,99.88%,0.0001,0.9988,0.0006,0.0004,0.0002,SUCCESS
NET_SHOT_MATCH06_SHOT0122_HITFRAME00041249.mp4,NET SHOT,Net Shot,Drive,99.87%,0.0001,0.9987,0.0006,0.0004,0.0002,SUCCESS
NET_SHOT_MATCH06_SHOT0125_HITFRAME00041484.mp4,NET SHOT,Net Shot,Drive,99.85%,0.0001,0.9985,0.0007,0.0004,0.0002,SUCCESS
NET_SHOT_MATCH06_SHOT0126_HITFRAME00041586.mp4,NET SHOT,Net Shot,Drive,99.82%,0.0001,0.9982,0.0009,0.0005,0.0002,SUCCESS
NET_SHOT_MATCH06_SHOT0128_HITFRAME00041673.mp4,NET SHOT,Net Shot,Drive,99.88%,0.0001,0.9988,0.0006,0.0004,0.0002,SUCCESS
NET_SHOT_MATCH06_SHOT0129_HITFRAME00042399.mp4,NET SHOT,Net Shot,Drive,99.86%,0.0001,0.9986,0.0007,0.0004,0.0002,SUCCESS
NET_SHOT_MATCH06_SHOT0131_HITFRAME00042491.mp4,NET SHOT,Net Shot,Drive,99.86%,0.0001,0.9986,0.0006,0.0004,0.0002,SUCCESS
NET_SHOT_MATCH06_SHOT0132_HITFRAME00043386.mp4,NET SHOT,Net Shot,Drive,99.85%,0.0001,0.9985,0.0007,0.0004,0.0002,SUCCESS
NET_SHOT_MATCH06_SHOT0133_HITFRAME00043408.mp4,NET SHOT,Net Shot,Drive,99.85%,0.0001,0.9985,0.0008,0.0004,0.0002,SUCCESS
NET_SHOT_MATCH06_SHOT0134_HITFRAME00043481.mp4,NET SHOT,Net Shot,Drive,99.85%,0.0001,0.9985,0.0009,0.0003,0.0002,SUCCESS
NET_SHOT_MATCH06_SHOT0135_HITFRAME00043500.mp4,NET SHOT,Net Shot,Drive,99.91%,0.0001,0.9991,0.0004,0.0003,0.0002,SUCCESS
NET_SHOT_MATCH06_SHOT0136_HITFRAME00043519.mp4,NET SHOT,Net Shot,Drive,99.82%,0.0001,0.9982,0.0009,0.0006,0.0002,SUCCESS
NET_SHOT_MATCH06_SHOT0138_HITFRAME00044258.mp4,NET SHOT,Net Shot,Drive,99.88%,0.0001,0.9988,0.0005,0.0004,0.0002,SUCCESS
NET_SHOT_MATCH06_SHOT0142_HITFRAME00045447.mp4,NET SHOT,Net Shot,Drive,99.87%,0.0001,0.9987,0.0006,0.0004,0.0002,SUCCESS
NET_SHOT_MATCH06_SHOT0143_HITFRAME00045521.mp4,NET SHOT,Net Shot,Drive,99.89%,0.0001,0.9989,0.0005,0.0003,0.0002,SUCCESS
NET_SHOT_MATCH06_SHOT0144_HITFRAME00045539.mp4,NET SHOT,Net Shot,Drive,99.81%,0.0001,0.9981,0.0010,0.0005,0.0003,SUCCESS
NET_SHOT_MATCH06_SHOT0146_HITFRAME00045707.mp4,NET SHOT,Net Shot,Drive,99.90%,0.0001,0.9990,0.0004,0.0003,0.0002,SUCCESS
NET_SHOT_MATCH06_SHOT0147_HITFRAME00045728.mp4,NET SHOT,Net Shot,Drive,99.73%,0.0002,0.9973,0.0016,0.0007,0.0003,SUCCESS
NET_SHOT_MATCH06_SHOT0148_HITFRAME00045751.mp4,NET SHOT,Net Shot,Drive,99.85%,0.0001,0.9985,0.0008,0.0004,0.0002,SUCCESS
NET_SHOT_MATCH06_SHOT0149_HITFRAME00045773.mp4,NET SHOT,Net Shot,Drive,99.76%,0.0002,0.9976,0.0014,0.0005,0.0003,SUCCESS
NET_SHOT_MATCH06_SHOT0159_HITFRAME00048694.mp4,NET SHOT,Net Shot,Drive,99.85%,0.0001,0.9985,0.0007,0.0004,0.0002,SUCCESS
NET_SHOT_MATCH06_SHOT0160_HITFRAME00048713.mp4,NET SHOT,Net Shot,Drive,99.88%,0.0001,0.9988,0.0005,0.0004,0.0002,SUCCESS
NET_SHOT_MATCH06_SHOT0162_HITFRAME00050331.mp4,NET SHOT,Net Shot,Drive,99.85%,0.0001,0.9985,0.0007,0.0004,0.0002,SUCCESS
NET_SHOT_MATCH06_SHOT0163_HITFRAME00050347.mp4,NET SHOT,Net Shot,Drive,99.86%,0.0001,0.9986,0.0007,0.0005,0.0002,SUCCESS
NET_SHOT_MATCH06_SHOT0164_HITFRAME00050433.mp4,NET SHOT,Net Shot,Drive,99.83%,0.0001,0.9983,0.0009,0.0004,0.0003,SUCCESS
NET_SHOT_MATCH06_SHOT0165_HITFRAME00050454.mp4,NET SHOT,Net Shot,Drive,99.87%,0.0001,0.9987,0.0006,0.0004,0.0002,SUCCESS
NET_SHOT_MATCH06_SHOT0166_HITFRAME00050471.mp4,NET SHOT,Net Shot,Drive,99.81%,0.0001,0.9981,0.0010,0.0005,0.0003,SUCCESS
NET_SHOT_MATCH06_SHOT0167_HITFRAME00050546.mp4,NET SHOT,Net Shot,Drive,99.87%,0.0001,0.9987,0.0006,0.0004,0.0002,SUCCESS
NET_SHOT_MATCH06_SHOT0168_HITFRAME00050567.mp4,NET SHOT,Net Shot,Drive,99.85%,0.0001,0.9985,0.0008,0.0004,0.0002,SUCCESS
NET_SHOT_MATCH06_SHOT0169_HITFRAME00050590.mp4,NET SHOT,Net Shot,Drive,99.86%,0.0001,0.9986,0.0007,0.0004,0.0002,SUCCESS
NET_SHOT_MATCH06_SHOT0173_HITFRAME00050900.mp4,NET SHOT,Net Shot,Drive,99.87%,0.0001,0.9987,0.0006,0.0004,0.0002,SUCCESS
NET_SHOT_MATCH06_SHOT0174_HITFRAME00052016.mp4,NET SHOT,Net Shot,Drive,99.87%,0.0001,0.9987,0.0006,0.0004,0.0002,SUCCESS
NET_SHOT_MATCH06_SHOT0176_HITFRAME00053184.mp4,NET SHOT,Net Shot,Drive,99.89%,0.0001,0.9989,0.0005,0.0003,0.0002,SUCCESS
NET_SHOT_MATCH06_SHOT0178_HITFRAME00053300.mp4,NET SHOT,Net Shot,Drive,99.64%,0.0001,0.9964,0.0019,0.0003,0.0012,SUCCESS
NET_SHOT_MATCH06_SHOT0179_HITFRAME00053321.mp4,NET SHOT,Net Shot,Drive,99.85%,0.0001,0.9985,0.0007,0.0004,0.0002,SUCCESS
NET_SHOT_MATCH06_SHOT0180_HITFRAME00053339.mp4,NET SHOT,Net Shot,Drive,99.78%,0.0002,0.9978,0.0012,0.0005,0.0003,SUCCESS
NET_SHOT_MATCH06_SHOT0182_HITFRAME00053445.mp4,NET SHOT,Net Shot,Drive,99.88%,0.0001,0.9988,0.0006,0.0004,0.0002,SUCCESS
NET_SHOT_MATCH06_SHOT0183_HITFRAME00053464.mp4,NET SHOT,Net Shot,Drive,99.84%,0.0001,0.9984,0.0008,0.0005,0.0002,SUCCESS
NET_SHOT_MATCH06_SHOT0184_HITFRAME00053554.mp4,NET SHOT,Net Shot,Drive,99.84%,0.0001,0.9984,0.0008,0.0004,0.0002,SUCCESS
NET_SHOT_MATCH06_SHOT0185_HITFRAME00053648.mp4,NET SHOT,Net Shot,Drive,99.85%,0.0001,0.9985,0.0007,0.0005,0.0002,SUCCESS
NET_SHOT_MATCH06_SHOT0186_HITFRAME00054475.mp4,NET SHOT,Net Shot,Drive,99.88%,0.0001,0.9988,0.0005,0.0004,0.0002,SUCCESS
NET_SHOT_MATCH06_SHOT0187_HITFRAME00054497.mp4,NET SHOT,Net Shot,Drive,99.88%,0.0001,0.9988,0.0005,0.0004,0.0002,SUCCESS
NET_SHOT_MATCH06_SHOT0188_HITFRAME00055251.mp4,NET SHOT,Net Shot,Drive,99.83%,0.0001,0.9983,0.0008,0.0006,0.0002,SUCCESS
NET_SHOT_MATCH06_SHOT0192_HITFRAME00056566.mp4,NET SHOT,Net Shot,Drive,99.88%,0.0001,0.9988,0.0006,0.0004,0.0002,SUCCESS
NET_SHOT_MATCH06_SHOT0193_HITFRAME00056583.mp4,NET SHOT,Net Shot,Drive,99.82%,0.0001,0.9982,0.0009,0.0005,0.0003,SUCCESS
NET_SHOT_MATCH06_SHOT0194_HITFRAME00056659.mp4,NET SHOT,Net Shot,Drive,99.86%,0.0001,0.9986,0.0007,0.0004,0.0002,SUCCESS
NET_SHOT_MATCH06_SHOT0199_HITFRAME00056828.mp4,NET SHOT,Net Shot,Drive,99.85%,0.0001,0.9985,0.0008,0.0004,0.0002,SUCCESS
NET_SHOT_MATCH06_SHOT0200_HITFRAME00056854.mp4,NET SHOT,Net Shot,Drive,99.88%,0.0001,0.9988,0.0005,0.0004,0.0002,SUCCESS
NET_SHOT_MATCH06_SHOT0201_HITFRAME00056962.mp4,NET SHOT,Net Shot,Drive,99.86%,0.0001,0.9986,0.0007,0.0004,0.0002,SUCCESS
NET_SHOT_MATCH06_SHOT0202_HITFRAME00056982.mp4,NET SHOT,Net Shot,Drive,99.85%,0.0001,0.9985,0.0007,0.0004,0.0002,SUCCESS
NET_SHOT_MATCH06_SHOT0203_HITFRAME00057004.mp4,NET SHOT,Net Shot,Drive,99.87%,0.0001,0.9987,0.0006,0.0004,0.0002,SUCCESS
NET_SHOT_MATCH06_SHOT0204_HITFRAME00058035.mp4,NET SHOT,Net Shot,Drive,99.88%,0.0001,0.9988,0.0005,0.0004,0.0002,SUCCESS
NET_SHOT_MATCH06_SHOT0205_HITFRAME00058057.mp4,NET SHOT,Net Shot,Drive,99.91%,0.0001,0.9991,0.0004,0.0003,0.0002,SUCCESS
NET_SHOT_MATCH06_SHOT0207_HITFRAME00058141.mp4,NET SHOT,Net Shot,Drive,99.84%,0.0001,0.9984,0.0008,0.0004,0.0002,SUCCESS
NET_SHOT_MATCH06_SHOT0210_HITFRAME00059510.mp4,NET SHOT,Net Shot,Drive,99.86%,0.0001,0.9986,0.0007,0.0003,0.0002,SUCCESS
NET_SHOT_MATCH06_SHOT0211_HITFRAME00059531.mp4,NET SHOT,Net Shot,Drive,99.82%,0.0001,0.9982,0.0009,0.0005,0.0003,SUCCESS
NET_SHOT_MATCH06_SHOT0212_HITFRAME00059551.mp4,NET SHOT,Net Shot,Drive,99.87%,0.0001,0.9987,0.0006,0.0004,0.0002,SUCCESS
NET_SHOT_MATCH06_SHOT0213_HITFRAME00059577.mp4,NET SHOT,Net Shot,Drive,99.68%,0.0002,0.9968,0.0019,0.0006,0.0004,SUCCESS
NET_SHOT_MATCH06_SHOT0214_HITFRAME00059599.mp4,NET SHOT,Net Shot,Drive,99.76%,0.0002,0.9976,0.0014,0.0005,0.0003,SUCCESS
NET_SHOT_MATCH06_SHOT0215_HITFRAME00059618.mp4,NET SHOT,Net Shot,Drive,99.61%,0.0002,0.9961,0.0025,0.0007,0.0004,SUCCESS
NET_SHOT_MATCH06_SHOT0216_HITFRAME00061352.mp4,NET SHOT,Net Shot,Drive,99.87%,0.0001,0.9987,0.0006,0.0004,0.0002,SUCCESS
NET_SHOT_MATCH06_SHOT0217_HITFRAME00065115.mp4,NET SHOT,Net Shot,Drive,99.90%,0.0001,0.9990,0.0004,0.0003,0.0002,SUCCESS
NET_SHOT_MATCH06_SHOT0218_HITFRAME00065418.mp4,NET SHOT,Net Shot,Drive,99.87%,0.0001,0.9987,0.0006,0.0004,0.0002,SUCCESS
NET_SHOT_MATCH06_SHOT0219_HITFRAME00065486.mp4,NET SHOT,Net Shot,Drive,99.91%,0.0001,0.9991,0.0004,0.0002,0.0002,SUCCESS
NET_SHOT_MATCH06_SHOT0220_HITFRAME00065507.mp4,NET SHOT,Net Shot,Drive,99.89%,0.0001,0.9989,0.0005,0.0003,0.0002,SUCCESS
NET_SHOT_MATCH06_SHOT0223_HITFRAME00065659.mp4,NET SHOT,Net Shot,Drive,99.89%,0.0001,0.9989,0.0005,0.0004,0.0002,SUCCESS
NET_SHOT_MATCH06_SHOT0225_HITFRAME00066717.mp4,NET SHOT,Net Shot,Drive,99.86%,0.0001,0.9986,0.0006,0.0005,0.0002,SUCCESS
NET_SHOT_MATCH06_SHOT0226_HITFRAME00066740.mp4,NET SHOT,Net Shot,Drive,99.88%,0.0001,0.9988,0.0005,0.0004,0.0002,SUCCESS
NET_SHOT_MATCH06_SHOT0227_HITFRAME00066845.mp4,NET SHOT,Net Shot,Drive,99.84%,0.0001,0.9984,0.0008,0.0004,0.0003,SUCCESS
NET_SHOT_MATCH06_SHOT0230_HITFRAME00067783.mp4,NET SHOT,Net Shot,Drive,99.89%,0.0001,0.9989,0.0005,0.0004,0.0002,SUCCESS
NET_SHOT_MATCH06_SHOT0231_HITFRAME00067803.mp4,NET SHOT,Net Shot,Drive,99.88%,0.0001,0.9988,0.0005,0.0004,0.0002,SUCCESS
NET_SHOT_MATCH06_SHOT0232_HITFRAME00067822.mp4,NET SHOT,Net Shot,Drive,99.85%,0.0001,0.9985,0.0008,0.0004,0.0002,SUCCESS
NET_SHOT_MATCH06_SHOT0233_HITFRAME00067908.mp4,NET SHOT,Net Shot,Drive,99.88%,0.0001,0.9988,0.0005,0.0004,0.0002,SUCCESS
NET_SHOT_MATCH06_SHOT0234_HITFRAME00067933.mp4,NET SHOT,Net Shot,Drive,99.87%,0.0001,0.9987,0.0006,0.0004,0.0002,SUCCESS
NET_SHOT_MATCH06_SHOT0236_HITFRAME00068018.mp4,NET SHOT,Net Shot,Drive,99.67%,0.0001,0.9967,0.0016,0.0005,0.0011,SUCCESS
NET_SHOT_MATCH06_SHOT0237_HITFRAME00068043.mp4,NET SHOT,Net Shot,Drive,99.83%,0.0001,0.9983,0.0008,0.0005,0.0002,SUCCESS
NET_SHOT_MATCH06_SHOT0238_HITFRAME00068066.mp4,NET SHOT,Net Shot,Drive,99.85%,0.0001,0.9985,0.0008,0.0004,0.0002,SUCCESS
NET_SHOT_MATCH06_SHOT0240_HITFRAME00068944.mp4,NET SHOT,Net Shot,Drive,99.87%,0.0001,0.9987,0.0006,0.0004,0.0002,SUCCESS
NET_SHOT_MATCH06_SHOT0241_HITFRAME00068967.mp4,NET SHOT,Net Shot,Drive,99.86%,0.0001,0.9986,0.0006,0.0004,0.0002,SUCCESS
NET_SHOT_MATCH06_SHOT0243_HITFRAME00070282.mp4,NET SHOT,Net Shot,Drive,99.90%,0.0001,0.9990,0.0004,0.0003,0.0002,SUCCESS
NET_SHOT_MATCH06_SHOT0247_HITFRAME00072462.mp4,NET SHOT,Net Shot,Drive,99.85%,0.0001,0.9985,0.0007,0.0005,0.0002,SUCCESS
NET_SHOT_MATCH06_SHOT0249_HITFRAME00072893.mp4,NET SHOT,Net Shot,Drive,99.89%,0.0001,0.9989,0.0005,0.0004,0.0002,SUCCESS
NET_SHOT_MATCH06_SHOT0250_HITFRAME00072916.mp4,NET SHOT,Net Shot,Drive,99.91%,0.0001,0.9991,0.0004,0.0003,0.0002,SUCCESS
NET_SHOT_MATCH06_SHOT0251_HITFRAME00072989.mp4,NET SHOT,Net Shot,Drive,99.86%,0.0001,0.9986,0.0007,0.0004,0.0002,SUCCESS
NET_SHOT_MATCH06_SHOT0253_HITFRAME00073086.mp4,NET SHOT,Net Shot,Drive,99.89%,0.0001,0.9989,0.0005,0.0003,0.0002,SUCCESS
NET_SHOT_MATCH06_SHOT0254_HITFRAME00073106.mp4,NET SHOT,Net Shot,Drive,99.89%,0.0001,0.9989,0.0005,0.0003,0.0002,SUCCESS
NET_SHOT_MATCH06_SHOT0257_HITFRAME00073310.mp4,NET SHOT,Net Shot,Drive,99.84%,0.0001,0.9984,0.0008,0.0005,0.0002,SUCCESS
NET_SHOT_MATCH06_SHOT0259_HITFRAME00073600.mp4,NET SHOT,Net Shot,Drive,99.86%,0.0001,0.9986,0.0007,0.0004,0.0002,SUCCESS
NET_SHOT_MATCH06_SHOT0262_HITFRAME00075429.mp4,NET SHOT,Net Shot,Drive,99.91%,0.0001,0.9991,0.0004,0.0003,0.0002,SUCCESS
NET_SHOT_MATCH06_SHOT0265_HITFRAME00075930.mp4,NET SHOT,Net Shot,Drive,99.90%,0.0001,0.9990,0.0004,0.0003,0.0002,SUCCESS
NET_SHOT_MATCH06_SHOT0272_HITFRAME00079684.mp4,NET SHOT,Net Shot,Drive,99.86%,0.0001,0.9986,0.0006,0.0004,0.0002,SUCCESS
NET_SHOT_MATCH06_SHOT0273_HITFRAME00079792.mp4,NET SHOT,Net Shot,Drive,99.81%,0.0001,0.9981,0.0010,0.0005,0.0003,SUCCESS
NET_SHOT_MATCH06_SHOT0277_HITFRAME00080330.mp4,NET SHOT,Net Shot,Drive,99.87%,0.0001,0.9987,0.0006,0.0003,0.0002,SUCCESS
NET_SHOT_MATCH06_SHOT0284_HITFRAME00081751.mp4,NET SHOT,Net Shot,Drive,99.89%,0.0001,0.9989,0.0005,0.0003,0.0002,SUCCESS
NET_SHOT_MATCH06_SHOT0285_HITFRAME00081777.mp4,NET SHOT,Net Shot,Drive,99.80%,0.0002,0.9980,0.0011,0.0005,0.0002,SUCCESS
NET_SHOT_MATCH06_SHOT0288_HITFRAME00081924.mp4,NET SHOT,Net Shot,Drive,99.87%,0.0001,0.9987,0.0006,0.0004,0.0002,SUCCESS
NET_SHOT_MATCH06_SHOT0292_HITFRAME00082122.mp4,NET SHOT,Net Shot,Drive,99.90%,0.0001,0.9990,0.0004,0.0003,0.0002,SUCCESS
NET_SHOT_MATCH06_SHOT0297_HITFRAME00083043.mp4,NET SHOT,Net Shot,Drive,99.85%,0.0001,0.9985,0.0007,0.0004,0.0002,SUCCESS
NET_SHOT_MATCH06_SHOT0298_HITFRAME00083124.mp4,NET SHOT,Net Shot,Drive,99.66%,0.0002,0.9966,0.0020,0.0004,0.0008,SUCCESS
NET_SHOT_MATCH06_SHOT0299_HITFRAME00083146.mp4,NET SHOT,Net Shot,Drive,99.83%,0.0001,0.9983,0.0009,0.0005,0.0003,SUCCESS
NET_SHOT_MATCH06_SHOT0300_HITFRAME00084352.mp4,NET SHOT,Net Shot,Drive,99.89%,0.0001,0.9989,0.0005,0.0003,0.0002,SUCCESS
NET_SHOT_MATCH06_SHOT0303_HITFRAME00084457.mp4,NET SHOT,Net Shot,Drive,99.70%,0.0002,0.9970,0.0019,0.0005,0.0005,SUCCESS
NET_SHOT_MATCH06_SHOT0304_HITFRAME00085491.mp4,NET SHOT,Net Shot,Drive,99.90%,0.0001,0.9990,0.0004,0.0003,0.0002,SUCCESS
NET_SHOT_MATCH06_SHOT0315_HITFRAME00087762.mp4,NET SHOT,Net Shot,Drive,99.89%,0.0001,0.9989,0.0004,0.0004,0.0002,SUCCESS
NET_SHOT_MATCH06_SHOT0316_HITFRAME00087786.mp4,NET SHOT,Net Shot,Drive,99.85%,0.0001,0.9985,0.0007,0.0004,0.0002,SUCCESS
NET_SHOT_MATCH06_SHOT0323_HITFRAME00088543.mp4,NET SHOT,Net Shot,Drive,99.90%,0.0001,0.9990,0.0004,0.0003,0.0002,SUCCESS
NET_SHOT_MATCH06_SHOT0336_HITFRAME00091510.mp4,NET SHOT,Net Shot,Drive,99.90%,0.0001,0.9990,0.0004,0.0003,0.0002,SUCCESS
NET_SHOT_MATCH06_SHOT0338_HITFRAME00091643.mp4,NET SHOT,Net Shot,Drive,99.90%,0.0001,0.9990,0.0004,0.0003,0.0002,SUCCESS
NET_SHOT_MATCH06_SHOT0339_HITFRAME00091661.mp4,NET SHOT,Net Shot,Drive,99.91%,0.0001,0.9991,0.0004,0.0003,0.0002,SUCCESS
NET_SHOT_MATCH06_SHOT0340_HITFRAME00091756.mp4,NET SHOT,Net Shot,Drive,99.89%,0.0001,0.9989,0.0005,0.0003,0.0002,SUCCESS
NET_SHOT_MATCH06_SHOT0343_HITFRAME00093201.mp4,NET SHOT,Net Shot,Drive,99.90%,0.0001,0.9990,0.0005,0.0003,0.0002,SUCCESS
NET_SHOT_MATCH06_SHOT0350_HITFRAME00097181.mp4,NET SHOT,Net Shot,Drive,99.86%,0.0001,0.9986,0.0006,0.0004,0.0002,SUCCESS
NET_SHOT_MATCH06_SHOT0352_HITFRAME00097289.mp4,NET SHOT,Net Shot,Drive,99.86%,0.0001,0.9986,0.0007,0.0004,0.0002,SUCCESS
NET_SHOT_MATCH06_SHOT0354_HITFRAME00097393.mp4,NET SHOT,Net Shot,Drive,99.87%,0.0001,0.9987,0.0006,0.0003,0.0002,SUCCESS
NET_SHOT_MATCH06_SHOT0357_HITFRAME00098219.mp4,NET SHOT,Net Shot,Drive,99.86%,0.0001,0.9986,0.0007,0.0004,0.0002,SUCCESS
NET_SHOT_MATCH06_SHOT0358_HITFRAME00098238.mp4,NET SHOT,Net Shot,Drive,99.81%,0.0002,0.9981,0.0009,0.0005,0.0003,SUCCESS
NET_SHOT_MATCH06_SHOT0359_HITFRAME00098321.mp4,NET SHOT,Net Shot,Drive,99.80%,0.0002,0.9980,0.0010,0.0005,0.0003,SUCCESS
NET_SHOT_MATCH06_SHOT0360_HITFRAME00098346.mp4,NET SHOT,Net Shot,Drive,99.88%,0.0001,0.9988,0.0005,0.0004,0.0002,SUCCESS
NET_SHOT_MATCH06_SHOT0361_HITFRAME00098371.mp4,NET SHOT,Net Shot,Drive,99.71%,0.0002,0.9971,0.0016,0.0008,0.0003,SUCCESS
NET_SHOT_MATCH06_SHOT0365_HITFRAME00099196.mp4,NET SHOT,Net Shot,Drive,99.82%,0.0001,0.9982,0.0009,0.0005,0.0003,SUCCESS
NET_SHOT_MATCH06_SHOT0367_HITFRAME00099274.mp4,NET SHOT,Net Shot,Drive,99.88%,0.0001,0.9988,0.0005,0.0004,0.0002,SUCCESS
NET_SHOT_MATCH06_SHOT0369_HITFRAME00100732.mp4,NET SHOT,Net Shot,Drive,99.85%,0.0001,0.9985,0.0007,0.0005,0.0002,SUCCESS
NET_SHOT_MATCH06_SHOT0370_HITFRAME00100753.mp4,NET SHOT,Net Shot,Drive,99.87%,0.0001,0.9987,0.0006,0.0004,0.0002,SUCCESS
NET_SHOT_MATCH06_SHOT0373_HITFRAME00100856.mp4,NET SHOT,Net Shot,Drive,99.87%,0.0001,0.9987,0.0006,0.0004,0.0002,SUCCESS
NET_SHOT_MATCH06_SHOT0375_HITFRAME00101301.mp4,NET SHOT,Net Shot,Drive,99.86%,0.0001,0.9986,0.0007,0.0004,0.0002,SUCCESS
NET_SHOT_MATCH06_SHOT0376_HITFRAME00101317.mp4,NET SHOT,Net Shot,Drive,99.86%,0.0001,0.9986,0.0007,0.0004,0.0002,SUCCESS
NET_SHOT_MATCH06_SHOT0379_HITFRAME00102007.mp4,NET SHOT,Net Shot,Drive,99.82%,0.0001,0.9982,0.0009,0.0004,0.0003,SUCCESS
NET_SHOT_MATCH06_SHOT0380_HITFRAME00102550.mp4,NET SHOT,Net Shot,Drive,99.84%,0.0001,0.9984,0.0008,0.0005,0.0002,SUCCESS
NET_SHOT_MATCH06_SHOT0382_HITFRAME00102621.mp4,NET SHOT,Net Shot,Drive,99.87%,0.0001,0.9987,0.0006,0.0003,0.0002,SUCCESS
NET_SHOT_MATCH06_SHOT0383_HITFRAME00102643.mp4,NET SHOT,Net Shot,Drive,99.80%,0.0002,0.9980,0.0010,0.0005,0.0003,SUCCESS
NET_SHOT_MATCH06_SHOT0385_HITFRAME00103378.mp4,NET SHOT,Net Shot,Drive,99.80%,0.0001,0.9980,0.0010,0.0006,0.0003,SUCCESS
NET_SHOT_MATCH06_SHOT0386_HITFRAME00103402.mp4,NET SHOT,Net Shot,Drive,99.85%,0.0001,0.9985,0.0008,0.0004,0.0002,SUCCESS
NET_SHOT_MATCH06_SHOT0387_HITFRAME00104296.mp4,NET SHOT,Net Shot,Drive,99.84%,0.0001,0.9984,0.0007,0.0005,0.0002,SUCCESS
NET_SHOT_MATCH06_SHOT0388_HITFRAME00104716.mp4,NET SHOT,Net Shot,Drive,99.85%,0.0001,0.9985,0.0007,0.0005,0.0002,SUCCESS
NET_SHOT_MATCH06_SHOT0390_HITFRAME00104829.mp4,NET SHOT,Net Shot,Drive,99.89%,0.0001,0.9989,0.0005,0.0003,0.0002,SUCCESS
NET_SHOT_MATCH06_SHOT0392_HITFRAME00104910.mp4,NET SHOT,Net Shot,Drive,99.90%,0.0001,0.9990,0.0005,0.0003,0.0002,SUCCESS
NET_SHOT_MATCH06_SHOT0393_HITFRAME00104929.mp4,NET SHOT,Net Shot,Drive,99.90%,0.0001,0.9990,0.0004,0.0003,0.0002,SUCCESS
NET_SHOT_MATCH06_SHOT0394_HITFRAME00104947.mp4,NET SHOT,Net Shot,Drive,99.83%,0.0001,0.9983,0.0008,0.0006,0.0002,SUCCESS
NET_SHOT_MATCH06_SHOT0396_HITFRAME00105669.mp4,NET SHOT,Net Shot,Drive,99.86%,0.0001,0.9986,0.0006,0.0004,0.0002,SUCCESS
NET_SHOT_MATCH06_SHOT0397_HITFRAME00105689.mp4,NET SHOT,Net Shot,Drive,99.82%,0.0001,0.9982,0.0009,0.0005,0.0002,SUCCESS
NET_SHOT_MATCH06_SHOT0399_HITFRAME00105784.mp4,NET SHOT,Net Shot,Drive,99.89%,0.0001,0.9989,0.0004,0.0004,0.0002,SUCCESS
NET_SHOT_MATCH06_SHOT0400_HITFRAME00106413.mp4,NET SHOT,Net Shot,Drive,99.84%,0.0001,0.9984,0.0008,0.0004,0.0002,SUCCESS
NET_SHOT_MATCH06_SHOT0401_HITFRAME00106431.mp4,NET SHOT,Net Shot,Drive,99.81%,0.0001,0.9981,0.0010,0.0005,0.0002,SUCCESS
NET_SHOT_MATCH06_SHOT0403_HITFRAME00106523.mp4,NET SHOT,Net Shot,Drive,99.89%,0.0001,0.9989,0.0005,0.0003,0.0002,SUCCESS
NET_SHOT_MATCH06_SHOT0406_HITFRAME00106723.mp4,NET SHOT,Net Shot,Drive,99.90%,0.0001,0.9990,0.0004,0.0003,0.0001,SUCCESS
NET_SHOT_MATCH06_SHOT0407_HITFRAME00106743.mp4,NET SHOT,Net Shot,Drive,99.83%,0.0001,0.9983,0.0008,0.0005,0.0002,SUCCESS
NET_SHOT_MATCH06_SHOT0409_HITFRAME00106835.mp4,NET SHOT,Net Shot,Drive,99.88%,0.0001,0.9988,0.0005,0.0004,0.0002,SUCCESS
NET_SHOT_MATCH06_SHOT0411_HITFRAME00106931.mp4,NET SHOT,Net Shot,Drive,99.82%,0.0001,0.9982,0.0009,0.0006,0.0002,SUCCESS
NET_SHOT_MATCH06_SHOT0414_HITFRAME00107083.mp4,NET SHOT,Net Shot,Drive,99.89%,0.0001,0.9989,0.0005,0.0003,0.0002,SUCCESS
NET_SHOT_MATCH06_SHOT0416_HITFRAME00107164.mp4,NET SHOT,Net Shot,Drive,99.85%,0.0001,0.9985,0.0007,0.0005,0.0002,SUCCESS
NET_SHOT_MATCH06_SHOT0417_HITFRAME00107191.mp4,NET SHOT,Net Shot,Drive,99.83%,0.0001,0.9983,0.0008,0.0005,0.0002,SUCCESS
NET_SHOT_MATCH06_SHOT0420_HITFRAME00107303.mp4,NET SHOT,Net Shot,Drive,99.84%,0.0001,0.9984,0.0008,0.0005,0.0002,SUCCESS
NET_SHOT_MATCH06_SHOT0423_HITFRAME00109234.mp4,NET SHOT,Net Shot,Drive,99.85%,0.0001,0.9985,0.0007,0.0004,0.0002,SUCCESS
NET_SHOT_MATCH06_SHOT0424_HITFRAME00109257.mp4,NET SHOT,Net Shot,Drive,99.84%,0.0001,0.9984,0.0008,0.0005,0.0002,SUCCESS
NET_SHOT_MATCH06_SHOT0425_HITFRAME00109669.mp4,NET SHOT,Net Shot,Drive,99.87%,0.0001,0.9987,0.0006,0.0004,0.0002,SUCCESS
NET_SHOT_MATCH06_SHOT0426_HITFRAME00109687.mp4,NET SHOT,Net Shot,Drive,99.87%,0.0001,0.9987,0.0006,0.0004,0.0002,SUCCESS
NET_SHOT_MATCH06_SHOT0427_HITFRAME00109711.mp4,NET SHOT,Net Shot,Drive,99.84%,0.0001,0.9984,0.0008,0.0004,0.0002,SUCCESS
NET_SHOT_MATCH06_SHOT0430_HITFRAME00111228.mp4,NET SHOT,Net Shot,Drive,99.88%,0.0001,0.9988,0.0006,0.0004,0.0002,SUCCESS
NET_SHOT_MATCH06_SHOT0432_HITFRAME00112263.mp4,NET SHOT,Net Shot,Drive,99.89%,0.0001,0.9989,0.0005,0.0004,0.0002,SUCCESS
NET_SHOT_MATCH06_SHOT0433_HITFRAME00112287.mp4,NET SHOT,Net Shot,Drive,99.88%,0.0001,0.9988,0.0006,0.0004,0.0002,SUCCESS
NET_SHOT_MATCH06_SHOT0434_HITFRAME00112306.mp4,NET SHOT,Net Shot,Drive,99.86%,0.0001,0.9986,0.0007,0.0004,0.0002,SUCCESS
NET_SHOT_MATCH06_SHOT0436_HITFRAME00112407.mp4,NET SHOT,Net Shot,Drive,99.88%,0.0001,0.9988,0.0006,0.0003,0.0002,SUCCESS
NET_SHOT_MATCH06_SHOT0439_HITFRAME00112525.mp4,NET SHOT,Net Shot,Drive,99.88%,0.0001,0.9988,0.0005,0.0004,0.0002,SUCCESS
NET_SHOT_MATCH06_SHOT0440_HITFRAME00112545.mp4,NET SHOT,Net Shot,Drive,99.86%,0.0001,0.9986,0.0007,0.0003,0.0003,SUCCESS
NET_SHOT_MATCH06_SHOT0442_HITFRAME00112618.mp4,NET SHOT,Net Shot,Drive,99.91%,0.0001,0.9991,0.0004,0.0003,0.0002,SUCCESS
NET_SHOT_MATCH06_SHOT0443_HITFRAME00112640.mp4,NET SHOT,Net Shot,Drive,99.87%,0.0001,0.9987,0.0005,0.0004,0.0002,SUCCESS
NET_SHOT_MATCH06_SHOT0445_HITFRAME00112720.mp4,NET SHOT,Net Shot,Drive,99.88%,0.0001,0.9988,0.0005,0.0004,0.0002,SUCCESS
NET_SHOT_MATCH06_SHOT0450_HITFRAME00114150.mp4,NET SHOT,Net Shot,Drive,99.89%,0.0001,0.9989,0.0005,0.0003,0.0002,SUCCESS
NET_SHOT_MATCH06_SHOT0452_HITFRAME00114239.mp4,NET SHOT,Net Shot,Drive,99.88%,0.0001,0.9988,0.0006,0.0004,0.0002,SUCCESS
NET_SHOT_MATCH06_SHOT0453_HITFRAME00114841.mp4,NET SHOT,Net Shot,Drive,99.85%,0.0001,0.9985,0.0007,0.0005,0.0002,SUCCESS
NET_SHOT_MATCH06_SHOT0454_HITFRAME00114865.mp4,NET SHOT,Net Shot,Drive,99.86%,0.0001,0.9986,0.0006,0.0004,0.0002,SUCCESS
NET_SHOT_MATCH06_SHOT0455_HITFRAME00114892.mp4,NET SHOT,Net Shot,Drive,99.79%,0.0002,0.9979,0.0011,0.0006,0.0003,SUCCESS
NET_SHOT_MATCH06_SHOT0457_HITFRAME00115075.mp4,NET SHOT,Net Shot,Drive,99.85%,0.0001,0.9985,0.0007,0.0005,0.0002,SUCCESS
NET_SHOT_MATCH06_SHOT0459_HITFRAME00117526.mp4,NET SHOT,Net Shot,Drive,99.88%,0.0001,0.9988,0.0005,0.0004,0.0002,SUCCESS
NET_SHOT_MATCH06_SHOT0460_HITFRAME00117545.mp4,NET SHOT,Net Shot,Drive,99.84%,0.0001,0.9984,0.0008,0.0004,0.0002,SUCCESS
NET_SHOT_MATCH06_SHOT0462_HITFRAME00117637.mp4,NET SHOT,Net Shot,Drive,99.88%,0.0001,0.9988,0.0006,0.0004,0.0002,SUCCESS
NET_SHOT_MATCH06_SHOT0463_HITFRAME00117661.mp4,NET SHOT,Net Shot,Drive,99.87%,0.0001,0.9987,0.0006,0.0004,0.0002,SUCCESS
NET_SHOT_MATCH06_SHOT0464_HITFRAME00117681.mp4,NET SHOT,Net Shot,Drive,99.85%,0.0001,0.9985,0.0007,0.0005,0.0002,SUCCESS
NET_SHOT_MATCH06_SHOT0466_HITFRAME00117770.mp4,NET SHOT,Net Shot,Drive,99.88%,0.0001,0.9988,0.0005,0.0004,0.0002,SUCCESS
NET_SHOT_MATCH06_SHOT0467_HITFRAME00117890.mp4,NET SHOT,Net Shot,Drive,99.90%,0.0001,0.9990,0.0004,0.0004,0.0002,SUCCESS
NET_SHOT_MATCH06_SHOT0470_HITFRAME00118031.mp4,NET SHOT,Net Shot,Drive,99.83%,0.0001,0.9983,0.0009,0.0005,0.0002,SUCCESS
NET_SHOT_MATCH06_SHOT0473_HITFRAME00118947.mp4,NET SHOT,Net Shot,Drive,99.86%,0.0001,0.9986,0.0006,0.0004,0.0002,SUCCESS
NET_SHOT_MATCH06_SHOT0477_HITFRAME00119108.mp4,NET SHOT,Net Shot,Drive,99.88%,0.0001,0.9988,0.0005,0.0004,0.0002,SUCCESS
NET_SHOT_MATCH06_SHOT0479_HITFRAME00119216.mp4,NET SHOT,Net Shot,Drive,99.89%,0.0001,0.9989,0.0005,0.0004,0.0002,SUCCESS
NET_SHOT_MATCH06_SHOT0480_HITFRAME00119238.mp4,NET SHOT,Net Shot,Drive,99.89%,0.0001,0.9989,0.0005,0.0004,0.0002,SUCCESS
NET_SHOT_MATCH06_SHOT0482_HITFRAME00119326.mp4,NET SHOT,Net Shot,Drive,99.86%,0.0001,0.9986,0.0007,0.0003,0.0002,SUCCESS
NET_SHOT_MATCH06_SHOT0483_HITFRAME00119351.mp4,NET SHOT,Net Shot,Drive,99.89%,0.0001,0.9989,0.0005,0.0004,0.0002,SUCCESS
NET_SHOT_MATCH06_SHOT0484_HITFRAME00119375.mp4,NET SHOT,Net Shot,Drive,99.84%,0.0001,0.9984,0.0008,0.0005,0.0002,SUCCESS
NET_SHOT_MATCH06_SHOT0486_HITFRAME00119468.mp4,NET SHOT,Net Shot,Drive,99.88%,0.0001,0.9988,0.0005,0.0003,0.0002,SUCCESS
NET_SHOT_MATCH06_SHOT0487_HITFRAME00119550.mp4,NET SHOT,Net Shot,Drive,99.86%,0.0001,0.9986,0.0007,0.0005,0.0002,SUCCESS
NET_SHOT_MATCH06_SHOT0488_HITFRAME00119570.mp4,NET SHOT,Net Shot,Drive,99.89%,0.0001,0.9989,0.0005,0.0004,0.0002,SUCCESS
NET_SHOT_MATCH06_SHOT0489_HITFRAME00119653.mp4,NET SHOT,Net Shot,Drive,99.88%,0.0001,0.9988,0.0006,0.0003,0.0002,SUCCESS
NET_SHOT_MATCH06_SHOT0493_HITFRAME00119999.mp4,NET SHOT,Net Shot,Drive,99.89%,0.0001,0.9989,0.0005,0.0004,0.0002,SUCCESS
NET_SHOT_MATCH06_SHOT0498_HITFRAME00121413.mp4,NET SHOT,Net Shot,Drive,99.89%,0.0001,0.9989,0.0004,0.0004,0.0002,SUCCESS
NET_SHOT_MATCH06_SHOT0499_HITFRAME00121433.mp4,NET SHOT,Net Shot,Drive,99.89%,0.0001,0.9989,0.0005,0.0003,0.0002,SUCCESS
NET_SHOT_MATCH06_SHOT0501_HITFRAME00121544.mp4,NET SHOT,Net Shot,Drive,99.90%,0.0001,0.9990,0.0004,0.0003,0.0002,SUCCESS
NET_SHOT_MATCH06_SHOT0502_HITFRAME00122400.mp4,NET SHOT,Net Shot,Drive,99.91%,0.0001,0.9991,0.0004,0.0003,0.0002,SUCCESS
NET_SHOT_MATCH06_SHOT0503_HITFRAME00122979.mp4,NET SHOT,Net Shot,Drive,99.90%,0.0001,0.9990,0.0005,0.0003,0.0002,SUCCESS
NET_SHOT_MATCH06_SHOT0504_HITFRAME00122998.mp4,NET SHOT,Net Shot,Drive,99.82%,0.0001,0.9982,0.0009,0.0005,0.0002,SUCCESS
NET_SHOT_MATCH06_SHOT0505_HITFRAME00123534.mp4,NET SHOT,Net Shot,Drive,99.90%,0.0001,0.9990,0.0004,0.0003,0.0002,SUCCESS
NET_SHOT_MATCH06_SHOT0506_HITFRAME00123550.mp4,NET SHOT,Net Shot,Drive,99.87%,0.0001,0.9987,0.0006,0.0004,0.0002,SUCCESS
NET_SHOT_MATCH06_SHOT0507_HITFRAME00123570.mp4,NET SHOT,Net Shot,Drive,99.87%,0.0001,0.9987,0.0006,0.0004,0.0002,SUCCESS
NET_SHOT_MATCH06_SHOT0508_HITFRAME00123590.mp4,NET SHOT,Net Shot,Drive,99.85%,0.0001,0.9985,0.0007,0.0005,0.0002,SUCCESS
NET_SHOT_MATCH06_SHOT0510_HITFRAME00124476.mp4,NET SHOT,Net Shot,Drive,99.88%,0.0001,0.9988,0.0005,0.0004,0.0002,SUCCESS
NET_SHOT_MATCH06_SHOT0513_HITFRAME00125380.mp4,NET SHOT,Net Shot,Drive,99.89%,0.0001,0.9989,0.0004,0.0004,0.0002,SUCCESS
NET_SHOT_MATCH06_SHOT0514_HITFRAME00125467.mp4,NET SHOT,Net Shot,Drive,99.88%,0.0001,0.9988,0.0005,0.0004,0.0002,SUCCESS
NET_SHOT_MATCH06_SHOT0515_HITFRAME00125488.mp4,NET SHOT,Net Shot,Drive,99.88%,0.0001,0.9988,0.0005,0.0004,0.0002,SUCCESS
NET_SHOT_MATCH06_SHOT0518_HITFRAME00127026.mp4,NET SHOT,Net Shot,Drive,99.88%,0.0001,0.9988,0.0005,0.0004,0.0002,SUCCESS
NET_SHOT_MATCH06_SHOT0519_HITFRAME00127049.mp4,NET SHOT,Net Shot,Drive,99.87%,0.0001,0.9987,0.0006,0.0004,0.0002,SUCCESS
NET_SHOT_MATCH06_SHOT0521_HITFRAME00127123.mp4,NET SHOT,Net Shot,Drive,99.85%,0.0001,0.9985,0.0007,0.0005,0.0002,SUCCESS
NET_SHOT_MATCH06_SHOT0522_HITFRAME00127146.mp4,NET SHOT,Net Shot,Drive,99.91%,0.0001,0.9991,0.0003,0.0003,0.0002,SUCCESS
NET_SHOT_MATCH06_SHOT0523_HITFRAME00127168.mp4,NET SHOT,Net Shot,Drive,99.84%,0.0001,0.9984,0.0008,0.0004,0.0003,SUCCESS
NET_SHOT_MATCH06_SHOT0524_HITFRAME00127190.mp4,NET SHOT,Net Shot,Drive,99.88%,0.0001,0.9988,0.0005,0.0004,0.0002,SUCCESS
NET_SHOT_MATCH06_SHOT0525_HITFRAME00127258.mp4,NET SHOT,Net Shot,Drive,99.91%,0.0001,0.9991,0.0004,0.0003,0.0002,SUCCESS
NET_SHOT_MATCH06_SHOT0526_HITFRAME00127277.mp4,NET SHOT,Net Shot,Drive,99.91%,0.0001,0.9991,0.0003,0.0003,0.0001,SUCCESS
NET_SHOT_MATCH06_SHOT0527_HITFRAME00128721.mp4,NET SHOT,Net Shot,Drive,99.91%,0.0001,0.9991,0.0004,0.0003,0.0002,SUCCESS
NET_SHOT_MATCH06_SHOT0528_HITFRAME00128739.mp4,NET SHOT,Net Shot,Drive,99.90%,0.0001,0.9990,0.0004,0.0003,0.0002,SUCCESS
NET_SHOT_MATCH06_SHOT0530_HITFRAME00128850.mp4,NET SHOT,Net Shot,Drive,99.88%,0.0001,0.9988,0.0006,0.0004,0.0002,SUCCESS
NET_SHOT_MATCH06_SHOT0531_HITFRAME00128871.mp4,NET SHOT,Net Shot,Drive,99.88%,0.0001,0.9988,0.0005,0.0004,0.0002,SUCCESS
NET_SHOT_MATCH06_SHOT0537_HITFRAME00129771.mp4,NET SHOT,Net Shot,Drive,99.92%,0.0001,0.9992,0.0003,0.0002,0.0002,SUCCESS
NET_SHOT_MATCH06_SHOT0538_HITFRAME00129796.mp4,NET SHOT,Net Shot,Drive,99.83%,0.0001,0.9983,0.0008,0.0006,0.0002,SUCCESS
NET_SHOT_MATCH06_SHOT0539_HITFRAME00130403.mp4,NET SHOT,Net Shot,Drive,99.87%,0.0001,0.9987,0.0006,0.0004,0.0002,SUCCESS
NET_SHOT_MATCH06_SHOT0540_HITFRAME00130419.mp4,NET SHOT,Net Shot,Drive,99.87%,0.0001,0.9987,0.0006,0.0004,0.0002,SUCCESS
NET_SHOT_MATCH06_SHOT0541_HITFRAME00130439.mp4,NET SHOT,Net Shot,Drive,99.83%,0.0001,0.9983,0.0009,0.0005,0.0002,SUCCESS
NET_SHOT_MATCH06_SHOT0543_HITFRAME00130541.mp4,NET SHOT,Net Shot,Drive,99.90%,0.0001,0.9990,0.0004,0.0003,0.0002,SUCCESS
NET_SHOT_MATCH06_SHOT0546_HITFRAME00131494.mp4,NET SHOT,Net Shot,Drive,99.90%,0.0001,0.9990,0.0004,0.0003,0.0002,SUCCESS
NET_SHOT_MATCH07_SHOT0002_HITFRAME00014612.mp4,NET SHOT,Net Shot,Drive,99.86%,0.0001,0.9986,0.0006,0.0004,0.0002,SUCCESS
NET_SHOT_MATCH07_SHOT0005_HITFRAME00014756.mp4,NET SHOT,Net Shot,Drive,99.85%,0.0001,0.9985,0.0007,0.0003,0.0003,SUCCESS
NET_SHOT_MATCH07_SHOT0011_HITFRAME00016024.mp4,NET SHOT,Net Shot,Drive,99.89%,0.0001,0.9989,0.0005,0.0002,0.0002,SUCCESS
NET_SHOT_MATCH07_SHOT0021_HITFRAME00016972.mp4,NET SHOT,Net Shot,Drive,99.88%,0.0001,0.9988,0.0006,0.0003,0.0002,SUCCESS
NET_SHOT_MATCH07_SHOT0023_HITFRAME00017670.mp4,NET SHOT,Net Shot,Drive,99.86%,0.0001,0.9986,0.0007,0.0004,0.0002,SUCCESS
NET_SHOT_MATCH07_SHOT0028_HITFRAME00017851.mp4,NET SHOT,Net Shot,Drive,99.84%,0.0001,0.9984,0.0008,0.0004,0.0003,SUCCESS
NET_SHOT_MATCH07_SHOT0031_HITFRAME00018619.mp4,NET SHOT,Net Shot,Drive,99.90%,0.0001,0.9990,0.0004,0.0003,0.0002,SUCCESS
NET_SHOT_MATCH07_SHOT0034_HITFRAME00019441.mp4,NET SHOT,Net Shot,Drive,99.88%,0.0001,0.9988,0.0006,0.0004,0.0002,SUCCESS
NET_SHOT_MATCH07_SHOT0042_HITFRAME00019735.mp4,NET SHOT,Net Shot,Drive,99.89%,0.0001,0.9989,0.0005,0.0003,0.0002,SUCCESS
NET_SHOT_MATCH07_SHOT0050_HITFRAME00021960.mp4,NET SHOT,Net Shot,Drive,99.90%,0.0001,0.9990,0.0004,0.0003,0.0002,SUCCESS
NET_SHOT_MATCH07_SHOT0051_HITFRAME00021979.mp4,NET SHOT,Net Shot,Drive,99.75%,0.0002,0.9975,0.0013,0.0006,0.0004,SUCCESS
NET_SHOT_MATCH07_SHOT0052_HITFRAME00022007.mp4,NET SHOT,Net Shot,Drive,99.81%,0.0001,0.9981,0.0008,0.0007,0.0002,SUCCESS
NET_SHOT_MATCH07_SHOT0053_HITFRAME00022029.mp4,NET SHOT,Net Shot,Drive,99.83%,0.0001,0.9983,0.0008,0.0005,0.0003,SUCCESS
NET_SHOT_MATCH07_SHOT0058_HITFRAME00022260.mp4,NET SHOT,Net Shot,Drive,99.89%,0.0001,0.9989,0.0005,0.0002,0.0003,SUCCESS
NET_SHOT_MATCH07_SHOT0061_HITFRAME00022459.mp4,NET SHOT,Net Shot,Drive,99.87%,0.0001,0.9987,0.0006,0.0003,0.0002,SUCCESS
NET_SHOT_MATCH07_SHOT0067_HITFRAME00023834.mp4,NET SHOT,Net Shot,Drive,99.88%,0.0001,0.9988,0.0005,0.0004,0.0002,SUCCESS
NET_SHOT_MATCH07_SHOT0070_HITFRAME00023939.mp4,NET SHOT,Net Shot,Drive,99.87%,0.0001,0.9987,0.0006,0.0004,0.0002,SUCCESS
NET_SHOT_MATCH07_SHOT0074_HITFRAME00024154.mp4,NET SHOT,Net Shot,Drive,99.75%,0.0002,0.9975,0.0014,0.0005,0.0004,SUCCESS
NET_SHOT_MATCH07_SHOT0080_HITFRAME00025680.mp4,NET SHOT,Net Shot,Drive,99.88%,0.0001,0.9988,0.0005,0.0004,0.0002,SUCCESS
NET_SHOT_MATCH07_SHOT0082_HITFRAME00025732.mp4,NET SHOT,Net Shot,Drive,99.91%,0.0001,0.9991,0.0004,0.0002,0.0002,SUCCESS
NET_SHOT_MATCH07_SHOT0083_HITFRAME00025752.mp4,NET SHOT,Net Shot,Drive,99.85%,0.0001,0.9985,0.0007,0.0004,0.0003,SUCCESS
NET_SHOT_MATCH07_SHOT0084_HITFRAME00025774.mp4,NET SHOT,Net Shot,Drive,99.85%,0.0001,0.9985,0.0007,0.0005,0.0002,SUCCESS
NET_SHOT_MATCH07_SHOT0086_HITFRAME00025867.mp4,NET SHOT,Net Shot,Drive,99.90%,0.0001,0.9990,0.0004,0.0003,0.0002,SUCCESS
NET_SHOT_MATCH07_SHOT0088_HITFRAME00025940.mp4,NET SHOT,Net Shot,Drive,99.89%,0.0001,0.9989,0.0005,0.0004,0.0002,SUCCESS
NET_SHOT_MATCH07_SHOT0089_HITFRAME00026090.mp4,NET SHOT,Net Shot,Drive,99.88%,0.0001,0.9988,0.0005,0.0003,0.0002,SUCCESS
NET_SHOT_MATCH07_SHOT0097_HITFRAME00026441.mp4,NET SHOT,Net Shot,Drive,99.89%,0.0001,0.9989,0.0005,0.0003,0.0002,SUCCESS
NET_SHOT_MATCH07_SHOT0107_HITFRAME00027664.mp4,NET SHOT,Net Shot,Drive,99.59%,0.0003,0.9959,0.0026,0.0004,0.0008,SUCCESS
NET_SHOT_MATCH07_SHOT0114_HITFRAME00028809.mp4,NET SHOT,Net Shot,Drive,99.88%,0.0001,0.9988,0.0005,0.0003,0.0002,SUCCESS
NET_SHOT_MATCH07_SHOT0117_HITFRAME00031238.mp4,NET SHOT,Net Shot,Drive,99.83%,0.0001,0.9983,0.0008,0.0004,0.0003,SUCCESS
NET_SHOT_MATCH07_SHOT0127_HITFRAME00032640.mp4,NET SHOT,Net Shot,Drive,99.75%,0.0002,0.9975,0.0014,0.0005,0.0004,SUCCESS
NET_SHOT_MATCH07_SHOT0128_HITFRAME00032662.mp4,NET SHOT,Net Shot,Drive,99.85%,0.0001,0.9985,0.0007,0.0004,0.0003,SUCCESS
NET_SHOT_MATCH07_SHOT0129_HITFRAME00032686.mp4,NET SHOT,Net Shot,Drive,99.87%,0.0001,0.9987,0.0005,0.0004,0.0002,SUCCESS
NET_SHOT_MATCH07_SHOT0132_HITFRAME00032903.mp4,NET SHOT,Net Shot,Drive,99.79%,0.0002,0.9979,0.0011,0.0005,0.0003,SUCCESS
NET_SHOT_MATCH07_SHOT0133_HITFRAME00033600.mp4,NET SHOT,Net Shot,Drive,99.85%,0.0001,0.9985,0.0008,0.0003,0.0003,SUCCESS
NET_SHOT_MATCH07_SHOT0136_HITFRAME00033715.mp4,NET SHOT,Net Shot,Drive,99.80%,0.0002,0.9980,0.0011,0.0004,0.0003,SUCCESS
NET_SHOT_MATCH07_SHOT0138_HITFRAME00033787.mp4,NET SHOT,Net Shot,Drive,99.84%,0.0002,0.9984,0.0008,0.0003,0.0003,SUCCESS
NET_SHOT_MATCH07_SHOT0140_HITFRAME00033939.mp4,NET SHOT,Net Shot,Drive,99.84%,0.0001,0.9984,0.0008,0.0004,0.0003,SUCCESS
NET_SHOT_MATCH07_SHOT0142_HITFRAME00034120.mp4,NET SHOT,Net Shot,Drive,99.86%,0.0001,0.9986,0.0007,0.0004,0.0002,SUCCESS
NET_SHOT_MATCH07_SHOT0145_HITFRAME00034253.mp4,NET SHOT,Net Shot,Drive,99.80%,0.0002,0.9980,0.0010,0.0005,0.0003,SUCCESS
NET_SHOT_MATCH07_SHOT0146_HITFRAME00036461.mp4,NET SHOT,Net Shot,Drive,99.80%,0.0002,0.9980,0.0010,0.0005,0.0003,SUCCESS
NET_SHOT_MATCH07_SHOT0147_HITFRAME00036482.mp4,NET SHOT,Net Shot,Drive,99.87%,0.0001,0.9987,0.0006,0.0004,0.0002,SUCCESS
NET_SHOT_MATCH07_SHOT0152_HITFRAME00036812.mp4,NET SHOT,Net Shot,Drive,99.57%,0.0004,0.9957,0.0027,0.0004,0.0009,SUCCESS
NET_SHOT_MATCH07_SHOT0153_HITFRAME00036903.mp4,NET SHOT,Net Shot,Drive,99.81%,0.0002,0.9981,0.0010,0.0005,0.0003,SUCCESS
NET_SHOT_MATCH07_SHOT0159_HITFRAME00038441.mp4,NET SHOT,Net Shot,Drive,99.84%,0.0002,0.9984,0.0008,0.0004,0.0003,SUCCESS
NET_SHOT_MATCH07_SHOT0160_HITFRAME00038464.mp4,NET SHOT,Net Shot,Drive,99.81%,0.0002,0.9981,0.0010,0.0005,0.0003,SUCCESS
NET_SHOT_MATCH07_SHOT0162_HITFRAME00039939.mp4,NET SHOT,Net Shot,Drive,99.84%,0.0001,0.9984,0.0008,0.0003,0.0003,SUCCESS
NET_SHOT_MATCH07_SHOT0164_HITFRAME00040026.mp4,NET SHOT,Net Shot,Drive,99.84%,0.0002,0.9984,0.0008,0.0004,0.0003,SUCCESS
NET_SHOT_MATCH07_SHOT0173_HITFRAME00045871.mp4,NET SHOT,Net Shot,Drive,99.80%,0.0002,0.9980,0.0011,0.0004,0.0003,SUCCESS
NET_SHOT_MATCH07_SHOT0175_HITFRAME00047178.mp4,NET SHOT,Net Shot,Drive,99.84%,0.0002,0.9984,0.0008,0.0004,0.0003,SUCCESS
NET_SHOT_MATCH07_SHOT0176_HITFRAME00047200.mp4,NET SHOT,Net Shot,Drive,99.84%,0.0001,0.9984,0.0007,0.0006,0.0002,SUCCESS
NET_SHOT_MATCH07_SHOT0177_HITFRAME00047224.mp4,NET SHOT,Net Shot,Drive,99.80%,0.0002,0.9980,0.0009,0.0006,0.0003,SUCCESS
NET_SHOT_MATCH07_SHOT0179_HITFRAME00047861.mp4,NET SHOT,Net Shot,Drive,99.84%,0.0002,0.9984,0.0008,0.0003,0.0003,SUCCESS
NET_SHOT_MATCH07_SHOT0180_HITFRAME00047885.mp4,NET SHOT,Net Shot,Drive,99.88%,0.0001,0.9988,0.0005,0.0004,0.0002,SUCCESS
NET_SHOT_MATCH07_SHOT0181_HITFRAME00047910.mp4,NET SHOT,Net Shot,Drive,99.84%,0.0002,0.9984,0.0008,0.0003,0.0003,SUCCESS
NET_SHOT_MATCH07_SHOT0184_HITFRAME00048789.mp4,NET SHOT,Net Shot,Drive,99.91%,0.0001,0.9991,0.0004,0.0003,0.0002,SUCCESS
NET_SHOT_MATCH07_SHOT0185_HITFRAME00048807.mp4,NET SHOT,Net Shot,Drive,99.86%,0.0001,0.9986,0.0007,0.0004,0.0002,SUCCESS
NET_SHOT_MATCH07_SHOT0190_HITFRAME00049028.mp4,NET SHOT,Net Shot,Drive,99.89%,0.0001,0.9989,0.0005,0.0004,0.0002,SUCCESS
NET_SHOT_MATCH07_SHOT0192_HITFRAME00049100.mp4,NET SHOT,Net Shot,Drive,99.88%,0.0001,0.9988,0.0006,0.0003,0.0002,SUCCESS
NET_SHOT_MATCH07_SHOT0194_HITFRAME00049266.mp4,NET SHOT,Net Shot,Drive,99.81%,0.0002,0.9981,0.0009,0.0004,0.0003,SUCCESS
NET_SHOT_MATCH07_SHOT0195_HITFRAME00049285.mp4,NET SHOT,Net Shot,Drive,99.81%,0.0002,0.9981,0.0010,0.0004,0.0003,SUCCESS
NET_SHOT_MATCH07_SHOT0199_HITFRAME00049488.mp4,NET SHOT,Net Shot,Drive,99.89%,0.0001,0.9989,0.0005,0.0003,0.0002,SUCCESS
NET_SHOT_MATCH07_SHOT0202_HITFRAME00049661.mp4,NET SHOT,Net Shot,Drive,99.53%,0.0003,0.9953,0.0031,0.0003,0.0010,SUCCESS
NET_SHOT_MATCH07_SHOT0203_HITFRAME00049688.mp4,NET SHOT,Net Shot,Drive,99.81%,0.0002,0.9981,0.0010,0.0004,0.0003,SUCCESS
NET_SHOT_MATCH07_SHOT0206_HITFRAME00051726.mp4,NET SHOT,Net Shot,Drive,99.86%,0.0001,0.9986,0.0007,0.0003,0.0002,SUCCESS
NET_SHOT_MATCH07_SHOT0220_HITFRAME00054612.mp4,NET SHOT,Net Shot,Drive,99.89%,0.0001,0.9989,0.0005,0.0003,0.0002,SUCCESS
NET_SHOT_MATCH07_SHOT0223_HITFRAME00054794.mp4,NET SHOT,Net Shot,Drive,99.92%,0.0001,0.9992,0.0004,0.0002,0.0002,SUCCESS
NET_SHOT_MATCH07_SHOT0224_HITFRAME00054816.mp4,NET SHOT,Net Shot,Drive,99.74%,0.0002,0.9974,0.0015,0.0004,0.0004,SUCCESS
NET_SHOT_MATCH07_SHOT0227_HITFRAME00054954.mp4,NET SHOT,Net Shot,Drive,99.89%,0.0001,0.9989,0.0005,0.0003,0.0002,SUCCESS
NET_SHOT_MATCH07_SHOT0236_HITFRAME00057069.mp4,NET SHOT,Net Shot,Drive,99.87%,0.0001,0.9987,0.0006,0.0003,0.0002,SUCCESS
NET_SHOT_MATCH07_SHOT0237_HITFRAME00057136.mp4,NET SHOT,Net Shot,Drive,99.84%,0.0001,0.9984,0.0007,0.0004,0.0003,SUCCESS
NET_SHOT_MATCH07_SHOT0238_HITFRAME00057155.mp4,NET SHOT,Net Shot,Drive,99.78%,0.0002,0.9978,0.0011,0.0006,0.0003,SUCCESS
NET_SHOT_MATCH07_SHOT0240_HITFRAME00057258.mp4,NET SHOT,Net Shot,Drive,99.86%,0.0001,0.9986,0.0006,0.0005,0.0002,SUCCESS
NET_SHOT_MATCH07_SHOT0241_HITFRAME00057278.mp4,NET SHOT,Net Shot,Drive,99.83%,0.0001,0.9983,0.0008,0.0005,0.0003,SUCCESS
NET_SHOT_MATCH07_SHOT0245_HITFRAME00057452.mp4,NET SHOT,Net Shot,Drive,99.83%,0.0001,0.9983,0.0008,0.0005,0.0002,SUCCESS
NET_SHOT_MATCH07_SHOT0248_HITFRAME00057627.mp4,NET SHOT,Net Shot,Drive,99.88%,0.0001,0.9988,0.0005,0.0003,0.0002,SUCCESS
NET_SHOT_MATCH07_SHOT0249_HITFRAME00057647.mp4,NET SHOT,Net Shot,Drive,99.79%,0.0002,0.9979,0.0011,0.0004,0.0004,SUCCESS
NET_SHOT_MATCH07_SHOT0250_HITFRAME00057671.mp4,NET SHOT,Net Shot,Drive,99.91%,0.0001,0.9991,0.0004,0.0002,0.0002,SUCCESS
NET_SHOT_MATCH07_SHOT0251_HITFRAME00057696.mp4,NET SHOT,Net Shot,Drive,99.82%,0.0002,0.9982,0.0010,0.0004,0.0003,SUCCESS
NET_SHOT_MATCH07_SHOT0257_HITFRAME00061695.mp4,NET SHOT,Net Shot,Drive,99.87%,0.0001,0.9987,0.0006,0.0003,0.0003,SUCCESS
NET_SHOT_MATCH07_SHOT0260_HITFRAME00062264.mp4,NET SHOT,Net Shot,Drive,99.85%,0.0001,0.9985,0.0007,0.0005,0.0002,SUCCESS
NET_SHOT_MATCH07_SHOT0262_HITFRAME00062940.mp4,NET SHOT,Net Shot,Drive,99.86%,0.0001,0.9986,0.0006,0.0005,0.0002,SUCCESS
NET_SHOT_MATCH07_SHOT0265_HITFRAME00063045.mp4,NET SHOT,Net Shot,Drive,99.85%,0.0001,0.9985,0.0007,0.0004,0.0003,SUCCESS
NET_SHOT_MATCH07_SHOT0267_HITFRAME00063109.mp4,NET SHOT,Net Shot,Drive,99.25%,0.0005,0.9925,0.0054,0.0004,0.0012,SUCCESS
NET_SHOT_MATCH07_SHOT0269_HITFRAME00063200.mp4,NET SHOT,Net Shot,Drive,99.86%,0.0001,0.9986,0.0006,0.0005,0.0002,SUCCESS
NET_SHOT_MATCH07_SHOT0271_HITFRAME00063318.mp4,NET SHOT,Net Shot,Drive,99.81%,0.0002,0.9981,0.0009,0.0005,0.0003,SUCCESS
NET_SHOT_MATCH07_SHOT0281_HITFRAME00069707.mp4,NET SHOT,Net Shot,Drive,99.81%,0.0002,0.9981,0.0009,0.0006,0.0002,SUCCESS
NET_SHOT_MATCH07_SHOT0288_HITFRAME00070646.mp4,NET SHOT,Net Shot,Drive,94.45%,0.0052,0.9445,0.0474,0.0012,0.0017,SUCCESS
NET_SHOT_MATCH07_SHOT0289_HITFRAME00070674.mp4,NET SHOT,Net Shot,Drive,99.84%,0.0001,0.9984,0.0007,0.0005,0.0002,SUCCESS
NET_SHOT_MATCH07_SHOT0290_HITFRAME00070698.mp4,NET SHOT,Net Shot,Drive,99.76%,0.0002,0.9976,0.0012,0.0007,0.0003,SUCCESS
NET_SHOT_MATCH07_SHOT0291_HITFRAME00070727.mp4,NET SHOT,Net Shot,Drive,99.73%,0.0003,0.9973,0.0016,0.0005,0.0004,SUCCESS
NET_SHOT_MATCH07_SHOT0292_HITFRAME00071445.mp4,NET SHOT,Net Shot,Drive,99.84%,0.0001,0.9984,0.0007,0.0005,0.0002,SUCCESS
NET_SHOT_MATCH07_SHOT0294_HITFRAME00071526.mp4,NET SHOT,Net Shot,Drive,99.87%,0.0001,0.9987,0.0006,0.0004,0.0002,SUCCESS
NET_SHOT_MATCH07_SHOT0295_HITFRAME00071542.mp4,NET SHOT,Net Shot,Drive,99.70%,0.0002,0.9970,0.0016,0.0008,0.0004,SUCCESS
NET_SHOT_MATCH07_SHOT0299_HITFRAME00072208.mp4,NET SHOT,Net Shot,Drive,99.77%,0.0002,0.9977,0.0012,0.0007,0.0003,SUCCESS
NET_SHOT_MATCH07_SHOT0301_HITFRAME00072287.mp4,NET SHOT,Net Shot,Drive,99.88%,0.0001,0.9988,0.0006,0.0003,0.0003,SUCCESS
NET_SHOT_MATCH07_SHOT0307_HITFRAME00073861.mp4,NET SHOT,Net Shot,Drive,99.86%,0.0001,0.9986,0.0006,0.0005,0.0002,SUCCESS
NET_SHOT_MATCH07_SHOT0308_HITFRAME00074011.mp4,NET SHOT,Net Shot,Drive,99.81%,0.0002,0.9981,0.0009,0.0005,0.0003,SUCCESS
NET_SHOT_MATCH07_SHOT0310_HITFRAME00074193.mp4,NET SHOT,Net Shot,Drive,99.91%,0.0001,0.9991,0.0004,0.0003,0.0001,SUCCESS
NET_SHOT_MATCH07_SHOT0312_HITFRAME00074300.mp4,NET SHOT,Net Shot,Drive,99.83%,0.0001,0.9983,0.0007,0.0007,0.0002,SUCCESS
NET_SHOT_MATCH07_SHOT0317_HITFRAME00075922.mp4,NET SHOT,Net Shot,Drive,99.81%,0.0002,0.9981,0.0009,0.0005,0.0003,SUCCESS
NET_SHOT_MATCH07_SHOT0318_HITFRAME00075941.mp4,NET SHOT,Net Shot,Drive,99.89%,0.0001,0.9989,0.0005,0.0003,0.0002,SUCCESS
NET_SHOT_MATCH07_SHOT0320_HITFRAME00076049.mp4,NET SHOT,Net Shot,Drive,99.78%,0.0002,0.9978,0.0011,0.0005,0.0003,SUCCESS
NET_SHOT_MATCH07_SHOT0321_HITFRAME00076125.mp4,NET SHOT,Net Shot,Drive,99.82%,0.0002,0.9982,0.0010,0.0004,0.0003,SUCCESS
NET_SHOT_MATCH07_SHOT0331_HITFRAME00078436.mp4,NET SHOT,Net Shot,Drive,99.90%,0.0001,0.9990,0.0005,0.0002,0.0002,SUCCESS
NET_SHOT_MATCH07_SHOT0332_HITFRAME00078459.mp4,NET SHOT,Net Shot,Drive,99.75%,0.0002,0.9975,0.0014,0.0005,0.0004,SUCCESS
NET_SHOT_MATCH07_SHOT0334_HITFRAME00078552.mp4,NET SHOT,Net Shot,Drive,99.80%,0.0002,0.9980,0.0011,0.0005,0.0003,SUCCESS
NET_SHOT_MATCH07_SHOT0336_HITFRAME00078635.mp4,NET SHOT,Net Shot,Drive,99.82%,0.0002,0.9982,0.0009,0.0004,0.0003,SUCCESS
NET_SHOT_MATCH07_SHOT0337_HITFRAME00078660.mp4,NET SHOT,Net Shot,Drive,99.88%,0.0001,0.9988,0.0005,0.0004,0.0002,SUCCESS
NET_SHOT_MATCH07_SHOT0340_HITFRAME00079710.mp4,NET SHOT,Net Shot,Drive,99.84%,0.0001,0.9984,0.0007,0.0005,0.0002,SUCCESS
NET_SHOT_MATCH07_SHOT0341_HITFRAME00079733.mp4,NET SHOT,Net Shot,Drive,99.82%,0.0002,0.9982,0.0008,0.0005,0.0003,SUCCESS
NET_SHOT_MATCH07_SHOT0346_HITFRAME00079926.mp4,NET SHOT,Net Shot,Drive,99.81%,0.0002,0.9981,0.0010,0.0004,0.0003,SUCCESS
NET_SHOT_MATCH07_SHOT0359_HITFRAME00085111.mp4,NET SHOT,Net Shot,Drive,99.80%,0.0002,0.9980,0.0010,0.0005,0.0004,SUCCESS
NET_SHOT_MATCH07_SHOT0360_HITFRAME00085133.mp4,NET SHOT,Net Shot,Drive,99.79%,0.0002,0.9979,0.0010,0.0007,0.0002,SUCCESS
NET_SHOT_MATCH07_SHOT0370_HITFRAME00087208.mp4,NET SHOT,Net Shot,Drive,99.82%,0.0001,0.9982,0.0009,0.0005,0.0003,SUCCESS
NET_SHOT_MATCH07_SHOT0373_HITFRAME00089036.mp4,NET SHOT,Net Shot,Drive,99.88%,0.0001,0.9988,0.0006,0.0003,0.0002,SUCCESS
NET_SHOT_MATCH07_SHOT0377_HITFRAME00089201.mp4,NET SHOT,Net Shot,Drive,99.85%,0.0001,0.9985,0.0008,0.0003,0.0003,SUCCESS
NET_SHOT_MATCH07_SHOT0380_HITFRAME00089321.mp4,NET SHOT,Net Shot,Drive,99.86%,0.0001,0.9986,0.0006,0.0004,0.0002,SUCCESS
NET_SHOT_MATCH07_SHOT0382_HITFRAME00089987.mp4,NET SHOT,Net Shot,Drive,99.67%,0.0002,0.9967,0.0015,0.0012,0.0003,SUCCESS
NET_SHOT_MATCH07_SHOT0383_HITFRAME00090009.mp4,NET SHOT,Net Shot,Drive,99.80%,0.0002,0.9980,0.0010,0.0004,0.0004,SUCCESS
NET_SHOT_MATCH07_SHOT0384_HITFRAME00090026.mp4,NET SHOT,Net Shot,Drive,99.71%,0.0003,0.9971,0.0016,0.0005,0.0004,SUCCESS
NET_SHOT_MATCH07_SHOT0387_HITFRAME00090867.mp4,NET SHOT,Net Shot,Drive,99.84%,0.0001,0.9984,0.0006,0.0006,0.0002,SUCCESS
NET_SHOT_MATCH07_SHOT0390_HITFRAME00091040.mp4,NET SHOT,Net Shot,Drive,99.83%,0.0002,0.9983,0.0009,0.0003,0.0004,SUCCESS
NET_SHOT_MATCH07_SHOT0391_HITFRAME00091066.mp4,NET SHOT,Net Shot,Drive,99.85%,0.0001,0.9985,0.0007,0.0005,0.0002,SUCCESS
NET_SHOT_MATCH07_SHOT0392_HITFRAME00091596.mp4,NET SHOT,Net Shot,Drive,99.81%,0.0001,0.9981,0.0008,0.0006,0.0003,SUCCESS
NET_SHOT_MATCH07_SHOT0396_HITFRAME00093088.mp4,NET SHOT,Net Shot,Drive,99.75%,0.0002,0.9975,0.0013,0.0007,0.0004,SUCCESS
NET_SHOT_MATCH07_SHOT0397_HITFRAME00093585.mp4,NET SHOT,Net Shot,Drive,99.81%,0.0002,0.9981,0.0009,0.0005,0.0003,SUCCESS
NET_SHOT_MATCH07_SHOT0398_HITFRAME00093607.mp4,NET SHOT,Net Shot,Drive,99.82%,0.0001,0.9982,0.0008,0.0006,0.0002,SUCCESS
NET_SHOT_MATCH07_SHOT0399_HITFRAME00093630.mp4,NET SHOT,Net Shot,Drive,99.81%,0.0002,0.9981,0.0010,0.0005,0.0003,SUCCESS
NET_SHOT_MATCH07_SHOT0402_HITFRAME00093747.mp4,NET SHOT,Net Shot,Drive,99.81%,0.0002,0.9981,0.0009,0.0002,0.0006,SUCCESS
NET_SHOT_MATCH07_SHOT0403_HITFRAME00093768.mp4,NET SHOT,Net Shot,Drive,99.78%,0.0002,0.9978,0.0011,0.0007,0.0003,SUCCESS
NET_SHOT_MATCH07_SHOT0405_HITFRAME00093852.mp4,NET SHOT,Net Shot,Drive,99.68%,0.0003,0.9968,0.0020,0.0004,0.0005,SUCCESS
NET_SHOT_MATCH08_SHOT0001_HITFRAME00010334.mp4,NET SHOT,Net Shot,Drive,58.99%,0.0020,0.5899,0.0653,0.3161,0.0266,SUCCESS
NET_SHOT_MATCH08_SHOT0004_HITFRAME00010424.mp4,NET SHOT,Net Shot,Drive,99.37%,0.0005,0.9937,0.0034,0.0006,0.0018,SUCCESS
NET_SHOT_MATCH08_SHOT0006_HITFRAME00010545.mp4,NET SHOT,Net Shot,Drive,99.88%,0.0001,0.9988,0.0004,0.0003,0.0004,SUCCESS
NET_SHOT_MATCH08_SHOT0015_HITFRAME00011425.mp4,NET SHOT,Net Shot,Drive,99.30%,0.0005,0.9930,0.0017,0.0045,0.0004,SUCCESS
NET_SHOT_MATCH08_SHOT0020_HITFRAME00011752.mp4,NET SHOT,Net Shot,Drive,57.67%,0.0036,0.5767,0.0154,0.4034,0.0010,SUCCESS
NET_SHOT_MATCH08_SHOT0023_HITFRAME00011896.mp4,NET SHOT,Net Shot,Drive,96.84%,0.0008,0.9684,0.0135,0.0097,0.0076,SUCCESS
NET_SHOT_MATCH08_SHOT0033_HITFRAME00014123.mp4,NET SHOT,Net Shot,Drive,99.73%,0.0002,0.9973,0.0014,0.0004,0.0006,SUCCESS
NET_SHOT_MATCH08_SHOT0034_HITFRAME00014195.mp4,NET SHOT,Net Shot,Drive,90.76%,0.0014,0.9076,0.0131,0.0760,0.0019,SUCCESS
NET_SHOT_MATCH08_SHOT0037_HITFRAME00015044.mp4,NET SHOT,Net Shot,Drive,99.79%,0.0001,0.9979,0.0007,0.0008,0.0004,SUCCESS
NET_SHOT_MATCH08_SHOT0043_HITFRAME00017565.mp4,NET SHOT,Net Shot,Drive,72.57%,0.0022,0.7257,0.0733,0.1797,0.0191,SUCCESS
NET_SHOT_MATCH08_SHOT0045_HITFRAME00017695.mp4,NET SHOT,Net Shot,Drive,99.41%,0.0003,0.9941,0.0021,0.0023,0.0012,SUCCESS
NET_SHOT_MATCH08_SHOT0061_HITFRAME00020555.mp4,NET SHOT,Net Shot,Drive,86.41%,0.0016,0.8641,0.0238,0.1057,0.0049,SUCCESS
NET_SHOT_MATCH08_SHOT0062_HITFRAME00021173.mp4,NET SHOT,Net Shot,Drive,71.73%,0.0017,0.7173,0.0163,0.2489,0.0157,SUCCESS
NET_SHOT_MATCH08_SHOT0063_HITFRAME00021195.mp4,NET SHOT,Net Shot,Drive,89.86%,0.0021,0.8986,0.0174,0.0795,0.0024,SUCCESS
NET_SHOT_MATCH08_SHOT0067_HITFRAME00023308.mp4,NET SHOT,Net Shot,Drive,88.95%,0.0018,0.8895,0.0098,0.0935,0.0055,SUCCESS
NET_SHOT_MATCH08_SHOT0070_HITFRAME00024087.mp4,NET SHOT,Net Shot,Drive,99.54%,0.0004,0.9954,0.0014,0.0025,0.0003,SUCCESS
NET_SHOT_MATCH08_SHOT0071_HITFRAME00024715.mp4,NET SHOT,Net Shot,Drive,99.81%,0.0002,0.9981,0.0009,0.0004,0.0005,SUCCESS
NET_SHOT_MATCH08_SHOT0075_HITFRAME00027244.mp4,NET SHOT,Net Shot,Drive,99.60%,0.0002,0.9960,0.0014,0.0011,0.0013,SUCCESS
NET_SHOT_MATCH08_SHOT0084_HITFRAME00029833.mp4,NET SHOT,Net Shot,Drive,87.17%,0.0228,0.8717,0.0959,0.0057,0.0038,SUCCESS
NET_SHOT_MATCH08_SHOT0085_HITFRAME00029914.mp4,NET SHOT,Net Shot,Drive,99.80%,0.0002,0.9980,0.0008,0.0006,0.0004,SUCCESS
NET_SHOT_MATCH08_SHOT0090_HITFRAME00030610.mp4,NET SHOT,Net Shot,Drive,99.70%,0.0002,0.9970,0.0010,0.0012,0.0006,SUCCESS
NET_SHOT_MATCH08_SHOT0093_HITFRAME00030793.mp4,NET SHOT,Net Shot,Drive,99.75%,0.0001,0.9975,0.0010,0.0003,0.0010,SUCCESS
NET_SHOT_MATCH08_SHOT0094_HITFRAME00030817.mp4,NET SHOT,Net Shot,Drive,78.27%,0.0017,0.7827,0.0132,0.1972,0.0051,SUCCESS
NET_SHOT_MATCH08_SHOT0096_HITFRAME00031940.mp4,NET SHOT,Net Shot,Drive,99.88%,0.0001,0.9988,0.0005,0.0003,0.0003,SUCCESS
NET_SHOT_MATCH08_SHOT0097_HITFRAME00031958.mp4,NET SHOT,Net Shot,Drive,97.52%,0.0007,0.9752,0.0044,0.0185,0.0012,SUCCESS
NET_SHOT_MATCH08_SHOT0102_HITFRAME00032793.mp4,NET SHOT,Net Shot,Drive,97.70%,0.0010,0.9770,0.0049,0.0166,0.0006,SUCCESS
NET_SHOT_MATCH08_SHOT0110_HITFRAME00034496.mp4,NET SHOT,Net Shot,Drive,76.29%,0.0041,0.7629,0.0522,0.1631,0.0177,SUCCESS
NET_SHOT_MATCH08_SHOT0114_HITFRAME00035198.mp4,NET SHOT,Net Shot,Drive,99.88%,0.0001,0.9988,0.0004,0.0003,0.0004,SUCCESS
NET_SHOT_MATCH08_SHOT0126_HITFRAME00037853.mp4,NET SHOT,Net Shot,Drive,99.51%,0.0003,0.9951,0.0018,0.0014,0.0014,SUCCESS
NET_SHOT_MATCH08_SHOT0127_HITFRAME00041451.mp4,NET SHOT,Net Shot,Drive,99.91%,0.0001,0.9991,0.0003,0.0003,0.0002,SUCCESS
NET_SHOT_MATCH08_SHOT0128_HITFRAME00041471.mp4,NET SHOT,Net Shot,Drive,74.63%,0.0037,0.7463,0.0170,0.2302,0.0029,SUCCESS
NET_SHOT_MATCH08_SHOT0129_HITFRAME00041493.mp4,NET SHOT,Net Shot,Drive,96.53%,0.0008,0.9653,0.0123,0.0194,0.0022,SUCCESS
NET_SHOT_MATCH08_SHOT0131_HITFRAME00041937.mp4,NET SHOT,Net Shot,Drive,94.50%,0.0015,0.9450,0.0071,0.0425,0.0039,SUCCESS
NET_SHOT_MATCH08_SHOT0133_HITFRAME00041995.mp4,NET SHOT,Net Shot,Drive,99.84%,0.0001,0.9984,0.0007,0.0004,0.0004,SUCCESS
NET_SHOT_MATCH08_SHOT0134_HITFRAME00042013.mp4,NET SHOT,Net Shot,Drive,81.53%,0.0022,0.8153,0.0317,0.1303,0.0206,SUCCESS
NET_SHOT_MATCH08_SHOT0135_HITFRAME00042032.mp4,NET SHOT,Net Shot,Drive,99.34%,0.0003,0.9934,0.0018,0.0040,0.0005,SUCCESS
NET_SHOT_MATCH08_SHOT0136_HITFRAME00042122.mp4,NET SHOT,Net Shot,Drive,73.85%,0.0037,0.7385,0.0811,0.0947,0.0820,SUCCESS
NET_SHOT_MATCH08_SHOT0139_HITFRAME00042290.mp4,NET SHOT,Net Shot,Drive,99.68%,0.0002,0.9968,0.0014,0.0008,0.0008,SUCCESS
NET_SHOT_MATCH08_SHOT0146_HITFRAME00042565.mp4,NET SHOT,Net Shot,Drive,99.84%,0.0002,0.9984,0.0004,0.0006,0.0004,SUCCESS
NET_SHOT_MATCH08_SHOT0157_HITFRAME00046231.mp4,NET SHOT,Net Shot,Drive,80.19%,0.0021,0.8019,0.0214,0.1591,0.0155,SUCCESS
NET_SHOT_MATCH08_SHOT0160_HITFRAME00046966.mp4,NET SHOT,Net Shot,Drive,99.82%,0.0001,0.9982,0.0008,0.0003,0.0006,SUCCESS
NET_SHOT_MATCH08_SHOT0162_HITFRAME00048360.mp4,NET SHOT,Net Shot,Drive,99.83%,0.0001,0.9983,0.0006,0.0006,0.0004,SUCCESS
NET_SHOT_MATCH08_SHOT0165_HITFRAME00048465.mp4,NET SHOT,Net Shot,Drive,98.52%,0.0004,0.9852,0.0082,0.0031,0.0031,SUCCESS
NET_SHOT_MATCH08_SHOT0169_HITFRAME00049357.mp4,NET SHOT,Net Shot,Drive,63.32%,0.0028,0.6332,0.0155,0.3467,0.0017,SUCCESS
NET_SHOT_MATCH08_SHOT0173_HITFRAME00049524.mp4,NET SHOT,Net Shot,Drive,77.89%,0.0021,0.7789,0.0237,0.1819,0.0135,SUCCESS
NET_SHOT_MATCH08_SHOT0180_HITFRAME00051208.mp4,NET SHOT,Net Shot,Drive,99.88%,0.0001,0.9988,0.0005,0.0003,0.0003,SUCCESS
NET_SHOT_MATCH08_SHOT0183_HITFRAME00052148.mp4,NET SHOT,Net Shot,Drive,97.03%,0.0009,0.9703,0.0055,0.0224,0.0009,SUCCESS
NET_SHOT_MATCH08_SHOT0187_HITFRAME00052382.mp4,NET SHOT,Net Shot,Drive,89.79%,0.0013,0.8979,0.0187,0.0707,0.0114,SUCCESS
NET_SHOT_MATCH08_SHOT0190_HITFRAME00053231.mp4,NET SHOT,Net Shot,Drive,99.21%,0.0006,0.9921,0.0021,0.0047,0.0006,SUCCESS
NET_SHOT_MATCH08_SHOT0191_HITFRAME00053309.mp4,NET SHOT,Net Shot,Drive,99.40%,0.0007,0.9940,0.0027,0.0023,0.0003,SUCCESS
NET_SHOT_MATCH08_SHOT0203_HITFRAME00056435.mp4,NET SHOT,Net Shot,Drive,96.98%,0.0010,0.9698,0.0078,0.0204,0.0010,SUCCESS
NET_SHOT_MATCH08_SHOT0215_HITFRAME00061611.mp4,NET SHOT,Net Shot,Drive,99.34%,0.0007,0.9934,0.0015,0.0040,0.0005,SUCCESS
NET_SHOT_MATCH08_SHOT0222_HITFRAME00063297.mp4,NET SHOT,Net Shot,Drive,96.01%,0.0030,0.9601,0.0127,0.0205,0.0037,SUCCESS
NET_SHOT_MATCH08_SHOT0235_HITFRAME00066782.mp4,NET SHOT,Net Shot,Drive,99.37%,0.0004,0.9937,0.0017,0.0039,0.0004,SUCCESS
NET_SHOT_MATCH08_SHOT0238_HITFRAME00067012.mp4,NET SHOT,Net Shot,Drive,99.63%,0.0002,0.9963,0.0016,0.0004,0.0015,SUCCESS
NET_SHOT_MATCH08_SHOT0243_HITFRAME00067397.mp4,NET SHOT,Net Shot,Drive,99.68%,0.0002,0.9968,0.0012,0.0005,0.0013,SUCCESS
NET_SHOT_MATCH08_SHOT0246_HITFRAME00069469.mp4,NET SHOT,Net Shot,Drive,99.79%,0.0002,0.9979,0.0010,0.0004,0.0004,SUCCESS
NET_SHOT_MATCH08_SHOT0247_HITFRAME00069490.mp4,NET SHOT,Net Shot,Drive,99.77%,0.0002,0.9977,0.0004,0.0014,0.0002,SUCCESS
NET_SHOT_MATCH08_SHOT0248_HITFRAME00069511.mp4,NET SHOT,Net Shot,Drive,94.95%,0.0008,0.9495,0.0305,0.0145,0.0046,SUCCESS
NET_SHOT_MATCH08_SHOT0251_HITFRAME00070160.mp4,NET SHOT,Net Shot,Drive,89.42%,0.0013,0.8942,0.0033,0.0993,0.0019,SUCCESS
NET_SHOT_MATCH08_SHOT0253_HITFRAME00070245.mp4,NET SHOT,Net Shot,Drive,78.06%,0.0045,0.7806,0.0121,0.2014,0.0013,SUCCESS
NET_SHOT_MATCH08_SHOT0254_HITFRAME00070269.mp4,NET SHOT,Net Shot,Drive,99.83%,0.0001,0.9983,0.0007,0.0005,0.0004,SUCCESS
NET_SHOT_MATCH08_SHOT0257_HITFRAME00071468.mp4,NET SHOT,Net Shot,Drive,99.91%,0.0001,0.9991,0.0003,0.0003,0.0002,SUCCESS
NET_SHOT_MATCH08_SHOT0260_HITFRAME00072145.mp4,NET SHOT,Net Shot,Drive,94.48%,0.0015,0.9448,0.0066,0.0455,0.0015,SUCCESS
NET_SHOT_MATCH08_SHOT0272_HITFRAME00075313.mp4,NET SHOT,Net Shot,Drive,73.18%,0.0023,0.7318,0.0147,0.2472,0.0041,SUCCESS
NET_SHOT_MATCH08_SHOT0273_HITFRAME00076019.mp4,NET SHOT,Net Shot,Drive,99.48%,0.0002,0.9948,0.0019,0.0014,0.0017,SUCCESS
NET_SHOT_MATCH08_SHOT0274_HITFRAME00076039.mp4,NET SHOT,Net Shot,Drive,99.88%,0.0001,0.9988,0.0004,0.0003,0.0003,SUCCESS
NET_SHOT_MATCH09_SHOT0003_HITFRAME00002445.mp4,NET SHOT,Net Shot,Drive,71.59%,0.0095,0.7159,0.0735,0.1164,0.0846,SUCCESS
NET_SHOT_MATCH09_SHOT0006_HITFRAME00002576.mp4,NET SHOT,Net Shot,Drive,69.64%,0.0109,0.6964,0.0740,0.1378,0.0809,SUCCESS
NET_SHOT_MATCH09_SHOT0007_HITFRAME00002602.mp4,NET SHOT,Net Shot,Drive,70.67%,0.0107,0.7067,0.0707,0.1338,0.0781,SUCCESS
NET_SHOT_MATCH09_SHOT0013_HITFRAME00003320.mp4,NET SHOT,Net Shot,Drive,69.01%,0.0099,0.6901,0.0712,0.1343,0.0945,SUCCESS
NET_SHOT_MATCH09_SHOT0016_HITFRAME00004868.mp4,NET SHOT,Net Shot,Smash,65.99%,0.0082,0.0834,0.2328,0.0157,0.6599,SUCCESS
NET_SHOT_MATCH09_SHOT0017_HITFRAME00004888.mp4,NET SHOT,Net Shot,Drop,49.34%,0.0817,0.0481,0.4934,0.1202,0.2565,SUCCESS
NET_SHOT_MATCH09_SHOT0023_HITFRAME00005552.mp4,NET SHOT,Net Shot,Drive,94.56%,0.0052,0.9456,0.0249,0.0118,0.0125,SUCCESS
NET_SHOT_MATCH09_SHOT0025_HITFRAME00006078.mp4,NET SHOT,Net Shot,Drive,96.68%,0.0031,0.9668,0.0192,0.0049,0.0060,SUCCESS
NET_SHOT_MATCH09_SHOT0026_HITFRAME00006098.mp4,NET SHOT,Net Shot,Drive,96.67%,0.0031,0.9667,0.0192,0.0048,0.0062,SUCCESS
NET_SHOT_MATCH09_SHOT0028_HITFRAME00006208.mp4,NET SHOT,Net Shot,Drive,89.27%,0.0062,0.8927,0.0826,0.0031,0.0155,SUCCESS
NET_SHOT_MATCH09_SHOT0034_HITFRAME00007990.mp4,NET SHOT,Net Shot,Drive,32.13%,0.1732,0.3213,0.2026,0.1213,0.1817,SUCCESS
NET_SHOT_MATCH09_SHOT0040_HITFRAME00009393.mp4,NET SHOT,Net Shot,Drive,49.92%,0.0628,0.4992,0.1888,0.0874,0.1619,SUCCESS
NET_SHOT_MATCH09_SHOT0041_HITFRAME00009942.mp4,NET SHOT,Net Shot,Drive,85.89%,0.0173,0.8589,0.0935,0.0080,0.0222,SUCCESS
NET_SHOT_MATCH09_SHOT0042_HITFRAME00009963.mp4,NET SHOT,Net Shot,Drive,96.52%,0.0029,0.9652,0.0238,0.0029,0.0052,SUCCESS
NET_SHOT_MATCH09_SHOT0045_HITFRAME00010476.mp4,NET SHOT,Net Shot,Drive,97.60%,0.0022,0.9760,0.0133,0.0026,0.0059,SUCCESS
NET_SHOT_MATCH09_SHOT0047_HITFRAME00010553.mp4,NET SHOT,Net Shot,Drive,53.22%,0.0721,0.5322,0.1626,0.0647,0.1683,SUCCESS
NET_SHOT_MATCH09_SHOT0048_HITFRAME00010580.mp4,NET SHOT,Net Shot,Smash,53.72%,0.0082,0.3203,0.1270,0.0072,0.5372,SUCCESS
NET_SHOT_MATCH09_SHOT0051_HITFRAME00010715.mp4,NET SHOT,Net Shot,Clear,38.71%,0.3871,0.0486,0.3650,0.0333,0.1660,SUCCESS
NET_SHOT_MATCH09_SHOT0053_HITFRAME00012569.mp4,NET SHOT,Net Shot,Drive,42.42%,0.0482,0.4242,0.2504,0.0942,0.1829,SUCCESS
NET_SHOT_MATCH09_SHOT0058_HITFRAME00013454.mp4,NET SHOT,Net Shot,Clear,38.22%,0.3822,0.0732,0.2761,0.0919,0.1767,SUCCESS
NET_SHOT_MATCH09_SHOT0063_HITFRAME00014061.mp4,NET SHOT,Net Shot,Drive,68.11%,0.0082,0.6811,0.2129,0.0315,0.0664,SUCCESS
NET_SHOT_MATCH09_SHOT0065_HITFRAME00014162.mp4,NET SHOT,Net Shot,Smash,28.06%,0.2475,0.1354,0.2204,0.1162,0.2806,SUCCESS
NET_SHOT_MATCH09_SHOT0071_HITFRAME00015491.mp4,NET SHOT,Net Shot,Drive,32.49%,0.2186,0.3249,0.1959,0.1195,0.1411,SUCCESS
NET_SHOT_MATCH09_SHOT0072_HITFRAME00015511.mp4,NET SHOT,Net Shot,Clear,27.86%,0.2786,0.1825,0.2518,0.0984,0.1887,SUCCESS
NET_SHOT_MATCH09_SHOT0076_HITFRAME00015661.mp4,NET SHOT,Net Shot,Drop,25.58%,0.1459,0.2265,0.2558,0.1704,0.2014,SUCCESS
NET_SHOT_MATCH09_SHOT0078_HITFRAME00016253.mp4,NET SHOT,Net Shot,Drop,27.74%,0.2230,0.1740,0.2774,0.1060,0.2196,SUCCESS
NET_SHOT_MATCH09_SHOT0079_HITFRAME00016279.mp4,NET SHOT,Net Shot,Drop,63.66%,0.1833,0.0199,0.6366,0.0197,0.1404,SUCCESS
NET_SHOT_MATCH09_SHOT0081_HITFRAME00016375.mp4,NET SHOT,Net Shot,Drop,34.61%,0.2349,0.1479,0.3461,0.0713,0.1998,SUCCESS
NET_SHOT_MATCH09_SHOT0084_HITFRAME00016488.mp4,NET SHOT,Net Shot,Drive,99.08%,0.0006,0.9908,0.0042,0.0033,0.0011,SUCCESS
NET_SHOT_MATCH09_SHOT0085_HITFRAME00016515.mp4,NET SHOT,Net Shot,Drive,74.34%,0.0023,0.7434,0.1362,0.0298,0.0883,SUCCESS
NET_SHOT_MATCH09_SHOT0087_HITFRAME00016629.mp4,NET SHOT,Net Shot,Drive,28.98%,0.2629,0.2898,0.1600,0.2191,0.0682,SUCCESS
NET_SHOT_MATCH09_SHOT0090_HITFRAME00017418.mp4,NET SHOT,Net Shot,Drive,99.15%,0.0005,0.9915,0.0045,0.0027,0.0009,SUCCESS
NET_SHOT_MATCH09_SHOT0092_HITFRAME00017547.mp4,NET SHOT,Net Shot,Drive,97.32%,0.0022,0.9732,0.0153,0.0043,0.0050,SUCCESS
NET_SHOT_MATCH09_SHOT0097_HITFRAME00018226.mp4,NET SHOT,Net Shot,Drive,96.55%,0.0020,0.9655,0.0190,0.0086,0.0050,SUCCESS
NET_SHOT_MATCH09_SHOT0098_HITFRAME00018252.mp4,NET SHOT,Net Shot,Drive,85.50%,0.0050,0.8550,0.0877,0.0144,0.0379,SUCCESS
NET_SHOT_MATCH09_SHOT0116_HITFRAME00021913.mp4,NET SHOT,Net Shot,Smash,76.96%,0.0006,0.0060,0.2234,0.0004,0.7696,SUCCESS
NET_SHOT_MATCH09_SHOT0117_HITFRAME00021939.mp4,NET SHOT,Net Shot,Drive,94.85%,0.0013,0.9485,0.0227,0.0194,0.0080,SUCCESS
NET_SHOT_MATCH09_SHOT0123_HITFRAME00023798.mp4,NET SHOT,Net Shot,Drive,74.10%,0.0240,0.7410,0.2030,0.0154,0.0165,SUCCESS
NET_SHOT_MATCH09_SHOT0125_HITFRAME00023857.mp4,NET SHOT,Net Shot,Drive,69.85%,0.0417,0.6985,0.1425,0.0421,0.0752,SUCCESS
NET_SHOT_MATCH09_SHOT0133_HITFRAME00025080.mp4,NET SHOT,Net Shot,Drive,83.37%,0.0163,0.8337,0.0656,0.0096,0.0748,SUCCESS
NET_SHOT_MATCH09_SHOT0134_HITFRAME00025103.mp4,NET SHOT,Net Shot,Drive,74.20%,0.0164,0.7420,0.1262,0.0079,0.1075,SUCCESS
NET_SHOT_MATCH09_SHOT0136_HITFRAME00026054.mp4,NET SHOT,Net Shot,Drive,92.90%,0.0023,0.9290,0.0411,0.0161,0.0116,SUCCESS
NET_SHOT_MATCH09_SHOT0138_HITFRAME00026127.mp4,NET SHOT,Net Shot,Smash,95.55%,0.0004,0.0062,0.0369,0.0010,0.9555,SUCCESS
NET_SHOT_MATCH09_SHOT0141_HITFRAME00029717.mp4,NET SHOT,Net Shot,Drive,87.99%,0.0141,0.8799,0.0562,0.0093,0.0405,SUCCESS
NET_SHOT_MATCH09_SHOT0142_HITFRAME00029740.mp4,NET SHOT,Net Shot,Drive,93.43%,0.0065,0.9343,0.0423,0.0035,0.0133,SUCCESS
NET_SHOT_MATCH09_SHOT0143_HITFRAME00030078.mp4,NET SHOT,Net Shot,Drop,92.99%,0.0013,0.0585,0.9299,0.0007,0.0096,SUCCESS
NET_SHOT_MATCH09_SHOT0145_HITFRAME00030810.mp4,NET SHOT,Net Shot,Drop,35.40%,0.1093,0.1413,0.3540,0.1102,0.2852,SUCCESS
NET_SHOT_MATCH09_SHOT0147_HITFRAME00031244.mp4,NET SHOT,Net Shot,Drive,44.94%,0.0247,0.4494,0.4203,0.0444,0.0612,SUCCESS
NET_SHOT_MATCH09_SHOT0149_HITFRAME00031756.mp4,NET SHOT,Net Shot,Drive,27.58%,0.2475,0.2758,0.1831,0.1777,0.1160,SUCCESS
NET_SHOT_MATCH09_SHOT0150_HITFRAME00032120.mp4,NET SHOT,Net Shot,Drop,43.85%,0.0617,0.2437,0.4385,0.0854,0.1707,SUCCESS
NET_SHOT_MATCH09_SHOT0152_HITFRAME00032207.mp4,NET SHOT,Net Shot,Drop,59.49%,0.0312,0.1173,0.5949,0.0257,0.2309,SUCCESS
NET_SHOT_MATCH09_SHOT0153_HITFRAME00032223.mp4,NET SHOT,Net Shot,Drop,36.85%,0.0421,0.1652,0.3685,0.1576,0.2666,SUCCESS
NET_SHOT_MATCH09_SHOT0154_HITFRAME00032246.mp4,NET SHOT,Net Shot,Drop,62.95%,0.0534,0.1442,0.6295,0.1164,0.0565,SUCCESS
NET_SHOT_MATCH09_SHOT0157_HITFRAME00032853.mp4,NET SHOT,Net Shot,Drive,90.39%,0.0035,0.9039,0.0683,0.0076,0.0166,SUCCESS
NET_SHOT_MATCH09_SHOT0158_HITFRAME00032873.mp4,NET SHOT,Net Shot,Drive,98.57%,0.0009,0.9857,0.0099,0.0025,0.0010,SUCCESS
NET_SHOT_MATCH09_SHOT0161_HITFRAME00033674.mp4,NET SHOT,Net Shot,Smash,27.69%,0.1161,0.1877,0.2075,0.2119,0.2769,SUCCESS
NET_SHOT_MATCH09_SHOT0166_HITFRAME00034816.mp4,NET SHOT,Net Shot,Smash,31.38%,0.2223,0.0533,0.2737,0.1367,0.3138,SUCCESS
NET_SHOT_MATCH09_SHOT0167_HITFRAME00034838.mp4,NET SHOT,Net Shot,Clear,28.48%,0.2848,0.0930,0.1819,0.2238,0.2164,SUCCESS
NET_SHOT_MATCH09_SHOT0169_HITFRAME00035295.mp4,NET SHOT,Net Shot,Clear,32.99%,0.3299,0.0987,0.2333,0.1778,0.1603,SUCCESS
NET_SHOT_MATCH09_SHOT0175_HITFRAME00036238.mp4,NET SHOT,Net Shot,Drive,52.43%,0.0038,0.5243,0.4623,0.0019,0.0076,SUCCESS
NET_SHOT_MATCH09_SHOT0179_HITFRAME00036953.mp4,NET SHOT,Net Shot,Drive,54.15%,0.0701,0.5415,0.1799,0.0817,0.1269,SUCCESS
NET_SHOT_MATCH09_SHOT0182_HITFRAME00037052.mp4,NET SHOT,Net Shot,Drive,77.27%,0.0084,0.7727,0.1097,0.0087,0.1005,SUCCESS
NET_SHOT_MATCH09_SHOT0184_HITFRAME00037170.mp4,NET SHOT,Net Shot,Smash,72.77%,0.0331,0.0456,0.1379,0.0557,0.7277,SUCCESS
NET_SHOT_MATCH09_SHOT0185_HITFRAME00037193.mp4,NET SHOT,Net Shot,Drop,28.84%,0.2803,0.1042,0.2884,0.1492,0.1780,SUCCESS
NET_SHOT_MATCH09_SHOT0187_HITFRAME00037956.mp4,NET SHOT,Net Shot,Smash,31.57%,0.1493,0.1330,0.2078,0.1942,0.3157,SUCCESS
NET_SHOT_MATCH09_SHOT0189_HITFRAME00037998.mp4,NET SHOT,Net Shot,Drive,75.76%,0.0212,0.7576,0.0720,0.0246,0.1246,SUCCESS
NET_SHOT_MATCH09_SHOT0196_HITFRAME00040127.mp4,NET SHOT,Net Shot,Smash,37.69%,0.0898,0.2204,0.2523,0.0606,0.3769,SUCCESS
NET_SHOT_MATCH09_SHOT0197_HITFRAME00040151.mp4,NET SHOT,Net Shot,Drop,25.48%,0.2101,0.2330,0.2548,0.0853,0.2169,SUCCESS
NET_SHOT_MATCH09_SHOT0200_HITFRAME00042661.mp4,NET SHOT,Net Shot,Drive,47.94%,0.0487,0.4794,0.1885,0.0802,0.2033,SUCCESS
NET_SHOT_MATCH09_SHOT0202_HITFRAME00042746.mp4,NET SHOT,Net Shot,Drive,74.64%,0.0144,0.7464,0.1210,0.0372,0.0810,SUCCESS
NET_SHOT_MATCH09_SHOT0203_HITFRAME00042770.mp4,NET SHOT,Net Shot,Drive,99.50%,0.0003,0.9950,0.0029,0.0011,0.0007,SUCCESS
NET_SHOT_MATCH09_SHOT0205_HITFRAME00043698.mp4,NET SHOT,Net Shot,Drive,33.98%,0.1293,0.3398,0.2255,0.1451,0.1603,SUCCESS
NET_SHOT_MATCH09_SHOT0206_HITFRAME00043719.mp4,NET SHOT,Net Shot,Drop,55.26%,0.0887,0.1206,0.5526,0.0426,0.1955,SUCCESS
NET_SHOT_MATCH09_SHOT0212_HITFRAME00044907.mp4,NET SHOT,Net Shot,Drive,73.46%,0.0059,0.7346,0.1981,0.0518,0.0097,SUCCESS
NET_SHOT_MATCH09_SHOT0214_HITFRAME00045599.mp4,NET SHOT,Net Shot,Drive,88.87%,0.0014,0.8887,0.0222,0.0142,0.0735,SUCCESS
NET_SHOT_MATCH09_SHOT0215_HITFRAME00045618.mp4,NET SHOT,Net Shot,Drive,99.79%,0.0001,0.9979,0.0005,0.0011,0.0004,SUCCESS
NET_SHOT_MATCH09_SHOT0217_HITFRAME00046497.mp4,NET SHOT,Net Shot,Drive,23.97%,0.1832,0.2397,0.2129,0.1554,0.2088,SUCCESS
NET_SHOT_MATCH09_SHOT0218_HITFRAME00046520.mp4,NET SHOT,Net Shot,Clear,21.18%,0.2118,0.2112,0.1845,0.2064,0.1861,SUCCESS
NET_SHOT_MATCH09_SHOT0220_HITFRAME00046964.mp4,NET SHOT,Net Shot,Clear,26.01%,0.2601,0.0894,0.1483,0.2544,0.2479,SUCCESS
NET_SHOT_MATCH09_SHOT0223_HITFRAME00047099.mp4,NET SHOT,Net Shot,Drive,93.97%,0.0083,0.9397,0.0233,0.0232,0.0055,SUCCESS
NET_SHOT_MATCH09_SHOT0226_HITFRAME00048559.mp4,NET SHOT,Net Shot,Clear,29.75%,0.2975,0.1175,0.1826,0.2166,0.1857,SUCCESS
NET_SHOT_MATCH09_SHOT0227_HITFRAME00048582.mp4,NET SHOT,Net Shot,Clear,29.15%,0.2915,0.1450,0.2028,0.1837,0.1771,SUCCESS
NET_SHOT_MATCH09_SHOT0233_HITFRAME00050815.mp4,NET SHOT,Net Shot,Drive,32.24%,0.1145,0.3224,0.2339,0.1349,0.1942,SUCCESS
NET_SHOT_MATCH09_SHOT0236_HITFRAME00051563.mp4,NET SHOT,Net Shot,Smash,40.08%,0.0149,0.3240,0.2323,0.0280,0.4008,SUCCESS
NET_SHOT_MATCH09_SHOT0237_HITFRAME00052062.mp4,NET SHOT,Net Shot,Drive,99.42%,0.0002,0.9942,0.0025,0.0009,0.0021,SUCCESS
NET_SHOT_MATCH09_SHOT0240_HITFRAME00054417.mp4,NET SHOT,Net Shot,Smash,56.44%,0.0026,0.3999,0.0274,0.0057,0.5644,SUCCESS
NET_SHOT_MATCH09_SHOT0242_HITFRAME00054501.mp4,NET SHOT,Net Shot,Clear,43.59%,0.4359,0.0895,0.1396,0.2101,0.1249,SUCCESS
NET_SHOT_MATCH09_SHOT0246_HITFRAME00055035.mp4,NET SHOT,Net Shot,Smash,27.70%,0.1693,0.2006,0.2139,0.1392,0.2770,SUCCESS
NET_SHOT_MATCH10_SHOT0005_HITFRAME00004544.mp4,NET SHOT,Net Shot,Drop,58.14%,0.0158,0.2913,0.5814,0.0299,0.0816,SUCCESS
NET_SHOT_MATCH10_SHOT0016_HITFRAME00006628.mp4,NET SHOT,Net Shot,Drive,79.67%,0.0068,0.7967,0.0821,0.0448,0.0696,SUCCESS
NET_SHOT_MATCH10_SHOT0020_HITFRAME00006812.mp4,NET SHOT,Net Shot,Drive,78.89%,0.0061,0.7889,0.0914,0.0529,0.0608,SUCCESS
NET_SHOT_MATCH10_SHOT0021_HITFRAME00007401.mp4,NET SHOT,Net Shot,Drive,84.95%,0.0040,0.8495,0.0640,0.0321,0.0505,SUCCESS
NET_SHOT_MATCH10_SHOT0022_HITFRAME00007426.mp4,NET SHOT,Net Shot,Drive,80.23%,0.0048,0.8023,0.0777,0.0309,0.0842,SUCCESS
NET_SHOT_MATCH10_SHOT0023_HITFRAME00008018.mp4,NET SHOT,Net Shot,Drive,46.61%,0.0136,0.4661,0.4233,0.0067,0.0904,SUCCESS
NET_SHOT_MATCH10_SHOT0025_HITFRAME00008474.mp4,NET SHOT,Net Shot,Drop,64.85%,0.0119,0.3006,0.6485,0.0080,0.0309,SUCCESS
NET_SHOT_MATCH10_SHOT0027_HITFRAME00009430.mp4,NET SHOT,Net Shot,Drop,40.51%,0.3310,0.2089,0.4051,0.0220,0.0329,SUCCESS
NET_SHOT_MATCH10_SHOT0030_HITFRAME00011222.mp4,NET SHOT,Net Shot,Drive,52.97%,0.1228,0.5297,0.1494,0.1059,0.0924,SUCCESS
NET_SHOT_MATCH10_SHOT0032_HITFRAME00011301.mp4,NET SHOT,Net Shot,Drive,67.66%,0.0664,0.6766,0.1271,0.0683,0.0616,SUCCESS
NET_SHOT_MATCH10_SHOT0033_HITFRAME00011328.mp4,NET SHOT,Net Shot,Drive,73.82%,0.0422,0.7382,0.1292,0.0365,0.0539,SUCCESS
NET_SHOT_MATCH10_SHOT0038_HITFRAME00011603.mp4,NET SHOT,Net Shot,Drive,80.29%,0.0085,0.8029,0.1552,0.0118,0.0216,SUCCESS
NET_SHOT_MATCH10_SHOT0044_HITFRAME00012393.mp4,NET SHOT,Net Shot,Drive,39.99%,0.0878,0.3999,0.1656,0.1318,0.2149,SUCCESS
NET_SHOT_MATCH10_SHOT0045_HITFRAME00012417.mp4,NET SHOT,Net Shot,Drive,91.37%,0.0135,0.9137,0.0439,0.0105,0.0183,SUCCESS
NET_SHOT_MATCH10_SHOT0050_HITFRAME00012636.mp4,NET SHOT,Net Shot,Drive,99.19%,0.0006,0.9919,0.0043,0.0017,0.0015,SUCCESS
NET_SHOT_MATCH10_SHOT0051_HITFRAME00014074.mp4,NET SHOT,Net Shot,Drive,99.33%,0.0005,0.9933,0.0041,0.0008,0.0013,SUCCESS
NET_SHOT_MATCH10_SHOT0054_HITFRAME00014559.mp4,NET SHOT,Net Shot,Drive,99.60%,0.0003,0.9960,0.0016,0.0008,0.0013,SUCCESS
NET_SHOT_MATCH10_SHOT0059_HITFRAME00015901.mp4,NET SHOT,Net Shot,Drive,99.62%,0.0004,0.9962,0.0018,0.0010,0.0007,SUCCESS
NET_SHOT_MATCH10_SHOT0063_HITFRAME00016578.mp4,NET SHOT,Net Shot,Drop,85.54%,0.0054,0.0393,0.8554,0.0114,0.0885,SUCCESS
NET_SHOT_MATCH10_SHOT0064_HITFRAME00017909.mp4,NET SHOT,Net Shot,Drive,90.02%,0.0130,0.9002,0.0598,0.0088,0.0182,SUCCESS
NET_SHOT_MATCH10_SHOT0067_HITFRAME00018463.mp4,NET SHOT,Net Shot,Drive,65.24%,0.0976,0.6524,0.1857,0.0223,0.0421,SUCCESS
NET_SHOT_MATCH10_SHOT0068_HITFRAME00018488.mp4,NET SHOT,Net Shot,Drive,71.06%,0.0409,0.7106,0.2183,0.0089,0.0213,SUCCESS
NET_SHOT_MATCH10_SHOT0070_HITFRAME00018561.mp4,NET SHOT,Net Shot,Drop,40.11%,0.1102,0.1230,0.4011,0.0559,0.3098,SUCCESS
NET_SHOT_MATCH10_SHOT0074_HITFRAME00020314.mp4,NET SHOT,Net Shot,Smash,28.87%,0.2230,0.0811,0.1445,0.2627,0.2887,SUCCESS
NET_SHOT_MATCH10_SHOT0080_HITFRAME00022296.mp4,NET SHOT,Net Shot,Drive,98.90%,0.0005,0.9890,0.0063,0.0012,0.0029,SUCCESS
NET_SHOT_MATCH10_SHOT0081_HITFRAME00022318.mp4,NET SHOT,Net Shot,Drive,99.39%,0.0003,0.9939,0.0029,0.0014,0.0014,SUCCESS
NET_SHOT_MATCH10_SHOT0084_HITFRAME00023343.mp4,NET SHOT,Net Shot,Drive,65.60%,0.0451,0.6560,0.1257,0.0787,0.0945,SUCCESS
NET_SHOT_MATCH10_SHOT0086_HITFRAME00023570.mp4,NET SHOT,Net Shot,Drive,99.13%,0.0005,0.9913,0.0044,0.0019,0.0019,SUCCESS
NET_SHOT_MATCH10_SHOT0088_HITFRAME00025050.mp4,NET SHOT,Net Shot,Drive,28.82%,0.1445,0.2882,0.2433,0.0507,0.2733,SUCCESS
NET_SHOT_MATCH10_SHOT0089_HITFRAME00025068.mp4,NET SHOT,Net Shot,Smash,53.96%,0.0857,0.0815,0.2507,0.0425,0.5396,SUCCESS
NET_SHOT_MATCH10_SHOT0092_HITFRAME00025310.mp4,NET SHOT,Net Shot,Smash,66.62%,0.0343,0.1292,0.1161,0.0541,0.6662,SUCCESS
NET_SHOT_MATCH10_SHOT0095_HITFRAME00026496.mp4,NET SHOT,Net Shot,Drive,98.42%,0.0008,0.9842,0.0034,0.0045,0.0071,SUCCESS
NET_SHOT_MATCH10_SHOT0103_HITFRAME00026802.mp4,NET SHOT,Net Shot,Drive,87.22%,0.0018,0.8722,0.0288,0.0137,0.0834,SUCCESS
NET_SHOT_MATCH10_SHOT0107_HITFRAME00027529.mp4,NET SHOT,Net Shot,Drive,52.66%,0.0038,0.5266,0.0181,0.4484,0.0031,SUCCESS
NET_SHOT_MATCH10_SHOT0108_HITFRAME00027560.mp4,NET SHOT,Net Shot,Drive,76.37%,0.0026,0.7637,0.1077,0.0488,0.0772,SUCCESS
NET_SHOT_MATCH10_SHOT0109_HITFRAME00028025.mp4,NET SHOT,Net Shot,Drive,39.69%,0.0303,0.3969,0.2146,0.0160,0.3422,SUCCESS
NET_SHOT_MATCH10_SHOT0113_HITFRAME00028183.mp4,NET SHOT,Net Shot,Drive,53.36%,0.0381,0.5336,0.3137,0.0212,0.0933,SUCCESS
NET_SHOT_MATCH10_SHOT0117_HITFRAME00028416.mp4,NET SHOT,Net Shot,Drop,39.04%,0.1424,0.1724,0.3904,0.0718,0.2230,SUCCESS
NET_SHOT_MATCH10_SHOT0119_HITFRAME00028966.mp4,NET SHOT,Net Shot,Drive,89.73%,0.0086,0.8973,0.0588,0.0111,0.0242,SUCCESS
NET_SHOT_MATCH10_SHOT0123_HITFRAME00029145.mp4,NET SHOT,Net Shot,Drive,99.68%,0.0004,0.9968,0.0011,0.0012,0.0005,SUCCESS
NET_SHOT_MATCH10_SHOT0124_HITFRAME00029170.mp4,NET SHOT,Net Shot,Drive,89.61%,0.0027,0.8961,0.0544,0.0409,0.0059,SUCCESS
NET_SHOT_MATCH10_SHOT0131_HITFRAME00031590.mp4,NET SHOT,Net Shot,Drive,93.76%,0.0008,0.9376,0.0074,0.0521,0.0022,SUCCESS
NET_SHOT_MATCH10_SHOT0133_HITFRAME00031644.mp4,NET SHOT,Net Shot,Drive,75.92%,0.0053,0.7592,0.1120,0.0488,0.0746,SUCCESS
NET_SHOT_MATCH10_SHOT0134_HITFRAME00031671.mp4,NET SHOT,Net Shot,Drive,52.58%,0.0729,0.5258,0.2059,0.0990,0.0963,SUCCESS
NET_SHOT_MATCH10_SHOT0135_HITFRAME00031693.mp4,NET SHOT,Net Shot,Drive,52.42%,0.0539,0.5242,0.1864,0.0966,0.1389,SUCCESS
NET_SHOT_MATCH10_SHOT0136_HITFRAME00031713.mp4,NET SHOT,Net Shot,Drive,52.36%,0.0714,0.5236,0.1683,0.1238,0.1130,SUCCESS
NET_SHOT_MATCH10_SHOT0138_HITFRAME00032306.mp4,NET SHOT,Net Shot,Drop,29.76%,0.1418,0.2060,0.2976,0.1369,0.2178,SUCCESS
NET_SHOT_MATCH10_SHOT0139_HITFRAME00032330.mp4,NET SHOT,Net Shot,Drop,65.80%,0.0783,0.1019,0.6580,0.0295,0.1323,SUCCESS
NET_SHOT_MATCH10_SHOT0141_HITFRAME00032434.mp4,NET SHOT,Net Shot,Drop,30.23%,0.2377,0.2558,0.3023,0.0988,0.1055,SUCCESS
NET_SHOT_MATCH10_SHOT0142_HITFRAME00032458.mp4,NET SHOT,Net Shot,Drive,38.36%,0.1128,0.3836,0.2421,0.0855,0.1760,SUCCESS
NET_SHOT_MATCH10_SHOT0143_HITFRAME00032480.mp4,NET SHOT,Net Shot,Drop,47.71%,0.0354,0.2295,0.4771,0.0452,0.2127,SUCCESS
NET_SHOT_MATCH10_SHOT0145_HITFRAME00034008.mp4,NET SHOT,Net Shot,Drive,73.94%,0.0016,0.7394,0.0126,0.0058,0.2406,SUCCESS
NET_SHOT_MATCH10_SHOT0146_HITFRAME00034030.mp4,NET SHOT,Net Shot,Drive,95.06%,0.0036,0.9506,0.0112,0.0089,0.0258,SUCCESS
NET_SHOT_MATCH10_SHOT0149_HITFRAME00034575.mp4,NET SHOT,Net Shot,Drop,30.89%,0.0735,0.2895,0.3089,0.0892,0.2389,SUCCESS
NET_SHOT_MATCH10_SHOT0158_HITFRAME00039842.mp4,NET SHOT,Net Shot,Drop,42.86%,0.1265,0.0693,0.4286,0.1467,0.2289,SUCCESS
NET_SHOT_MATCH10_SHOT0160_HITFRAME00040213.mp4,NET SHOT,Net Shot,Smash,61.73%,0.0016,0.3474,0.0214,0.0123,0.6173,SUCCESS
NET_SHOT_MATCH10_SHOT0161_HITFRAME00040236.mp4,NET SHOT,Net Shot,Drive,97.78%,0.0007,0.9778,0.0115,0.0015,0.0085,SUCCESS
NET_SHOT_MATCH10_SHOT0163_HITFRAME00040339.mp4,NET SHOT,Net Shot,Drive,96.51%,0.0008,0.9651,0.0156,0.0119,0.0066,SUCCESS
NET_SHOT_MATCH10_SHOT0164_HITFRAME00040360.mp4,NET SHOT,Net Shot,Drop,79.11%,0.0113,0.1286,0.7911,0.0161,0.0529,SUCCESS
NET_SHOT_MATCH10_SHOT0165_HITFRAME00040381.mp4,NET SHOT,Net Shot,Drive,98.88%,0.0010,0.9888,0.0054,0.0035,0.0012,SUCCESS
NET_SHOT_MATCH10_SHOT0168_HITFRAME00041278.mp4,NET SHOT,Net Shot,Drive,63.90%,0.0548,0.6390,0.1558,0.0871,0.0633,SUCCESS
NET_SHOT_MATCH10_SHOT0173_HITFRAME00041970.mp4,NET SHOT,Net Shot,Drop,48.03%,0.0450,0.2589,0.4803,0.0281,0.1878,SUCCESS
NET_SHOT_MATCH10_SHOT0174_HITFRAME00042410.mp4,NET SHOT,Net Shot,Drive,79.49%,0.0048,0.7949,0.1492,0.0116,0.0395,SUCCESS
NET_SHOT_MATCH10_SHOT0175_HITFRAME00042429.mp4,NET SHOT,Net Shot,Drive,92.27%,0.0007,0.9227,0.0047,0.0035,0.0684,SUCCESS
NET_SHOT_MATCH10_SHOT0178_HITFRAME00043319.mp4,NET SHOT,Net Shot,Drive,58.13%,0.0166,0.5813,0.3049,0.0153,0.0819,SUCCESS
NET_SHOT_MATCH10_SHOT0179_HITFRAME00043343.mp4,NET SHOT,Net Shot,Drive,79.28%,0.0034,0.7928,0.0921,0.0971,0.0145,SUCCESS
NET_SHOT_MATCH10_SHOT0182_HITFRAME00043880.mp4,NET SHOT,Net Shot,Drive,45.81%,0.0557,0.4581,0.1896,0.1492,0.1474,SUCCESS
NET_SHOT_MATCH10_SHOT0188_HITFRAME00044739.mp4,NET SHOT,Net Shot,Drive,60.67%,0.0399,0.6067,0.2175,0.0850,0.0510,SUCCESS
NET_SHOT_MATCH10_SHOT0191_HITFRAME00044852.mp4,NET SHOT,Net Shot,Drive,91.41%,0.0037,0.9141,0.0313,0.0075,0.0434,SUCCESS
NET_SHOT_MATCH10_SHOT0192_HITFRAME00044878.mp4,NET SHOT,Net Shot,Drive,90.80%,0.0066,0.9080,0.0466,0.0129,0.0259,SUCCESS
NET_SHOT_MATCH10_SHOT0193_HITFRAME00044900.mp4,NET SHOT,Net Shot,Drop,38.30%,0.0925,0.3235,0.3830,0.0302,0.1708,SUCCESS
NET_SHOT_MATCH10_SHOT0194_HITFRAME00044999.mp4,NET SHOT,Net Shot,Drop,36.53%,0.1416,0.2430,0.3653,0.1319,0.1181,SUCCESS
NET_SHOT_MATCH10_SHOT0195_HITFRAME00045022.mp4,NET SHOT,Net Shot,Smash,42.46%,0.0486,0.1193,0.2546,0.1528,0.4246,SUCCESS
NET_SHOT_MATCH10_SHOT0198_HITFRAME00045168.mp4,NET SHOT,Net Shot,Drive,47.15%,0.0645,0.4715,0.2013,0.1050,0.1577,SUCCESS
NET_SHOT_MATCH10_SHOT0205_HITFRAME00046823.mp4,NET SHOT,Net Shot,Smash,41.46%,0.0271,0.2285,0.2884,0.0415,0.4146,SUCCESS
NET_SHOT_MATCH10_SHOT0206_HITFRAME00046846.mp4,NET SHOT,Net Shot,Drive,60.91%,0.0378,0.6091,0.1731,0.0359,0.1441,SUCCESS
NET_SHOT_MATCH10_SHOT0208_HITFRAME00047915.mp4,NET SHOT,Net Shot,Drive,71.94%,0.0046,0.7194,0.0460,0.0115,0.2185,SUCCESS
NET_SHOT_MATCH10_SHOT0209_HITFRAME00049758.mp4,NET SHOT,Net Shot,Drive,53.09%,0.0034,0.5309,0.0711,0.3653,0.0293,SUCCESS
NET_SHOT_MATCH10_SHOT0211_HITFRAME00049842.mp4,NET SHOT,Net Shot,Drive,98.29%,0.0006,0.9829,0.0098,0.0034,0.0032,SUCCESS
NET_SHOT_MATCH10_SHOT0217_HITFRAME00052087.mp4,NET SHOT,Net Shot,Drop,60.59%,0.0350,0.3348,0.6059,0.0036,0.0207,SUCCESS
NET_SHOT_MATCH10_SHOT0218_HITFRAME00052113.mp4,NET SHOT,Net Shot,Drop,64.86%,0.0549,0.2677,0.6486,0.0051,0.0237,SUCCESS
NET_SHOT_MATCH10_SHOT0222_HITFRAME00055040.mp4,NET SHOT,Net Shot,Drive,39.41%,0.0718,0.3941,0.2669,0.1125,0.1547,SUCCESS
NET_SHOT_MATCH10_SHOT0223_HITFRAME00055060.mp4,NET SHOT,Net Shot,Drive,34.31%,0.1132,0.3431,0.2086,0.1691,0.1660,SUCCESS
NET_SHOT_MATCH10_SHOT0226_HITFRAME00056338.mp4,NET SHOT,Net Shot,Drive,96.80%,0.0011,0.9680,0.0181,0.0027,0.0100,SUCCESS
NET_SHOT_MATCH10_SHOT0227_HITFRAME00056357.mp4,NET SHOT,Net Shot,Smash,72.02%,0.0009,0.2383,0.0297,0.0109,0.7202,SUCCESS
NET_SHOT_MATCH10_SHOT0228_HITFRAME00056378.mp4,NET SHOT,Net Shot,Drive,99.45%,0.0004,0.9945,0.0024,0.0021,0.0006,SUCCESS
NET_SHOT_MATCH10_SHOT0229_HITFRAME00056754.mp4,NET SHOT,Net Shot,Drive,30.56%,0.1051,0.3056,0.1886,0.2620,0.1387,SUCCESS
NET_SHOT_MATCH10_SHOT0230_HITFRAME00056773.mp4,NET SHOT,Net Shot,Drive,30.85%,0.1314,0.3085,0.2174,0.1800,0.1628,SUCCESS
NET_SHOT_MATCH10_SHOT0231_HITFRAME00056849.mp4,NET SHOT,Net Shot,Drive,25.59%,0.1781,0.2559,0.2003,0.2328,0.1329,SUCCESS
NET_SHOT_MATCH10_SHOT0232_HITFRAME00056872.mp4,NET SHOT,Net Shot,Drive,39.50%,0.1378,0.3950,0.1959,0.1451,0.1262,SUCCESS
NET_SHOT_MATCH10_SHOT0233_HITFRAME00056895.mp4,NET SHOT,Net Shot,Drive,98.97%,0.0007,0.9897,0.0026,0.0061,0.0009,SUCCESS
NET_SHOT_MATCH10_SHOT0234_HITFRAME00056919.mp4,NET SHOT,Net Shot,Drive,99.23%,0.0004,0.9923,0.0035,0.0022,0.0016,SUCCESS
NET_SHOT_MATCH10_SHOT0235_HITFRAME00057275.mp4,NET SHOT,Net Shot,Drive,27.38%,0.1293,0.2738,0.2067,0.2069,0.1832,SUCCESS
NET_SHOT_MATCH10_SHOT0237_HITFRAME00057525.mp4,NET SHOT,Net Shot,Drive,91.50%,0.0005,0.9150,0.0081,0.0590,0.0174,SUCCESS
NET_SHOT_MATCH10_SHOT0239_HITFRAME00058496.mp4,NET SHOT,Net Shot,Drive,99.66%,0.0002,0.9966,0.0021,0.0004,0.0008,SUCCESS
NET_SHOT_MATCH10_SHOT0242_HITFRAME00058785.mp4,NET SHOT,Net Shot,Drive,37.36%,0.0687,0.3736,0.1888,0.1688,0.2001,SUCCESS
NET_SHOT_MATCH10_SHOT0243_HITFRAME00058810.mp4,NET SHOT,Net Shot,Drive,51.32%,0.0306,0.5132,0.1799,0.1343,0.1421,SUCCESS
NET_SHOT_MATCH10_SHOT0246_HITFRAME00060562.mp4,NET SHOT,Net Shot,Drive,57.29%,0.0717,0.5729,0.1436,0.0901,0.1216,SUCCESS
NET_SHOT_MATCH10_SHOT0249_HITFRAME00062343.mp4,NET SHOT,Net Shot,Smash,39.98%,0.0319,0.1655,0.3013,0.1015,0.3998,SUCCESS
NET_SHOT_MATCH10_SHOT0252_HITFRAME00062856.mp4,NET SHOT,Net Shot,Drive,93.13%,0.0015,0.9313,0.0307,0.0121,0.0245,SUCCESS
NET_SHOT_MATCH10_SHOT0258_HITFRAME00063379.mp4,NET SHOT,Net Shot,Drop,35.89%,0.1500,0.0976,0.3589,0.0875,0.3060,SUCCESS
NET_SHOT_MATCH10_SHOT0259_HITFRAME00063402.mp4,NET SHOT,Net Shot,Drop,34.57%,0.1343,0.1735,0.3457,0.0825,0.2640,SUCCESS
NET_SHOT_MATCH10_SHOT0263_HITFRAME00064428.mp4,NET SHOT,Net Shot,Drive,97.39%,0.0022,0.9739,0.0103,0.0029,0.0107,SUCCESS
NET_SHOT_MATCH10_SHOT0265_HITFRAME00064608.mp4,NET SHOT,Net Shot,Drive,79.52%,0.0237,0.7952,0.0931,0.0663,0.0216,SUCCESS
NET_SHOT_MATCH10_SHOT0267_HITFRAME00065176.mp4,NET SHOT,Net Shot,Drive,61.18%,0.0786,0.6118,0.1658,0.1065,0.0372,SUCCESS
NET_SHOT_MATCH10_SHOT0268_HITFRAME00065273.mp4,NET SHOT,Net Shot,Drive,39.33%,0.0741,0.3933,0.3015,0.0711,0.1600,SUCCESS
NET_SHOT_MATCH11_SHOT0001_HITFRAME00009637.mp4,NET SHOT,Net Shot,Drive,65.20%,0.0018,0.6520,0.0158,0.3217,0.0088,SUCCESS
NET_SHOT_MATCH11_SHOT0006_HITFRAME00010416.mp4,NET SHOT,Net Shot,Drive,46.63%,0.0039,0.4663,0.0561,0.4603,0.0135,SUCCESS
NET_SHOT_MATCH11_SHOT0011_HITFRAME00012243.mp4,NET SHOT,Net Shot,Drive,52.02%,0.0030,0.5202,0.0396,0.4236,0.0135,SUCCESS
NET_SHOT_MATCH11_SHOT0015_HITFRAME00013885.mp4,NET SHOT,Net Shot,Drive,81.41%,0.0024,0.8141,0.0263,0.1511,0.0062,SUCCESS
NET_SHOT_MATCH11_SHOT0016_HITFRAME00014306.mp4,NET SHOT,Net Shot,Drive,86.50%,0.0013,0.8650,0.0099,0.1205,0.0032,SUCCESS
NET_SHOT_MATCH11_SHOT0018_HITFRAME00014806.mp4,NET SHOT,Net Shot,Drive,53.07%,0.0062,0.5307,0.1938,0.2094,0.0599,SUCCESS
NET_SHOT_MATCH11_SHOT0019_HITFRAME00014825.mp4,NET SHOT,Net Shot,Drive,82.78%,0.0023,0.8278,0.0415,0.1101,0.0183,SUCCESS
NET_SHOT_MATCH11_SHOT0025_HITFRAME00016040.mp4,NET SHOT,Net Shot,Drive,82.26%,0.0024,0.8226,0.0258,0.1442,0.0050,SUCCESS
NET_SHOT_MATCH11_SHOT0026_HITFRAME00016466.mp4,NET SHOT,Net Shot,Drive,98.73%,0.0006,0.9873,0.0033,0.0079,0.0009,SUCCESS
NET_SHOT_MATCH11_SHOT0027_HITFRAME00016485.mp4,NET SHOT,Net Shot,Drive,94.77%,0.0010,0.9477,0.0064,0.0433,0.0016,SUCCESS
NET_SHOT_MATCH11_SHOT0030_HITFRAME00017523.mp4,NET SHOT,Net Shot,Drive,67.87%,0.0029,0.6787,0.0195,0.2959,0.0029,SUCCESS
NET_SHOT_MATCH11_SHOT0031_HITFRAME00017542.mp4,NET SHOT,Net Shot,Drive,83.81%,0.0018,0.8381,0.0343,0.1049,0.0209,SUCCESS
NET_SHOT_MATCH11_SHOT0032_HITFRAME00017938.mp4,NET SHOT,Net Shot,Drive,98.00%,0.0005,0.9800,0.0024,0.0159,0.0011,SUCCESS
NET_SHOT_MATCH11_SHOT0035_HITFRAME00018117.mp4,NET SHOT,Net Shot,Drive,69.01%,0.0033,0.6901,0.0767,0.1996,0.0303,SUCCESS
NET_SHOT_MATCH11_SHOT0037_HITFRAME00019783.mp4,NET SHOT,Net Shot,Drive,96.15%,0.0007,0.9615,0.0156,0.0120,0.0101,SUCCESS
NET_SHOT_MATCH11_SHOT0042_HITFRAME00020605.mp4,NET SHOT,Net Shot,Drive,79.58%,0.0036,0.7958,0.0528,0.1270,0.0208,SUCCESS
NET_SHOT_MATCH11_SHOT0043_HITFRAME00021986.mp4,NET SHOT,Net Shot,Drive,85.24%,0.0021,0.8524,0.0100,0.1332,0.0023,SUCCESS
NET_SHOT_MATCH11_SHOT0046_HITFRAME00022085.mp4,NET SHOT,Net Shot,Drive,76.03%,0.0067,0.7603,0.0592,0.1562,0.0176,SUCCESS
NET_SHOT_MATCH11_SHOT0047_HITFRAME00022108.mp4,NET SHOT,Net Shot,Drive,76.29%,0.0020,0.7629,0.0095,0.2234,0.0022,SUCCESS
NET_SHOT_MATCH11_SHOT0048_HITFRAME00022133.mp4,NET SHOT,Net Shot,Drive,67.19%,0.0036,0.6719,0.1229,0.0272,0.1744,SUCCESS
NET_SHOT_MATCH11_SHOT0049_HITFRAME00022761.mp4,NET SHOT,Net Shot,Drive,96.87%,0.0009,0.9687,0.0113,0.0113,0.0077,SUCCESS
NET_SHOT_MATCH11_SHOT0050_HITFRAME00022781.mp4,NET SHOT,Net Shot,Drive,99.77%,0.0001,0.9977,0.0007,0.0009,0.0006,SUCCESS
NET_SHOT_MATCH11_SHOT0051_HITFRAME00022800.mp4,NET SHOT,Net Shot,Drive,57.46%,0.0033,0.5746,0.0565,0.3458,0.0198,SUCCESS
NET_SHOT_MATCH11_SHOT0052_HITFRAME00022818.mp4,NET SHOT,Net Shot,Drive,94.61%,0.0009,0.9461,0.0060,0.0449,0.0021,SUCCESS
NET_SHOT_MATCH11_SHOT0053_HITFRAME00022870.mp4,NET SHOT,Net Shot,Drive,98.04%,0.0008,0.9804,0.0040,0.0136,0.0012,SUCCESS
NET_SHOT_MATCH11_SHOT0054_HITFRAME00022891.mp4,NET SHOT,Net Shot,Drive,87.09%,0.0021,0.8709,0.0423,0.0675,0.0172,SUCCESS
NET_SHOT_MATCH11_SHOT0059_HITFRAME00024092.mp4,NET SHOT,Net Shot,Drive,67.26%,0.0029,0.6726,0.0489,0.2614,0.0143,SUCCESS
NET_SHOT_MATCH11_SHOT0061_HITFRAME00024194.mp4,NET SHOT,Net Shot,Drive,91.56%,0.0018,0.9156,0.0234,0.0464,0.0129,SUCCESS
NET_SHOT_MATCH11_SHOT0062_HITFRAME00024238.mp4,NET SHOT,Net Shot,Drive,95.94%,0.0012,0.9594,0.0086,0.0272,0.0036,SUCCESS
NET_SHOT_MATCH11_SHOT0063_HITFRAME00024259.mp4,NET SHOT,Net Shot,Drive,45.98%,0.0050,0.4598,0.0935,0.4046,0.0371,SUCCESS
NET_SHOT_MATCH11_SHOT0065_HITFRAME00025181.mp4,NET SHOT,Net Shot,Drive,84.17%,0.0022,0.8417,0.0175,0.1339,0.0048,SUCCESS
NET_SHOT_MATCH11_SHOT0066_HITFRAME00025282.mp4,NET SHOT,Net Shot,Drive,77.90%,0.0030,0.7790,0.0549,0.1161,0.0470,SUCCESS
NET_SHOT_MATCH11_SHOT0067_HITFRAME00025304.mp4,NET SHOT,Net Shot,Drive,99.31%,0.0004,0.9931,0.0018,0.0043,0.0004,SUCCESS
NET_SHOT_MATCH11_SHOT0071_HITFRAME00026016.mp4,NET SHOT,Net Shot,Drive,94.20%,0.0014,0.9420,0.0051,0.0506,0.0009,SUCCESS
NET_SHOT_MATCH11_SHOT0073_HITFRAME00026559.mp4,NET SHOT,Net Shot,Drive,97.72%,0.0009,0.9772,0.0071,0.0096,0.0052,SUCCESS
NET_SHOT_MATCH11_SHOT0074_HITFRAME00026577.mp4,NET SHOT,Net Shot,Smash,59.08%,0.0006,0.3711,0.0341,0.0034,0.5908,SUCCESS
NET_SHOT_MATCH11_SHOT0075_HITFRAME00026599.mp4,NET SHOT,Net Shot,Drive,68.67%,0.0033,0.6867,0.0386,0.2556,0.0158,SUCCESS
NET_SHOT_MATCH11_SHOT0077_HITFRAME00026720.mp4,NET SHOT,Net Shot,Drive,99.82%,0.0001,0.9982,0.0007,0.0004,0.0005,SUCCESS
NET_SHOT_MATCH11_SHOT0078_HITFRAME00026743.mp4,NET SHOT,Net Shot,Drive,75.43%,0.0039,0.7543,0.0507,0.1631,0.0280,SUCCESS
NET_SHOT_MATCH11_SHOT0080_HITFRAME00028202.mp4,NET SHOT,Net Shot,Drive,82.61%,0.0014,0.8261,0.0349,0.1017,0.0360,SUCCESS
NET_SHOT_MATCH11_SHOT0081_HITFRAME00028577.mp4,NET SHOT,Net Shot,Drive,90.56%,0.0022,0.9056,0.0076,0.0835,0.0011,SUCCESS
NET_SHOT_MATCH11_SHOT0082_HITFRAME00028594.mp4,NET SHOT,Net Shot,Drive,79.81%,0.0021,0.7981,0.0246,0.1627,0.0126,SUCCESS
NET_SHOT_MATCH11_SHOT0083_HITFRAME00028612.mp4,NET SHOT,Net Shot,Drive,85.16%,0.0020,0.8516,0.0233,0.1146,0.0085,SUCCESS
NET_SHOT_MATCH11_SHOT0088_HITFRAME00029125.mp4,NET SHOT,Net Shot,Drive,69.01%,0.0022,0.6901,0.0195,0.2804,0.0079,SUCCESS
NET_SHOT_MATCH11_SHOT0089_HITFRAME00029215.mp4,NET SHOT,Net Shot,Drive,99.30%,0.0004,0.9930,0.0024,0.0032,0.0011,SUCCESS
NET_SHOT_MATCH11_SHOT0090_HITFRAME00029235.mp4,NET SHOT,Net Shot,Drive,87.63%,0.0022,0.8763,0.0195,0.0951,0.0069,SUCCESS
NET_SHOT_MATCH11_SHOT0091_HITFRAME00029252.mp4,NET SHOT,Net Shot,Drive,48.36%,0.0030,0.4836,0.0457,0.4563,0.0114,SUCCESS
NET_SHOT_MATCH11_SHOT0093_HITFRAME00029961.mp4,NET SHOT,Net Shot,Drive,71.99%,0.0014,0.7199,0.0842,0.0073,0.1871,SUCCESS
NET_SHOT_MATCH11_SHOT0094_HITFRAME00029979.mp4,NET SHOT,Net Shot,Drive,99.36%,0.0003,0.9936,0.0019,0.0026,0.0016,SUCCESS
NET_SHOT_MATCH11_SHOT0095_HITFRAME00030044.mp4,NET SHOT,Net Shot,Drive,60.40%,0.0027,0.6040,0.1253,0.0357,0.2322,SUCCESS
NET_SHOT_MATCH11_SHOT0096_HITFRAME00030085.mp4,NET SHOT,Net Shot,Drive,91.02%,0.0013,0.9102,0.0063,0.0804,0.0019,SUCCESS
NET_SHOT_MATCH11_SHOT0097_HITFRAME00030127.mp4,NET SHOT,Net Shot,Drive,75.89%,0.0025,0.7589,0.0176,0.2144,0.0066,SUCCESS
NET_SHOT_MATCH11_SHOT0102_HITFRAME00031041.mp4,NET SHOT,Net Shot,Drive,96.74%,0.0008,0.9674,0.0072,0.0178,0.0067,SUCCESS
NET_SHOT_MATCH11_SHOT0104_HITFRAME00032234.mp4,NET SHOT,Net Shot,Drive,98.21%,0.0005,0.9821,0.0031,0.0127,0.0016,SUCCESS
NET_SHOT_MATCH11_SHOT0105_HITFRAME00032317.mp4,NET SHOT,Net Shot,Drive,97.95%,0.0008,0.9795,0.0046,0.0135,0.0016,SUCCESS
NET_SHOT_MATCH11_SHOT0106_HITFRAME00032337.mp4,NET SHOT,Net Shot,Drive,97.15%,0.0006,0.9715,0.0031,0.0234,0.0014,SUCCESS
NET_SHOT_MATCH11_SHOT0108_HITFRAME00032983.mp4,NET SHOT,Net Shot,Drive,99.33%,0.0002,0.9933,0.0015,0.0037,0.0012,SUCCESS
NET_SHOT_MATCH11_SHOT0110_HITFRAME00033074.mp4,NET SHOT,Net Shot,Drive,81.57%,0.0030,0.8157,0.0322,0.1398,0.0093,SUCCESS
NET_SHOT_MATCH11_SHOT0119_HITFRAME00034266.mp4,NET SHOT,Net Shot,Drive,86.93%,0.0024,0.8693,0.0083,0.1189,0.0010,SUCCESS
NET_SHOT_MATCH11_SHOT0120_HITFRAME00035922.mp4,NET SHOT,Net Shot,Drive,99.37%,0.0002,0.9937,0.0024,0.0004,0.0034,SUCCESS
NET_SHOT_MATCH11_SHOT0122_HITFRAME00035992.mp4,NET SHOT,Net Shot,Drive,77.68%,0.0033,0.7768,0.0269,0.1864,0.0065,SUCCESS
NET_SHOT_MATCH11_SHOT0124_HITFRAME00036077.mp4,NET SHOT,Net Shot,Drive,87.14%,0.0017,0.8714,0.0151,0.1050,0.0068,SUCCESS
NET_SHOT_MATCH11_SHOT0125_HITFRAME00036094.mp4,NET SHOT,Net Shot,Drive,83.54%,0.0015,0.8354,0.0146,0.1401,0.0085,SUCCESS
NET_SHOT_MATCH11_SHOT0127_HITFRAME00036225.mp4,NET SHOT,Net Shot,Drive,97.01%,0.0010,0.9701,0.0034,0.0248,0.0006,SUCCESS
NET_SHOT_MATCH11_SHOT0129_HITFRAME00037396.mp4,NET SHOT,Net Shot,Drive,98.69%,0.0005,0.9869,0.0045,0.0047,0.0034,SUCCESS
NET_SHOT_MATCH11_SHOT0130_HITFRAME00037480.mp4,NET SHOT,Net Shot,Drive,94.62%,0.0019,0.9462,0.0157,0.0327,0.0034,SUCCESS
NET_SHOT_MATCH11_SHOT0131_HITFRAME00037549.mp4,NET SHOT,Net Shot,Drive,83.85%,0.0026,0.8385,0.0127,0.1440,0.0022,SUCCESS
NET_SHOT_MATCH11_SHOT0132_HITFRAME00037575.mp4,NET SHOT,Net Shot,Drive,59.10%,0.0032,0.5910,0.0480,0.3373,0.0204,SUCCESS
NET_SHOT_MATCH11_SHOT0134_HITFRAME00041098.mp4,NET SHOT,Net Shot,Drive,97.73%,0.0008,0.9773,0.0046,0.0151,0.0022,SUCCESS
NET_SHOT_MATCH11_SHOT0135_HITFRAME00041532.mp4,NET SHOT,Net Shot,Drive,99.15%,0.0003,0.9915,0.0015,0.0059,0.0007,SUCCESS
NET_SHOT_MATCH11_SHOT0136_HITFRAME00041552.mp4,NET SHOT,Net Shot,Drive,96.79%,0.0009,0.9679,0.0060,0.0239,0.0013,SUCCESS
NET_SHOT_MATCH11_SHOT0137_HITFRAME00041883.mp4,NET SHOT,Net Shot,Drive,99.71%,0.0001,0.9971,0.0013,0.0004,0.0011,SUCCESS
NET_SHOT_MATCH11_SHOT0138_HITFRAME00041902.mp4,NET SHOT,Net Shot,Drive,96.84%,0.0008,0.9684,0.0053,0.0224,0.0031,SUCCESS
NET_SHOT_MATCH11_SHOT0139_HITFRAME00041968.mp4,NET SHOT,Net Shot,Drive,99.04%,0.0005,0.9904,0.0020,0.0066,0.0006,SUCCESS
NET_SHOT_MATCH11_SHOT0145_HITFRAME00042721.mp4,NET SHOT,Net Shot,Drive,75.22%,0.0039,0.7522,0.0325,0.1964,0.0150,SUCCESS
NET_SHOT_MATCH11_SHOT0150_HITFRAME00044054.mp4,NET SHOT,Net Shot,Drive,99.69%,0.0002,0.9969,0.0012,0.0011,0.0006,SUCCESS
NET_SHOT_MATCH11_SHOT0151_HITFRAME00044074.mp4,NET SHOT,Net Shot,Drive,89.75%,0.0019,0.8975,0.0120,0.0834,0.0052,SUCCESS
NET_SHOT_MATCH11_SHOT0155_HITFRAME00044453.mp4,NET SHOT,Net Shot,Drive,95.93%,0.0012,0.9593,0.0066,0.0304,0.0024,SUCCESS
NET_SHOT_MATCH11_SHOT0158_HITFRAME00045489.mp4,NET SHOT,Net Shot,Drive,96.92%,0.0009,0.9692,0.0058,0.0220,0.0021,SUCCESS
NET_SHOT_MATCH11_SHOT0159_HITFRAME00045516.mp4,NET SHOT,Net Shot,Drive,97.31%,0.0006,0.9731,0.0053,0.0166,0.0044,SUCCESS
NET_SHOT_MATCH11_SHOT0160_HITFRAME00045540.mp4,NET SHOT,Net Shot,Drive,78.37%,0.0023,0.7837,0.0158,0.1916,0.0065,SUCCESS
NET_SHOT_MATCH11_SHOT0162_HITFRAME00045645.mp4,NET SHOT,Net Shot,Drive,99.62%,0.0002,0.9962,0.0014,0.0011,0.0010,SUCCESS
NET_SHOT_MATCH11_SHOT0163_HITFRAME00045663.mp4,NET SHOT,Net Shot,Drive,90.95%,0.0017,0.9095,0.0146,0.0672,0.0071,SUCCESS
NET_SHOT_MATCH11_SHOT0167_HITFRAME00045887.mp4,NET SHOT,Net Shot,Drive,79.12%,0.0052,0.7912,0.0873,0.0842,0.0322,SUCCESS
NET_SHOT_MATCH11_SHOT0170_HITFRAME00046601.mp4,NET SHOT,Net Shot,Drive,99.80%,0.0002,0.9980,0.0010,0.0006,0.0003,SUCCESS
NET_SHOT_MATCH11_SHOT0171_HITFRAME00047423.mp4,NET SHOT,Net Shot,Drive,99.72%,0.0001,0.9972,0.0008,0.0012,0.0007,SUCCESS
NET_SHOT_MATCH11_SHOT0174_HITFRAME00048043.mp4,NET SHOT,Net Shot,Drive,99.87%,0.0001,0.9987,0.0005,0.0004,0.0003,SUCCESS
NET_SHOT_MATCH11_SHOT0175_HITFRAME00048061.mp4,NET SHOT,Net Shot,Drive,99.17%,0.0005,0.9917,0.0016,0.0058,0.0005,SUCCESS
NET_SHOT_MATCH11_SHOT0180_HITFRAME00048627.mp4,NET SHOT,Net Shot,Drive,99.34%,0.0003,0.9934,0.0012,0.0046,0.0006,SUCCESS
NET_SHOT_MATCH11_SHOT0183_HITFRAME00048764.mp4,NET SHOT,Net Shot,Drive,98.19%,0.0008,0.9819,0.0044,0.0116,0.0013,SUCCESS
NET_SHOT_MATCH11_SHOT0188_HITFRAME00050520.mp4,NET SHOT,Net Shot,Drive,99.84%,0.0001,0.9984,0.0008,0.0004,0.0003,SUCCESS
NET_SHOT_MATCH11_SHOT0191_HITFRAME00051437.mp4,NET SHOT,Net Shot,Drive,99.34%,0.0003,0.9934,0.0014,0.0042,0.0008,SUCCESS
NET_SHOT_MATCH11_SHOT0193_HITFRAME00051894.mp4,NET SHOT,Net Shot,Drive,70.83%,0.0039,0.7083,0.0386,0.2318,0.0173,SUCCESS
SMASH_MATCH13_SHOT0143_HITFRAME00061963.mp4,SMASH,Smash,Drop,93.00%,0.0039,0.0241,0.9300,0.0008,0.0412,SUCCESS
SMASH_MATCH13_SHOT0156_HITFRAME00071259.mp4,SMASH,Smash,Drive,63.39%,0.0055,0.6339,0.2308,0.0024,0.1274,SUCCESS
SMASH_MATCH13_SHOT0161_HITFRAME00073131.mp4,SMASH,Smash,Drop,80.98%,0.0061,0.0447,0.8098,0.0021,0.1373,SUCCESS
SMASH_MATCH13_SHOT0162_HITFRAME00073192.mp4,SMASH,Smash,Drive,63.63%,0.0037,0.6363,0.1041,0.0036,0.2523,SUCCESS
SMASH_MATCH13_SHOT0176_HITFRAME00076884.mp4,SMASH,Smash,Drop,82.12%,0.0020,0.0186,0.8212,0.0013,0.1570,SUCCESS
SMASH_MATCH13_SHOT0180_HITFRAME00078742.mp4,SMASH,Smash,Drop,96.37%,0.0020,0.0063,0.9637,0.0003,0.0277,SUCCESS
SMASH_MATCH13_SHOT0193_HITFRAME00081883.mp4,SMASH,Smash,Drive,48.58%,0.0021,0.4858,0.3969,0.0012,0.1141,SUCCESS
SMASH_MATCH14_SHOT0196_HITFRAME00072591.mp4,SMASH,Smash,Drop,54.73%,0.0009,0.0049,0.5473,0.0014,0.4454,SUCCESS
SMASH_MATCH15_SHOT0008_HITFRAME00024535.mp4,SMASH,Smash,Drop,75.74%,0.0028,0.0060,0.7574,0.0038,0.2301,SUCCESS
SMASH_MATCH15_SHOT0032_HITFRAME00033120.mp4,SMASH,Smash,Drop,69.42%,0.0013,0.0020,0.6942,0.0006,0.3018,SUCCESS
SMASH_MATCH15_SHOT0033_HITFRAME00033176.mp4,SMASH,Smash,Drop,70.01%,0.0012,0.0017,0.7001,0.0006,0.2965,SUCCESS
SMASH_MATCH15_SHOT0035_HITFRAME00034146.mp4,SMASH,Smash,Drop,83.91%,0.0025,0.0063,0.8391,0.0021,0.1500,SUCCESS
SMASH_MATCH15_SHOT0070_HITFRAME00044487.mp4,SMASH,Smash,Drop,82.83%,0.0046,0.0077,0.8283,0.0048,0.1545,SUCCESS
SMASH_MATCH15_SHOT0132_HITFRAME00071297.mp4,SMASH,Smash,Drop,65.39%,0.0055,0.0268,0.6539,0.0102,0.3037,SUCCESS
SMASH_MATCH15_SHOT0158_HITFRAME00078011.mp4,SMASH,Smash,Drive,99.47%,0.0002,0.9947,0.0023,0.0004,0.0024,SUCCESS
SMASH_MATCH15_SHOT0194_HITFRAME00089685.mp4,SMASH,Smash,Drop,66.95%,0.0060,0.0088,0.6695,0.0064,0.3092,SUCCESS
SMASH_MATCH15_SHOT0215_HITFRAME00097955.mp4,SMASH,Smash,Drop,54.72%,0.0015,0.0053,0.5472,0.0020,0.4440,SUCCESS
SMASH_MATCH15_SHOT0230_HITFRAME00106580.mp4,SMASH,Smash,Drop,73.32%,0.0009,0.0033,0.7332,0.0010,0.2615,SUCCESS
SMASH_MATCH15_SHOT0232_HITFRAME00107312.mp4,SMASH,Smash,Drop,85.40%,0.0027,0.0063,0.8540,0.0025,0.1345,SUCCESS
SMASH_MATCH15_SHOT0243_HITFRAME00111017.mp4,SMASH,Smash,Drive,57.97%,0.0005,0.5797,0.0120,0.0019,0.4059,SUCCESS
SMASH_MATCH17_SHOT0004_HITFRAME00008308.mp4,SMASH,Smash,Drive,91.24%,0.0023,0.9124,0.0758,0.0022,0.0073,SUCCESS
SMASH_MATCH17_SHOT0007_HITFRAME00008903.mp4,SMASH,Smash,Drop,39.13%,0.0041,0.2092,0.3913,0.0058,0.3897,SUCCESS
SMASH_MATCH17_SHOT0011_HITFRAME00011287.mp4,SMASH,Smash,Drop,66.35%,0.0034,0.0646,0.6635,0.0037,0.2648,SUCCESS
SMASH_MATCH17_SHOT0027_HITFRAME00013675.mp4,SMASH,Smash,Drive,94.33%,0.0025,0.9433,0.0176,0.0254,0.0112,SUCCESS
SMASH_MATCH17_SHOT0085_HITFRAME00025291.mp4,SMASH,Smash,Drive,99.82%,0.0001,0.9982,0.0008,0.0005,0.0004,SUCCESS
SMASH_MATCH17_SHOT0093_HITFRAME00026148.mp4,SMASH,Smash,Drive,98.27%,0.0003,0.9827,0.0042,0.0011,0.0117,SUCCESS
SMASH_MATCH17_SHOT0107_HITFRAME00028241.mp4,SMASH,Smash,Drive,89.93%,0.0018,0.8993,0.0256,0.0605,0.0127,SUCCESS
SMASH_MATCH17_SHOT0112_HITFRAME00030019.mp4,SMASH,Smash,Drive,90.66%,0.0007,0.9066,0.0137,0.0016,0.0773,SUCCESS
SMASH_MATCH17_SHOT0119_HITFRAME00031601.mp4,SMASH,Smash,Drive,55.31%,0.0007,0.5531,0.0237,0.0019,0.4206,SUCCESS
SMASH_MATCH17_SHOT0143_HITFRAME00035080.mp4,SMASH,Smash,Drive,89.57%,0.0006,0.8957,0.0096,0.0023,0.0918,SUCCESS
SMASH_MATCH17_SHOT0151_HITFRAME00036486.mp4,SMASH,Smash,Drive,60.59%,0.0052,0.6059,0.3348,0.0015,0.0526,SUCCESS
SMASH_MATCH17_SHOT0174_HITFRAME00041460.mp4,SMASH,Smash,Drive,73.31%,0.0009,0.7331,0.0506,0.0035,0.2120,SUCCESS
SMASH_MATCH17_SHOT0200_HITFRAME00049558.mp4,SMASH,Smash,Drive,88.37%,0.0030,0.8837,0.0866,0.0037,0.0230,SUCCESS
SMASH_MATCH17_SHOT0202_HITFRAME00050063.mp4,SMASH,Smash,Drop,96.51%,0.0016,0.0080,0.9651,0.0003,0.0250,SUCCESS
SMASH_MATCH17_SHOT0260_HITFRAME00062109.mp4,SMASH,Smash,Drive,99.30%,0.0003,0.9930,0.0032,0.0019,0.0016,SUCCESS
SMASH_MATCH17_SHOT0266_HITFRAME00063774.mp4,SMASH,Smash,Drive,96.22%,0.0012,0.9622,0.0076,0.0284,0.0007,SUCCESS
SMASH_MATCH17_SHOT0329_HITFRAME00076801.mp4,SMASH,Smash,Drop,35.14%,0.0053,0.2744,0.3514,0.2325,0.1364,SUCCESS
SMASH_MATCH17_SHOT0330_HITFRAME00077609.mp4,SMASH,Smash,Drive,54.94%,0.0006,0.5494,0.0215,0.0024,0.4260,SUCCESS
SMASH_MATCH17_SHOT0333_HITFRAME00078157.mp4,SMASH,Smash,Drive,61.87%,0.0041,0.6187,0.0992,0.0029,0.2751,SUCCESS
SMASH_MATCH17_SHOT0466_HITFRAME00103483.mp4,SMASH,Smash,Drive,99.71%,0.0002,0.9971,0.0013,0.0004,0.0010,SUCCESS
SMASH_MATCH19_SHOT0002_HITFRAME00008445.mp4,SMASH,Smash,Drop,94.57%,0.0028,0.0142,0.9457,0.0008,0.0365,SUCCESS
SMASH_MATCH19_SHOT0011_HITFRAME00008810.mp4,SMASH,Smash,Drop,98.11%,0.0020,0.0032,0.9811,0.0002,0.0135,SUCCESS
SMASH_MATCH19_SHOT0012_HITFRAME00008900.mp4,SMASH,Smash,Drive,50.46%,0.0071,0.5046,0.3986,0.0031,0.0867,SUCCESS
SMASH_MATCH19_SHOT0015_HITFRAME00010645.mp4,SMASH,Smash,Drop,93.09%,0.0033,0.0250,0.9309,0.0004,0.0403,SUCCESS
SMASH_MATCH19_SHOT0018_HITFRAME00010768.mp4,SMASH,Smash,Drop,86.79%,0.0018,0.0097,0.8679,0.0006,0.1199,SUCCESS
SMASH_MATCH19_SHOT0020_HITFRAME00011285.mp4,SMASH,Smash,Drop,78.68%,0.0026,0.0590,0.7868,0.0011,0.1506,SUCCESS
SMASH_MATCH19_SHOT0022_HITFRAME00011456.mp4,SMASH,Smash,Drop,94.20%,0.0034,0.0269,0.9420,0.0007,0.0271,SUCCESS
SMASH_MATCH19_SHOT0027_HITFRAME00011654.mp4,SMASH,Smash,Drive,39.61%,0.0037,0.3961,0.3954,0.0031,0.2018,SUCCESS
SMASH_MATCH19_SHOT0037_HITFRAME00014380.mp4,SMASH,Smash,Drop,85.64%,0.0042,0.0263,0.8564,0.0016,0.1115,SUCCESS
SMASH_MATCH19_SHOT0040_HITFRAME00015845.mp4,SMASH,Smash,Drop,85.87%,0.0016,0.0147,0.8587,0.0004,0.1246,SUCCESS
SMASH_MATCH19_SHOT0041_HITFRAME00015894.mp4,SMASH,Smash,Drive,84.38%,0.0059,0.8438,0.0983,0.0077,0.0443,SUCCESS
SMASH_MATCH19_SHOT0043_HITFRAME00015979.mp4,SMASH,Smash,Drive,57.61%,0.0122,0.5761,0.3647,0.0082,0.0389,SUCCESS
SMASH_MATCH19_SHOT0045_HITFRAME00016063.mp4,SMASH,Smash,Drop,85.05%,0.0010,0.0041,0.8505,0.0003,0.1441,SUCCESS
SMASH_MATCH19_SHOT0050_HITFRAME00019446.mp4,SMASH,Smash,Drop,87.59%,0.0013,0.0044,0.8759,0.0003,0.1181,SUCCESS
SMASH_MATCH19_SHOT0056_HITFRAME00020581.mp4,SMASH,Smash,Drop,96.91%,0.0016,0.0056,0.9691,0.0002,0.0235,SUCCESS
SMASH_MATCH19_SHOT0061_HITFRAME00020787.mp4,SMASH,Smash,Drop,48.75%,0.0038,0.1512,0.4875,0.0026,0.3550,SUCCESS
SMASH_MATCH19_SHOT0063_HITFRAME00021886.mp4,SMASH,Smash,Drive,64.22%,0.0061,0.6422,0.3112,0.0058,0.0348,SUCCESS
SMASH_MATCH19_SHOT0065_HITFRAME00023562.mp4,SMASH,Smash,Drive,55.29%,0.0013,0.5529,0.0372,0.0033,0.4053,SUCCESS
SMASH_MATCH19_SHOT0066_HITFRAME00024198.mp4,SMASH,Smash,Drop,93.75%,0.0029,0.0250,0.9375,0.0007,0.0339,SUCCESS
SMASH_MATCH19_SHOT0072_HITFRAME00024490.mp4,SMASH,Smash,Drop,85.61%,0.0026,0.0156,0.8561,0.0010,0.1247,SUCCESS
SMASH_MATCH19_SHOT0076_HITFRAME00025769.mp4,SMASH,Smash,Drop,55.15%,0.0111,0.3242,0.5515,0.0091,0.1042,SUCCESS
SMASH_MATCH19_SHOT0078_HITFRAME00026438.mp4,SMASH,Smash,Drop,94.92%,0.0027,0.0158,0.9492,0.0008,0.0316,SUCCESS
SMASH_MATCH19_SHOT0082_HITFRAME00027091.mp4,SMASH,Smash,Drop,82.57%,0.0073,0.1306,0.8257,0.0020,0.0345,SUCCESS
SMASH_MATCH19_SHOT0084_HITFRAME00027547.mp4,SMASH,Smash,Drop,74.39%,0.0098,0.1685,0.7439,0.0082,0.0696,SUCCESS
SMASH_MATCH19_SHOT0095_HITFRAME00028469.mp4,SMASH,Smash,Drive,91.13%,0.0009,0.9113,0.0215,0.0032,0.0632,SUCCESS
SMASH_MATCH19_SHOT0097_HITFRAME00029854.mp4,SMASH,Smash,Drop,72.22%,0.0042,0.1920,0.7222,0.0007,0.0809,SUCCESS
SMASH_MATCH19_SHOT0098_HITFRAME00029919.mp4,SMASH,Smash,Drop,93.79%,0.0040,0.0386,0.9379,0.0011,0.0185,SUCCESS
SMASH_MATCH19_SHOT0102_HITFRAME00030146.mp4,SMASH,Smash,Drop,50.37%,0.0118,0.2884,0.5037,0.0122,0.1839,SUCCESS
SMASH_MATCH19_SHOT0104_HITFRAME00030257.mp4,SMASH,Smash,Drop,53.72%,0.0188,0.3624,0.5372,0.0142,0.0674,SUCCESS
SMASH_MATCH19_SHOT0110_HITFRAME00031814.mp4,SMASH,Smash,Drop,40.43%,0.0035,0.3544,0.4043,0.0012,0.2366,SUCCESS
SMASH_MATCH19_SHOT0114_HITFRAME00036594.mp4,SMASH,Smash,Drive,96.80%,0.0007,0.9680,0.0223,0.0008,0.0083,SUCCESS
SMASH_MATCH19_SHOT0120_HITFRAME00037647.mp4,SMASH,Smash,Drive,95.21%,0.0006,0.9521,0.0223,0.0025,0.0226,SUCCESS
SMASH_MATCH19_SHOT0127_HITFRAME00040639.mp4,SMASH,Smash,Drive,99.33%,0.0004,0.9933,0.0049,0.0006,0.0008,SUCCESS
SMASH_MATCH19_SHOT0132_HITFRAME00040875.mp4,SMASH,Smash,Drive,99.55%,0.0001,0.9955,0.0016,0.0005,0.0023,SUCCESS
SMASH_MATCH19_SHOT0133_HITFRAME00040946.mp4,SMASH,Smash,Drive,48.21%,0.0026,0.4821,0.4070,0.0026,0.1058,SUCCESS
SMASH_MATCH19_SHOT0137_HITFRAME00041183.mp4,SMASH,Smash,Drive,64.55%,0.0050,0.6455,0.1452,0.0097,0.1946,SUCCESS
SMASH_MATCH19_SHOT0140_HITFRAME00042637.mp4,SMASH,Smash,Drop,87.89%,0.0070,0.0242,0.8789,0.0009,0.0890,SUCCESS
SMASH_MATCH19_SHOT0157_HITFRAME00044574.mp4,SMASH,Smash,Drive,46.30%,0.0074,0.4630,0.4144,0.0026,0.1126,SUCCESS
SMASH_MATCH19_SHOT0161_HITFRAME00046269.mp4,SMASH,Smash,Drive,96.43%,0.0006,0.9643,0.0189,0.0016,0.0146,SUCCESS
SMASH_MATCH19_SHOT0164_HITFRAME00047007.mp4,SMASH,Smash,Drive,77.94%,0.0024,0.7794,0.1339,0.0033,0.0810,SUCCESS
SMASH_MATCH19_SHOT0165_HITFRAME00047071.mp4,SMASH,Smash,Drive,95.36%,0.0011,0.9536,0.0277,0.0020,0.0155,SUCCESS
SMASH_MATCH19_SHOT0170_HITFRAME00047716.mp4,SMASH,Smash,Drop,88.07%,0.0024,0.0689,0.8807,0.0008,0.0473,SUCCESS
SMASH_MATCH19_SHOT0206_HITFRAME00056209.mp4,SMASH,Smash,Drive,98.73%,0.0006,0.9873,0.0077,0.0013,0.0032,SUCCESS
SMASH_MATCH19_SHOT0211_HITFRAME00058915.mp4,SMASH,Smash,Drive,99.60%,0.0003,0.9960,0.0020,0.0011,0.0006,SUCCESS
SMASH_MATCH19_SHOT0214_HITFRAME00059055.mp4,SMASH,Smash,Drive,93.73%,0.0005,0.9373,0.0153,0.0013,0.0457,SUCCESS
SMASH_MATCH19_SHOT0217_HITFRAME00059841.mp4,SMASH,Smash,Drop,87.04%,0.0021,0.0723,0.8704,0.0009,0.0542,SUCCESS
SMASH_MATCH19_SHOT0228_HITFRAME00063499.mp4,SMASH,Smash,Drive,52.31%,0.0007,0.5231,0.0446,0.0037,0.4279,SUCCESS
SMASH_MATCH19_SHOT0230_HITFRAME00063893.mp4,SMASH,Smash,Drop,88.92%,0.0020,0.0692,0.8892,0.0014,0.0382,SUCCESS
SMASH_MATCH19_SHOT0234_HITFRAME00067449.mp4,SMASH,Smash,Drop,82.89%,0.0037,0.0253,0.8289,0.0035,0.1385,SUCCESS
SMASH_MATCH19_SHOT0237_HITFRAME00068457.mp4,SMASH,Smash,Drop,92.63%,0.0021,0.0135,0.9263,0.0005,0.0576,SUCCESS
SMASH_MATCH19_SHOT0251_HITFRAME00071670.mp4,SMASH,Smash,Drop,96.21%,0.0019,0.0167,0.9621,0.0004,0.0189,SUCCESS
SMASH_MATCH19_SHOT0255_HITFRAME00074452.mp4,SMASH,Smash,Drop,74.55%,0.0018,0.0062,0.7455,0.0011,0.2454,SUCCESS
SMASH_MATCH19_SHOT0259_HITFRAME00075203.mp4,SMASH,Smash,Drive,53.64%,0.0034,0.5364,0.3245,0.0013,0.1344,SUCCESS
SMASH_MATCH19_SHOT0260_HITFRAME00075272.mp4,SMASH,Smash,Drop,93.79%,0.0024,0.0394,0.9379,0.0005,0.0198,SUCCESS
SMASH_MATCH19_SHOT0261_HITFRAME00075336.mp4,SMASH,Smash,Drop,93.65%,0.0033,0.0440,0.9365,0.0008,0.0154,SUCCESS
SMASH_MATCH19_SHOT0262_HITFRAME00075406.mp4,SMASH,Smash,Drop,96.88%,0.0012,0.0035,0.9688,0.0002,0.0264,SUCCESS
SMASH_MATCH19_SHOT0276_HITFRAME00077033.mp4,SMASH,Smash,Drop,97.52%,0.0022,0.0098,0.9752,0.0003,0.0125,SUCCESS
SMASH_MATCH19_SHOT0282_HITFRAME00078530.mp4,SMASH,Smash,Drop,76.07%,0.0034,0.0538,0.7607,0.0025,0.1796,SUCCESS
SMASH_MATCH19_SHOT0283_HITFRAME00078605.mp4,SMASH,Smash,Drop,63.21%,0.0016,0.0510,0.6321,0.0014,0.3138,SUCCESS
SMASH_MATCH19_SHOT0297_HITFRAME00082025.mp4,SMASH,Smash,Drop,85.42%,0.0009,0.0057,0.8542,0.0004,0.1388,SUCCESS
SMASH_MATCH19_SHOT0300_HITFRAME00082684.mp4,SMASH,Smash,Drop,93.57%,0.0023,0.0240,0.9357,0.0005,0.0374,SUCCESS
SMASH_MATCH19_SHOT0304_HITFRAME00082902.mp4,SMASH,Smash,Drive,57.79%,0.0015,0.5779,0.0534,0.0021,0.3651,SUCCESS
SMASH_MATCH19_SHOT0312_HITFRAME00083976.mp4,SMASH,Smash,Drop,88.32%,0.0040,0.0696,0.8832,0.0015,0.0417,SUCCESS
SMASH_MATCH19_SHOT0313_HITFRAME00084063.mp4,SMASH,Smash,Drop,61.18%,0.0024,0.0600,0.6118,0.0020,0.3238,SUCCESS
SMASH_MATCH19_SHOT0333_HITFRAME00090185.mp4,SMASH,Smash,Drive,89.69%,0.0044,0.8969,0.0886,0.0024,0.0078,SUCCESS
SMASH_MATCH19_SHOT0336_HITFRAME00090375.mp4,SMASH,Smash,Drive,98.73%,0.0007,0.9873,0.0086,0.0012,0.0023,SUCCESS
SMASH_MATCH19_SHOT0337_HITFRAME00090428.mp4,SMASH,Smash,Drive,53.02%,0.0049,0.5302,0.3780,0.0024,0.0844,SUCCESS
SMASH_MATCH19_SHOT0350_HITFRAME00093527.mp4,SMASH,Smash,Drive,64.54%,0.0022,0.6454,0.1843,0.0025,0.1655,SUCCESS
SMASH_MATCH19_SHOT0352_HITFRAME00093614.mp4,SMASH,Smash,Drive,99.53%,0.0003,0.9953,0.0023,0.0011,0.0010,SUCCESS
SMASH_MATCH19_SHOT0355_HITFRAME00093747.mp4,SMASH,Smash,Drive,97.19%,0.0005,0.9719,0.0129,0.0009,0.0137,SUCCESS
SMASH_MATCH19_SHOT0359_HITFRAME00094070.mp4,SMASH,Smash,Drive,59.51%,0.0053,0.5951,0.3289,0.0053,0.0653,SUCCESS
SMASH_MATCH19_SHOT0360_HITFRAME00095561.mp4,SMASH,Smash,Drive,56.64%,0.0009,0.5664,0.0661,0.0020,0.3647,SUCCESS
SMASH_MATCH19_SHOT0376_HITFRAME00100556.mp4,SMASH,Smash,Drive,91.96%,0.0016,0.9196,0.0482,0.0041,0.0265,SUCCESS
SMASH_MATCH19_SHOT0383_HITFRAME00101963.mp4,SMASH,Smash,Drop,91.81%,0.0036,0.0276,0.9181,0.0003,0.0504,SUCCESS
SMASH_MATCH19_SHOT0384_HITFRAME00103507.mp4,SMASH,Smash,Drive,79.88%,0.0005,0.7988,0.0130,0.0017,0.1861,SUCCESS
SMASH_MATCH19_SHOT0394_HITFRAME00105592.mp4,SMASH,Smash,Drive,86.55%,0.0010,0.8655,0.0619,0.0009,0.0707,SUCCESS
SMASH_MATCH19_SHOT0398_HITFRAME00106934.mp4,SMASH,Smash,Drop,65.06%,0.0016,0.0477,0.6506,0.0011,0.2990,SUCCESS
SMASH_MATCH19_SHOT0399_HITFRAME00107003.mp4,SMASH,Smash,Drive,80.26%,0.0045,0.8026,0.1603,0.0036,0.0290,SUCCESS
SMASH_MATCH20_SHOT0011_HITFRAME00013257.mp4,SMASH,Smash,Drop,95.03%,0.0035,0.0358,0.9503,0.0002,0.0102,SUCCESS
SMASH_MATCH20_SHOT0021_HITFRAME00014604.mp4,SMASH,Smash,Drive,99.81%,0.0002,0.9981,0.0010,0.0005,0.0003,SUCCESS
SMASH_MATCH20_SHOT0025_HITFRAME00015252.mp4,SMASH,Smash,Drive,97.78%,0.0005,0.9778,0.0103,0.0010,0.0103,SUCCESS
SMASH_MATCH20_SHOT0026_HITFRAME00015763.mp4,SMASH,Smash,Drive,98.44%,0.0005,0.9844,0.0112,0.0006,0.0032,SUCCESS
SMASH_MATCH20_SHOT0042_HITFRAME00019831.mp4,SMASH,Smash,Drive,67.97%,0.0023,0.6797,0.1590,0.0015,0.1575,SUCCESS
SMASH_MATCH20_SHOT0099_HITFRAME00037996.mp4,SMASH,Smash,Drive,64.83%,0.0041,0.6483,0.2674,0.0032,0.0769,SUCCESS
SMASH_MATCH20_SHOT0118_HITFRAME00048934.mp4,SMASH,Smash,Drive,87.30%,0.0007,0.8730,0.0154,0.0027,0.1082,SUCCESS
SMASH_MATCH20_SHOT0124_HITFRAME00051026.mp4,SMASH,Smash,Drop,90.71%,0.0057,0.0700,0.9071,0.0014,0.0157,SUCCESS
SMASH_MATCH20_SHOT0133_HITFRAME00053586.mp4,SMASH,Smash,Drop,53.20%,0.0040,0.2778,0.5320,0.0053,0.1808,SUCCESS
SMASH_MATCH20_SHOT0159_HITFRAME00062477.mp4,SMASH,Smash,Drop,88.99%,0.0053,0.0641,0.8899,0.0020,0.0387,SUCCESS
SMASH_MATCH20_SHOT0160_HITFRAME00063245.mp4,SMASH,Smash,Drive,99.50%,0.0002,0.9950,0.0021,0.0005,0.0021,SUCCESS
SMASH_MATCH20_SHOT0166_HITFRAME00066395.mp4,SMASH,Smash,Drive,76.77%,0.0009,0.7677,0.0332,0.0021,0.1961,SUCCESS
SMASH_MATCH20_SHOT0176_HITFRAME00067683.mp4,SMASH,Smash,Drive,46.61%,0.0019,0.4661,0.0829,0.0039,0.4453,SUCCESS
SMASH_MATCH20_SHOT0182_HITFRAME00070413.mp4,SMASH,Smash,Drop,93.43%,0.0032,0.0356,0.9343,0.0011,0.0258,SUCCESS
SMASH_MATCH20_SHOT0184_HITFRAME00072275.mp4,SMASH,Smash,Drive,96.36%,0.0004,0.9636,0.0106,0.0007,0.0246,SUCCESS
SMASH_MATCH20_SHOT0186_HITFRAME00072379.mp4,SMASH,Smash,Drive,99.62%,0.0002,0.9962,0.0017,0.0004,0.0015,SUCCESS
SMASH_MATCH23_SHOT0011_HITFRAME00011651.mp4,SMASH,Smash,Drop,77.65%,0.0271,0.0421,0.7765,0.0135,0.1409,SUCCESS
SMASH_MATCH23_SHOT0029_HITFRAME00014838.mp4,SMASH,Smash,Drop,74.29%,0.0315,0.0772,0.7429,0.0122,0.1362,SUCCESS
SMASH_MATCH23_SHOT0047_HITFRAME00017732.mp4,SMASH,Smash,Drop,73.09%,0.0088,0.0112,0.7309,0.0036,0.2455,SUCCESS
SMASH_MATCH23_SHOT0056_HITFRAME00018198.mp4,SMASH,Smash,Drop,90.37%,0.0014,0.0012,0.9037,0.0002,0.0934,SUCCESS
SMASH_MATCH23_SHOT0072_HITFRAME00021115.mp4,SMASH,Smash,Drive,98.25%,0.0003,0.9825,0.0026,0.0011,0.0135,SUCCESS
SMASH_MATCH23_SHOT0075_HITFRAME00022164.mp4,SMASH,Smash,Drop,90.25%,0.0212,0.0494,0.9025,0.0019,0.0250,SUCCESS
SMASH_MATCH23_SHOT0116_HITFRAME00027100.mp4,SMASH,Smash,Drop,87.14%,0.0068,0.0257,0.8714,0.0016,0.0945,SUCCESS
SMASH_MATCH23_SHOT0125_HITFRAME00029800.mp4,SMASH,Smash,Drop,90.07%,0.0096,0.0407,0.9007,0.0012,0.0479,SUCCESS
SMASH_MATCH23_SHOT0132_HITFRAME00030907.mp4,SMASH,Smash,Drop,76.28%,0.0086,0.0956,0.7628,0.0015,0.1315,SUCCESS
SMASH_MATCH23_SHOT0136_HITFRAME00031147.mp4,SMASH,Smash,Drive,99.05%,0.0006,0.9905,0.0035,0.0036,0.0018,SUCCESS
SMASH_MATCH23_SHOT0163_HITFRAME00039357.mp4,SMASH,Smash,Drop,89.76%,0.0108,0.0139,0.8976,0.0020,0.0758,SUCCESS
SMASH_MATCH23_SHOT0168_HITFRAME00039581.mp4,SMASH,Smash,Drop,78.63%,0.0204,0.0375,0.7863,0.0078,0.1479,SUCCESS
SMASH_MATCH23_SHOT0190_HITFRAME00044202.mp4,SMASH,Smash,Drop,56.19%,0.0198,0.1029,0.5619,0.0140,0.3014,SUCCESS
SMASH_MATCH23_SHOT0191_HITFRAME00044918.mp4,SMASH,Smash,Drop,94.29%,0.0031,0.0024,0.9429,0.0003,0.0513,SUCCESS
SMASH_MATCH23_SHOT0199_HITFRAME00045180.mp4,SMASH,Smash,Drop,81.44%,0.0100,0.0131,0.8144,0.0029,0.1596,SUCCESS
SMASH_MATCH23_SHOT0203_HITFRAME00046027.mp4,SMASH,Smash,Drop,82.90%,0.0053,0.0117,0.8290,0.0017,0.1522,SUCCESS
SMASH_MATCH23_SHOT0208_HITFRAME00047899.mp4,SMASH,Smash,Drop,56.07%,0.0134,0.0396,0.5607,0.0142,0.3721,SUCCESS
SMASH_MATCH23_SHOT0237_HITFRAME00054233.mp4,SMASH,Smash,Drop,61.34%,0.0257,0.1994,0.6134,0.0080,0.1535,SUCCESS
SMASH_MATCH23_SHOT0251_HITFRAME00059992.mp4,SMASH,Smash,Drive,99.38%,0.0004,0.9938,0.0021,0.0030,0.0007,SUCCESS
SMASH_MATCH23_SHOT0284_HITFRAME00064675.mp4,SMASH,Smash,Drive,98.53%,0.0003,0.9853,0.0050,0.0012,0.0082,SUCCESS
SMASH_MATCH23_SHOT0334_HITFRAME00073463.mp4,SMASH,Smash,Drive,99.64%,0.0002,0.9964,0.0017,0.0004,0.0013,SUCCESS
SMASH_MATCH23_SHOT0352_HITFRAME00076607.mp4,SMASH,Smash,Drop,50.36%,0.0068,0.3508,0.5036,0.0035,0.1352,SUCCESS
SMASH_MATCH23_SHOT0359_HITFRAME00079649.mp4,SMASH,Smash,Drive,62.68%,0.0022,0.6268,0.0679,0.0040,0.2992,SUCCESS
SMASH_MATCH23_SHOT0373_HITFRAME00083516.mp4,SMASH,Smash,Drop,87.23%,0.0035,0.0049,0.8723,0.0007,0.1186,SUCCESS
SMASH_MATCH23_SHOT0383_HITFRAME00085693.mp4,SMASH,Smash,Drive,79.43%,0.0011,0.7943,0.0298,0.0025,0.1723,SUCCESS
SMASH_MATCH23_SHOT0386_HITFRAME00087128.mp4,SMASH,Smash,Drive,99.46%,0.0003,0.9946,0.0023,0.0005,0.0022,SUCCESS
SMASH_MATCH24_SHOT0015_HITFRAME00013736.mp4,SMASH,Smash,Drop,78.03%,0.0039,0.0111,0.7803,0.0025,0.2023,SUCCESS
SMASH_MATCH24_SHOT0057_HITFRAME00023292.mp4,SMASH,Smash,Drop,60.06%,0.0051,0.0689,0.6006,0.0034,0.3219,SUCCESS
SMASH_MATCH24_SHOT0080_HITFRAME00029719.mp4,SMASH,Smash,Drop,90.76%,0.0008,0.0018,0.9076,0.0002,0.0896,SUCCESS
SMASH_MATCH24_SHOT0091_HITFRAME00032346.mp4,SMASH,Smash,Drop,68.62%,0.0031,0.0056,0.6862,0.0018,0.3033,SUCCESS
SMASH_MATCH24_SHOT0111_HITFRAME00039252.mp4,SMASH,Smash,Drop,77.75%,0.0029,0.0073,0.7775,0.0014,0.2108,SUCCESS
SMASH_MATCH24_SHOT0118_HITFRAME00042018.mp4,SMASH,Smash,Drive,84.37%,0.0008,0.8437,0.0198,0.0020,0.1336,SUCCESS
SMASH_MATCH24_SHOT0121_HITFRAME00042919.mp4,SMASH,Smash,Drop,90.59%,0.0018,0.0020,0.9059,0.0003,0.0899,SUCCESS
SMASH_MATCH24_SHOT0137_HITFRAME00046544.mp4,SMASH,Smash,Drop,97.24%,0.0008,0.0010,0.9724,0.0001,0.0256,SUCCESS
SMASH_MATCH24_SHOT0153_HITFRAME00055254.mp4,SMASH,Smash,Drive,96.65%,0.0010,0.9665,0.0232,0.0009,0.0084,SUCCESS
SMASH_MATCH24_SHOT0171_HITFRAME00058349.mp4,SMASH,Smash,Drop,90.30%,0.0017,0.0009,0.9030,0.0001,0.0942,SUCCESS
SMASH_MATCH24_SHOT0172_HITFRAME00058428.mp4,SMASH,Smash,Drop,71.07%,0.0073,0.0218,0.7107,0.0052,0.2550,SUCCESS
SMASH_MATCH24_SHOT0180_HITFRAME00059500.mp4,SMASH,Smash,Drop,56.46%,0.0012,0.0017,0.5646,0.0004,0.4321,SUCCESS
SMASH_MATCH24_SHOT0185_HITFRAME00060042.mp4,SMASH,Smash,Drop,56.89%,0.0074,0.0302,0.5689,0.0082,0.3853,SUCCESS
SMASH_MATCH24_SHOT0201_HITFRAME00067129.mp4,SMASH,Smash,Drop,74.39%,0.0014,0.0110,0.7439,0.0003,0.2434,SUCCESS
SMASH_MATCH24_SHOT0208_HITFRAME00070840.mp4,SMASH,Smash,Drop,45.80%,0.0187,0.1942,0.4580,0.0347,0.2943,SUCCESS
SMASH_MATCH24_SHOT0224_HITFRAME00074342.mp4,SMASH,Smash,Drive,97.25%,0.0019,0.9725,0.0180,0.0052,0.0025,SUCCESS
SMASH_MATCH24_SHOT0255_HITFRAME00082877.mp4,SMASH,Smash,Drive,98.85%,0.0007,0.9885,0.0066,0.0025,0.0016,SUCCESS
SMASH_MATCH24_SHOT0256_HITFRAME00083656.mp4,SMASH,Smash,Drop,75.98%,0.0020,0.0033,0.7598,0.0007,0.2341,SUCCESS
SMASH_MATCH24_SHOT0259_HITFRAME00086090.mp4,SMASH,Smash,Drop,51.12%,0.0066,0.0150,0.5112,0.0061,0.4611,SUCCESS
SMASH_MATCH24_SHOT0276_HITFRAME00089295.mp4,SMASH,Smash,Drop,75.11%,0.0093,0.0139,0.7511,0.0047,0.2210,SUCCESS
SMASH_MATCH24_SHOT0286_HITFRAME00093621.mp4,SMASH,Smash,Drop,55.15%,0.0045,0.0112,0.5515,0.0050,0.4278,SUCCESS
SMASH_MATCH24_SHOT0292_HITFRAME00094624.mp4,SMASH,Smash,Drop,57.59%,0.0713,0.1402,0.5759,0.0868,0.1258,SUCCESS
SMASH_MATCH24_SHOT0299_HITFRAME00095086.mp4,SMASH,Smash,Drop,62.79%,0.0059,0.0079,0.6279,0.0039,0.3543,SUCCESS
SMASH_MATCH24_SHOT0305_HITFRAME00097808.mp4,SMASH,Smash,Drop,94.23%,0.0052,0.0021,0.9423,0.0003,0.0501,SUCCESS
SMASH_MATCH24_SHOT0320_HITFRAME00101272.mp4,SMASH,Smash,Drive,50.71%,0.0006,0.5071,0.0192,0.0016,0.4715,SUCCESS
SMASH_MATCH24_SHOT0338_HITFRAME00112473.mp4,SMASH,Smash,Drop,71.68%,0.0119,0.0583,0.7168,0.0135,0.1996,SUCCESS
SMASH_MATCH24_SHOT0377_HITFRAME00121673.mp4,SMASH,Smash,Drop,77.84%,0.0179,0.0453,0.7784,0.0099,0.1485,SUCCESS
SMASH_MATCH24_SHOT0392_HITFRAME00124140.mp4,SMASH,Smash,Drop,88.68%,0.0025,0.0448,0.8868,0.0018,0.0641,SUCCESS
SMASH_MATCH24_SHOT0418_HITFRAME00128623.mp4,SMASH,Smash,Drop,90.46%,0.0034,0.0120,0.9046,0.0014,0.0785,SUCCESS
SMASH_MATCH25_SHOT0047_HITFRAME00023725.mp4,SMASH,Smash,Drive,79.87%,0.0059,0.7987,0.1031,0.0249,0.0674,SUCCESS
SMASH_MATCH25_SHOT0173_HITFRAME00073996.mp4,SMASH,Smash,Drive,50.71%,0.0059,0.5071,0.0983,0.0069,0.3817,SUCCESS
SMASH_MATCH28_SHOT0013_HITFRAME00012769.mp4,SMASH,Smash,Drop,66.26%,0.0077,0.2915,0.6626,0.0026,0.0356,SUCCESS
SMASH_MATCH28_SHOT0019_HITFRAME00013602.mp4,SMASH,Smash,Drop,98.78%,0.0008,0.0024,0.9878,0.0002,0.0088,SUCCESS
SMASH_MATCH28_SHOT0039_HITFRAME00017891.mp4,SMASH,Smash,Drive,94.63%,0.0017,0.9463,0.0413,0.0013,0.0094,SUCCESS
SMASH_MATCH28_SHOT0060_HITFRAME00021686.mp4,SMASH,Smash,Drop,83.07%,0.0017,0.0130,0.8307,0.0014,0.1533,SUCCESS
SMASH_MATCH28_SHOT0065_HITFRAME00023731.mp4,SMASH,Smash,Drop,47.14%,0.0028,0.0571,0.4714,0.0012,0.4676,SUCCESS
SMASH_MATCH28_SHOT0071_HITFRAME00024034.mp4,SMASH,Smash,Drop,81.35%,0.0050,0.1049,0.8135,0.0035,0.0731,SUCCESS
SMASH_MATCH28_SHOT0090_HITFRAME00029065.mp4,SMASH,Smash,Drive,58.86%,0.0031,0.5886,0.3512,0.0014,0.0558,SUCCESS
SMASH_MATCH28_SHOT0097_HITFRAME00032618.mp4,SMASH,Smash,Drive,76.86%,0.0017,0.7686,0.1017,0.0038,0.1242,SUCCESS
SMASH_MATCH28_SHOT0104_HITFRAME00032857.mp4,SMASH,Smash,Drop,97.08%,0.0008,0.0122,0.9708,0.0005,0.0157,SUCCESS
SMASH_MATCH28_SHOT0117_HITFRAME00035668.mp4,SMASH,Smash,Drive,99.86%,0.0001,0.9986,0.0005,0.0004,0.0003,SUCCESS
SMASH_MATCH28_SHOT0121_HITFRAME00036506.mp4,SMASH,Smash,Drop,87.57%,0.0018,0.0194,0.8757,0.0022,0.1008,SUCCESS
SMASH_MATCH28_SHOT0145_HITFRAME00041754.mp4,SMASH,Smash,Drop,71.32%,0.0078,0.2262,0.7132,0.0173,0.0355,SUCCESS
SMASH_MATCH28_SHOT0146_HITFRAME00042478.mp4,SMASH,Smash,Drop,56.87%,0.0012,0.0036,0.5687,0.0005,0.4261,SUCCESS
SMASH_MATCH28_SHOT0161_HITFRAME00043342.mp4,SMASH,Smash,Drive,95.44%,0.0012,0.9544,0.0297,0.0029,0.0117,SUCCESS
SMASH_MATCH28_SHOT0169_HITFRAME00046084.mp4,SMASH,Smash,Drop,39.99%,0.0048,0.3773,0.3999,0.0196,0.1984,SUCCESS
SMASH_MATCH28_SHOT0197_HITFRAME00053699.mp4,SMASH,Smash,Drive,42.52%,0.0069,0.4252,0.1803,0.0158,0.3718,SUCCESS
SMASH_MATCH28_SHOT0212_HITFRAME00056186.mp4,SMASH,Smash,Drive,68.71%,0.0025,0.6871,0.1134,0.0021,0.1950,SUCCESS
SMASH_MATCH28_SHOT0213_HITFRAME00056246.mp4,SMASH,Smash,Drive,99.71%,0.0002,0.9971,0.0012,0.0007,0.0007,SUCCESS
SMASH_MATCH28_SHOT0216_HITFRAME00056385.mp4,SMASH,Smash,Drive,97.74%,0.0001,0.9774,0.0023,0.0006,0.0195,SUCCESS
SMASH_MATCH28_SHOT0219_HITFRAME00058274.mp4,SMASH,Smash,Drive,94.55%,0.0030,0.9455,0.0358,0.0064,0.0093,SUCCESS
SMASH_MATCH28_SHOT0222_HITFRAME00058398.mp4,SMASH,Smash,Drive,68.75%,0.0077,0.6875,0.2651,0.0051,0.0346,SUCCESS
SMASH_MATCH28_SHOT0241_HITFRAME00062225.mp4,SMASH,Smash,Drop,72.16%,0.0011,0.0035,0.7216,0.0006,0.2732,SUCCESS
SMASH_MATCH28_SHOT0276_HITFRAME00067912.mp4,SMASH,Smash,Drive,77.20%,0.0014,0.7720,0.1344,0.0011,0.0911,SUCCESS
SMASH_MATCH28_SHOT0291_HITFRAME00071780.mp4,SMASH,Smash,Drop,91.88%,0.0076,0.0415,0.9188,0.0011,0.0310,SUCCESS
SMASH_MATCH28_SHOT0303_HITFRAME00073692.mp4,SMASH,Smash,Drive,95.81%,0.0014,0.9581,0.0185,0.0163,0.0056,SUCCESS
SMASH_MATCH28_SHOT0331_HITFRAME00080909.mp4,SMASH,Smash,Drive,92.14%,0.0006,0.9214,0.0132,0.0017,0.0632,SUCCESS
SMASH_MATCH28_SHOT0338_HITFRAME00081881.mp4,SMASH,Smash,Drive,85.16%,0.0020,0.8516,0.0966,0.0016,0.0482,SUCCESS
SMASH_MATCH28_SHOT0348_HITFRAME00083802.mp4,SMASH,Smash,Drop,60.97%,0.0007,0.0019,0.6097,0.0003,0.3873,SUCCESS
SMASH_MATCH28_SHOT0368_HITFRAME00087530.mp4,SMASH,Smash,Drop,80.75%,0.0030,0.0822,0.8075,0.0008,0.1064,SUCCESS
SMASH_MATCH29_SHOT0008_HITFRAME00011831.mp4,SMASH,Smash,Drop,95.01%,0.0033,0.0072,0.9501,0.0003,0.0392,SUCCESS
SMASH_MATCH29_SHOT0010_HITFRAME00011927.mp4,SMASH,Smash,Drive,64.77%,0.0009,0.6477,0.0191,0.0025,0.3298,SUCCESS
SMASH_MATCH29_SHOT0019_HITFRAME00014270.mp4,SMASH,Smash,Drive,62.08%,0.0054,0.6208,0.2407,0.0106,0.1225,SUCCESS
SMASH_MATCH29_SHOT0028_HITFRAME00015475.mp4,SMASH,Smash,Drop,94.36%,0.0012,0.0050,0.9436,0.0003,0.0499,SUCCESS
SMASH_MATCH29_SHOT0029_HITFRAME00016382.mp4,SMASH,Smash,Drive,93.30%,0.0005,0.9330,0.0144,0.0026,0.0495,SUCCESS
SMASH_MATCH29_SHOT0038_HITFRAME00019400.mp4,SMASH,Smash,Drop,84.91%,0.0145,0.0343,0.8491,0.0045,0.0977,SUCCESS
SMASH_MATCH29_SHOT0042_HITFRAME00019644.mp4,SMASH,Smash,Drop,93.89%,0.0032,0.0193,0.9389,0.0010,0.0376,SUCCESS
SMASH_MATCH29_SHOT0059_HITFRAME00024117.mp4,SMASH,Smash,Drive,85.58%,0.0042,0.8558,0.1031,0.0043,0.0326,SUCCESS
SMASH_MATCH29_SHOT0066_HITFRAME00027373.mp4,SMASH,Smash,Drop,63.06%,0.0063,0.0248,0.6306,0.0130,0.3253,SUCCESS
SMASH_MATCH29_SHOT0075_HITFRAME00029415.mp4,SMASH,Smash,Drop,79.96%,0.0016,0.0198,0.7996,0.0007,0.1782,SUCCESS
SMASH_MATCH29_SHOT0078_HITFRAME00030810.mp4,SMASH,Smash,Drop,72.52%,0.0033,0.2058,0.7252,0.0018,0.0638,SUCCESS
SMASH_MATCH29_SHOT0096_HITFRAME00032470.mp4,SMASH,Smash,Drive,64.66%,0.0012,0.6466,0.0471,0.0021,0.3030,SUCCESS
SMASH_MATCH29_SHOT0104_HITFRAME00032917.mp4,SMASH,Smash,Drive,99.89%,0.0001,0.9989,0.0005,0.0002,0.0004,SUCCESS
SMASH_MATCH29_SHOT0107_HITFRAME00034145.mp4,SMASH,Smash,Drive,99.62%,0.0003,0.9962,0.0011,0.0014,0.0010,SUCCESS
SMASH_MATCH29_SHOT0109_HITFRAME00034926.mp4,SMASH,Smash,Drop,55.29%,0.0046,0.0402,0.5529,0.0104,0.3919,SUCCESS
SMASH_MATCH29_SHOT0113_HITFRAME00035758.mp4,SMASH,Smash,Drop,77.41%,0.0102,0.1512,0.7741,0.0055,0.0590,SUCCESS
SMASH_MATCH29_SHOT0114_HITFRAME00036370.mp4,SMASH,Smash,Drop,97.98%,0.0007,0.0016,0.9798,0.0001,0.0178,SUCCESS
SMASH_MATCH29_SHOT0141_HITFRAME00043270.mp4,SMASH,Smash,Drop,73.20%,0.0047,0.0201,0.7320,0.0022,0.2410,SUCCESS
SMASH_MATCH29_SHOT0143_HITFRAME00043416.mp4,SMASH,Smash,Drop,86.94%,0.0021,0.0121,0.8694,0.0011,0.1152,SUCCESS
SMASH_MATCH29_SHOT0148_HITFRAME00043675.mp4,SMASH,Smash,Drive,99.65%,0.0002,0.9965,0.0014,0.0007,0.0012,SUCCESS
SMASH_MATCH29_SHOT0153_HITFRAME00049801.mp4,SMASH,Smash,Drive,96.51%,0.0012,0.9651,0.0140,0.0056,0.0141,SUCCESS
SMASH_MATCH29_SHOT0155_HITFRAME00049893.mp4,SMASH,Smash,Drop,75.66%,0.0217,0.2074,0.7566,0.0041,0.0102,SUCCESS
SMASH_MATCH29_SHOT0165_HITFRAME00051036.mp4,SMASH,Smash,Drop,81.56%,0.0268,0.1337,0.8156,0.0041,0.0198,SUCCESS
SMASH_MATCH29_SHOT0171_HITFRAME00052501.mp4,SMASH,Smash,Drop,84.38%,0.0163,0.0430,0.8438,0.0129,0.0840,SUCCESS
SMASH_MATCH29_SHOT0180_HITFRAME00054655.mp4,SMASH,Smash,Drive,83.59%,0.0057,0.8359,0.1441,0.0093,0.0051,SUCCESS
SMASH_MATCH29_SHOT0186_HITFRAME00054980.mp4,SMASH,Smash,Drop,50.97%,0.0299,0.2706,0.5097,0.0807,0.1091,SUCCESS
SMASH_MATCH29_SHOT0188_HITFRAME00055098.mp4,SMASH,Smash,Drop,56.23%,0.0132,0.1695,0.5623,0.0273,0.2277,SUCCESS
SMASH_MATCH29_SHOT0194_HITFRAME00057102.mp4,SMASH,Smash,Drop,77.53%,0.0124,0.1471,0.7753,0.0057,0.0595,SUCCESS
SMASH_MATCH29_SHOT0195_HITFRAME00057146.mp4,SMASH,Smash,Drive,51.32%,0.0087,0.5132,0.4178,0.0074,0.0529,SUCCESS
SMASH_MATCH29_SHOT0210_HITFRAME00059880.mp4,SMASH,Smash,Drive,95.07%,0.0024,0.9507,0.0373,0.0021,0.0075,SUCCESS
SMASH_MATCH29_SHOT0217_HITFRAME00061371.mp4,SMASH,Smash,Drive,99.85%,0.0001,0.9985,0.0006,0.0003,0.0005,SUCCESS
SMASH_MATCH29_SHOT0218_HITFRAME00061449.mp4,SMASH,Smash,Drop,97.68%,0.0059,0.0011,0.9768,0.0001,0.0161,SUCCESS
SMASH_MATCH29_SHOT0220_HITFRAME00061570.mp4,SMASH,Smash,Drop,44.72%,0.0036,0.1935,0.4472,0.0103,0.3454,SUCCESS
SMASH_MATCH29_SHOT0232_HITFRAME00066005.mp4,SMASH,Smash,Drop,88.43%,0.0252,0.0658,0.8843,0.0061,0.0186,SUCCESS
SMASH_MATCH29_SHOT0235_HITFRAME00066185.mp4,SMASH,Smash,Drop,77.59%,0.0070,0.0905,0.7759,0.0092,0.1174,SUCCESS
SMASH_MATCH29_SHOT0248_HITFRAME00069186.mp4,SMASH,Smash,Drop,58.44%,0.0162,0.1476,0.5844,0.0427,0.2092,SUCCESS
SMASH_MATCH29_SHOT0249_HITFRAME00069264.mp4,SMASH,Smash,Drive,99.61%,0.0002,0.9961,0.0018,0.0003,0.0016,SUCCESS
SMASH_MATCH29_SHOT0253_HITFRAME00070320.mp4,SMASH,Smash,Drive,86.78%,0.0071,0.8678,0.0789,0.0150,0.0312,SUCCESS
SMASH_MATCH29_SHOT0255_HITFRAME00071533.mp4,SMASH,Smash,Drop,96.10%,0.0081,0.0181,0.9610,0.0009,0.0119,SUCCESS
SMASH_MATCH29_SHOT0261_HITFRAME00073109.mp4,SMASH,Smash,Drop,89.30%,0.0205,0.0494,0.8930,0.0124,0.0248,SUCCESS
SMASH_MATCH29_SHOT0288_HITFRAME00076508.mp4,SMASH,Smash,Drop,84.07%,0.0024,0.1050,0.8407,0.0027,0.0493,SUCCESS
SMASH_MATCH29_SHOT0297_HITFRAME00078514.mp4,SMASH,Smash,Drop,69.65%,0.0062,0.2194,0.6965,0.0062,0.0717,SUCCESS
SMASH_MATCH29_SHOT0302_HITFRAME00079543.mp4,SMASH,Smash,Drive,42.44%,0.0013,0.4244,0.1527,0.0014,0.4202,SUCCESS
SMASH_MATCH29_SHOT0311_HITFRAME00080839.mp4,SMASH,Smash,Drop,82.02%,0.0125,0.0566,0.8202,0.0122,0.0986,SUCCESS
SMASH_MATCH29_SHOT0315_HITFRAME00081043.mp4,SMASH,Smash,Drop,86.25%,0.0009,0.0038,0.8625,0.0002,0.1327,SUCCESS
SMASH_MATCH29_SHOT0318_HITFRAME00082515.mp4,SMASH,Smash,Drop,77.01%,0.0019,0.0069,0.7701,0.0014,0.2196,SUCCESS
SMASH_MATCH29_SHOT0322_HITFRAME00083320.mp4,SMASH,Smash,Drop,70.64%,0.0067,0.0315,0.7064,0.0099,0.2455,SUCCESS
SMASH_MATCH29_SHOT0324_HITFRAME00083450.mp4,SMASH,Smash,Drop,78.28%,0.0192,0.1320,0.7828,0.0155,0.0505,SUCCESS
SMASH_MATCH29_SHOT0325_HITFRAME00083498.mp4,SMASH,Smash,Drop,80.54%,0.0072,0.0527,0.8054,0.0086,0.1261,SUCCESS
SMASH_MATCH29_SHOT0326_HITFRAME00083555.mp4,SMASH,Smash,Drop,72.59%,0.0024,0.0076,0.7259,0.0024,0.2617,SUCCESS
SMASH_MATCH29_SHOT0328_HITFRAME00083668.mp4,SMASH,Smash,Drive,53.90%,0.0157,0.5390,0.2644,0.0092,0.1716,SUCCESS
SMASH_MATCH29_SHOT0332_HITFRAME00083939.mp4,SMASH,Smash,Drive,85.95%,0.0012,0.8595,0.0601,0.0017,0.0775,SUCCESS
SMASH_MATCH29_SHOT0339_HITFRAME00086840.mp4,SMASH,Smash,Drop,74.88%,0.0205,0.0707,0.7488,0.0306,0.1295,SUCCESS
SMASH_MATCH29_SHOT0343_HITFRAME00087864.mp4,SMASH,Smash,Drive,89.78%,0.0005,0.8978,0.0233,0.0012,0.0773,SUCCESS
SMASH_MATCH29_SHOT0346_HITFRAME00088848.mp4,SMASH,Smash,Drive,99.29%,0.0004,0.9929,0.0021,0.0040,0.0006,SUCCESS
SMASH_MATCH29_SHOT0351_HITFRAME00089825.mp4,SMASH,Smash,Drop,81.87%,0.0200,0.1165,0.8187,0.0148,0.0300,SUCCESS
SMASH_MATCH29_SHOT0356_HITFRAME00090022.mp4,SMASH,Smash,Drive,81.97%,0.0016,0.8197,0.0583,0.0254,0.0949,SUCCESS
SMASH_MATCH30_SHOT0010_HITFRAME00013555.mp4,SMASH,Smash,Drop,81.06%,0.0018,0.0179,0.8106,0.0025,0.1671,SUCCESS
SMASH_MATCH30_SHOT0016_HITFRAME00014669.mp4,SMASH,Smash,Drop,55.03%,0.0070,0.3231,0.5503,0.0098,0.1097,SUCCESS
SMASH_MATCH30_SHOT0022_HITFRAME00015886.mp4,SMASH,Smash,Drop,76.16%,0.0114,0.1510,0.7616,0.0064,0.0696,SUCCESS
SMASH_MATCH30_SHOT0030_HITFRAME00019176.mp4,SMASH,Smash,Drop,94.82%,0.0036,0.0324,0.9482,0.0007,0.0151,SUCCESS
SMASH_MATCH30_SHOT0049_HITFRAME00022395.mp4,SMASH,Smash,Drop,87.07%,0.0075,0.0266,0.8707,0.0067,0.0886,SUCCESS
SMASH_MATCH30_SHOT0061_HITFRAME00026758.mp4,SMASH,Smash,Drop,72.75%,0.0032,0.0421,0.7275,0.0063,0.2209,SUCCESS
SMASH_MATCH30_SHOT0071_HITFRAME00031393.mp4,SMASH,Smash,Drop,56.82%,0.0045,0.0584,0.5682,0.0088,0.3601,SUCCESS
SMASH_MATCH30_SHOT0108_HITFRAME00039444.mp4,SMASH,Smash,Drop,82.58%,0.0018,0.0050,0.8258,0.0009,0.1665,SUCCESS
SMASH_MATCH30_SHOT0110_HITFRAME00039553.mp4,SMASH,Smash,Drive,98.92%,0.0002,0.9892,0.0036,0.0004,0.0066,SUCCESS
SMASH_MATCH30_SHOT0119_HITFRAME00042000.mp4,SMASH,Smash,Drop,95.75%,0.0024,0.0117,0.9575,0.0008,0.0276,SUCCESS
SMASH_MATCH30_SHOT0128_HITFRAME00044178.mp4,SMASH,Smash,Drop,81.40%,0.0009,0.0055,0.8140,0.0007,0.1789,SUCCESS
SMASH_MATCH30_SHOT0144_HITFRAME00046576.mp4,SMASH,Smash,Drop,64.64%,0.0018,0.0270,0.6464,0.0045,0.3203,SUCCESS
SMASH_MATCH30_SHOT0153_HITFRAME00047802.mp4,SMASH,Smash,Drive,65.33%,0.0049,0.6533,0.3023,0.0062,0.0333,SUCCESS
SMASH_MATCH30_SHOT0166_HITFRAME00054934.mp4,SMASH,Smash,Drive,97.83%,0.0006,0.9783,0.0124,0.0016,0.0071,SUCCESS
SMASH_MATCH30_SHOT0202_HITFRAME00063590.mp4,SMASH,Smash,Drive,96.86%,0.0005,0.9686,0.0156,0.0026,0.0128,SUCCESS
SMASH_MATCH30_SHOT0206_HITFRAME00065329.mp4,SMASH,Smash,Drop,45.27%,0.0146,0.3898,0.4527,0.0155,0.1274,SUCCESS
SMASH_MATCH30_SHOT0253_HITFRAME00077516.mp4,SMASH,Smash,Drop,65.70%,0.0006,0.0016,0.6570,0.0003,0.3405,SUCCESS
SMASH_MATCH30_SHOT0255_HITFRAME00079191.mp4,SMASH,Smash,Drive,50.48%,0.0050,0.5048,0.4699,0.0018,0.0186,SUCCESS
SMASH_MATCH30_SHOT0259_HITFRAME00080207.mp4,SMASH,Smash,Drive,98.81%,0.0003,0.9881,0.0047,0.0010,0.0059,SUCCESS
SMASH_MATCH30_SHOT0262_HITFRAME00081765.mp4,SMASH,Smash,Drive,49.39%,0.0126,0.4939,0.3506,0.0301,0.1129,SUCCESS
SMASH_MATCH30_SHOT0263_HITFRAME00081809.mp4,SMASH,Smash,Drive,47.28%,0.0077,0.4728,0.2142,0.0046,0.3007,SUCCESS
SMASH_MATCH30_SHOT0273_HITFRAME00082448.mp4,SMASH,Smash,Drop,51.73%,0.0043,0.2726,0.5173,0.0033,0.2024,SUCCESS
SMASH_MATCH30_SHOT0278_HITFRAME00086361.mp4,SMASH,Smash,Drive,38.60%,0.0081,0.3860,0.2278,0.0237,0.3545,SUCCESS
SMASH_MATCH30_SHOT0285_HITFRAME00088158.mp4,SMASH,Smash,Drop,67.28%,0.0028,0.2378,0.6728,0.0009,0.0857,SUCCESS
SMASH_MATCH30_SHOT0316_HITFRAME00099239.mp4,SMASH,Smash,Drive,58.37%,0.0008,0.5837,0.0222,0.0033,0.3901,SUCCESS
SMASH_MATCH30_SHOT0333_HITFRAME00107921.mp4,SMASH,Smash,Drop,62.72%,0.0072,0.1698,0.6272,0.0135,0.1823,SUCCESS
SMASH_MATCH30_SHOT0351_HITFRAME00113328.mp4,SMASH,Smash,Drop,59.54%,0.0013,0.0063,0.5954,0.0016,0.3955,SUCCESS
SMASH_MATCH30_SHOT0375_HITFRAME00119593.mp4,SMASH,Smash,Drop,92.46%,0.0023,0.0166,0.9246,0.0014,0.0550,SUCCESS
SMASH_MATCH30_SHOT0376_HITFRAME00119625.mp4,SMASH,Smash,Drop,92.82%,0.0022,0.0120,0.9282,0.0011,0.0565,SUCCESS
SMASH_MATCH30_SHOT0384_HITFRAME00121877.mp4,SMASH,Smash,Drop,66.85%,0.0109,0.1956,0.6685,0.0164,0.1085,SUCCESS
SMASH_MATCH30_SHOT0385_HITFRAME00121939.mp4,SMASH,Smash,Drive,81.90%,0.0006,0.8190,0.0208,0.0015,0.1581,SUCCESS
SMASH_MATCH30_SHOT0398_HITFRAME00126840.mp4,SMASH,Smash,Drop,45.21%,0.0077,0.2633,0.4521,0.0132,0.2637,SUCCESS
SMASH_MATCH30_SHOT0438_HITFRAME00136193.mp4,SMASH,Smash,Drive,96.64%,0.0009,0.9664,0.0083,0.0011,0.0234,SUCCESS
SMASH_MATCH30_SHOT0441_HITFRAME00137896.mp4,SMASH,Smash,Drive,33.83%,0.0092,0.3383,0.3279,0.0241,0.3005,SUCCESS
SMASH_MATCH30_SHOT0446_HITFRAME00138190.mp4,SMASH,Smash,Drive,57.17%,0.0008,0.5717,0.0449,0.0033,0.3794,SUCCESS
SMASH_MATCH30_SHOT0492_HITFRAME00147775.mp4,SMASH,Smash,Drop,51.65%,0.0052,0.0922,0.5165,0.0136,0.3725,SUCCESS
SMASH_MATCH30_SHOT0508_HITFRAME00152992.mp4,SMASH,Smash,Drop,59.28%,0.0053,0.1254,0.5928,0.0125,0.2639,SUCCESS
SMASH_MATCH30_SHOT0509_HITFRAME00154769.mp4,SMASH,Smash,Drive,99.69%,0.0002,0.9969,0.0013,0.0004,0.0013,SUCCESS
SMASH_MATCH30_SHOT0517_HITFRAME00157222.mp4,SMASH,Smash,Drive,45.28%,0.0160,0.4528,0.3466,0.0371,0.1474,SUCCESS
SMASH_MATCH31_SHOT0051_HITFRAME00025737.mp4,SMASH,Smash,Drive,90.74%,0.0024,0.9074,0.0151,0.0103,0.0647,SUCCESS
SMASH_MATCH31_SHOT0057_HITFRAME00027012.mp4,SMASH,Smash,Drive,70.18%,0.0048,0.7018,0.1212,0.0194,0.1528,SUCCESS
SMASH_MATCH31_SHOT0076_HITFRAME00037013.mp4,SMASH,Smash,Drop,50.00%,0.0034,0.0086,0.5000,0.0029,0.4850,SUCCESS
SMASH_MATCH31_SHOT0084_HITFRAME00039320.mp4,SMASH,Smash,Drop,81.78%,0.0188,0.0108,0.8178,0.0058,0.1468,SUCCESS
SMASH_MATCH31_SHOT0108_HITFRAME00045855.mp4,SMASH,Smash,Drive,97.86%,0.0005,0.9786,0.0030,0.0013,0.0165,SUCCESS
SMASH_MATCH31_SHOT0128_HITFRAME00051383.mp4,SMASH,Smash,Drive,98.83%,0.0004,0.9883,0.0048,0.0012,0.0053,SUCCESS
SMASH_MATCH31_SHOT0139_HITFRAME00055351.mp4,SMASH,Smash,Drop,60.54%,0.0136,0.0263,0.6054,0.0067,0.3479,SUCCESS
SMASH_MATCH31_SHOT0143_HITFRAME00055668.mp4,SMASH,Smash,Drive,45.27%,0.0599,0.4527,0.3245,0.0144,0.1486,SUCCESS
SMASH_MATCH31_SHOT0149_HITFRAME00059087.mp4,SMASH,Smash,Drive,86.11%,0.0016,0.8611,0.0122,0.0272,0.0979,SUCCESS
SMASH_MATCH31_SHOT0151_HITFRAME00059209.mp4,SMASH,Smash,Drop,78.02%,0.0037,0.0073,0.7802,0.0021,0.2067,SUCCESS
SMASH_MATCH31_SHOT0172_HITFRAME00064311.mp4,SMASH,Smash,Drop,94.59%,0.0038,0.0061,0.9459,0.0012,0.0430,SUCCESS
SMASH_MATCH31_SHOT0182_HITFRAME00068415.mp4,SMASH,Smash,Drive,53.88%,0.0006,0.5388,0.0128,0.0020,0.4458,SUCCESS
SMASH_MATCH31_SHOT0191_HITFRAME00071888.mp4,SMASH,Smash,Drop,55.01%,0.0086,0.0171,0.5501,0.0086,0.4156,SUCCESS
SMASH_MATCH32_SHOT0045_HITFRAME00019908.mp4,SMASH,Smash,Drop,87.91%,0.0239,0.0814,0.8791,0.0024,0.0133,SUCCESS
SMASH_MATCH32_SHOT0049_HITFRAME00020085.mp4,SMASH,Smash,Drop,67.86%,0.0032,0.0073,0.6786,0.0022,0.3087,SUCCESS
SMASH_MATCH32_SHOT0054_HITFRAME00020355.mp4,SMASH,Smash,Drop,62.40%,0.0162,0.0410,0.6240,0.0090,0.3099,SUCCESS
SMASH_MATCH32_SHOT0058_HITFRAME00021482.mp4,SMASH,Smash,Drop,83.03%,0.0080,0.0340,0.8303,0.0029,0.1248,SUCCESS
SMASH_MATCH32_SHOT0069_HITFRAME00023754.mp4,SMASH,Smash,Drive,47.60%,0.0063,0.4760,0.1461,0.0055,0.3661,SUCCESS
SMASH_MATCH32_SHOT0117_HITFRAME00031688.mp4,SMASH,Smash,Drop,50.91%,0.0023,0.0062,0.5091,0.0020,0.4804,SUCCESS
SMASH_MATCH32_SHOT0124_HITFRAME00034990.mp4,SMASH,Smash,Drop,77.23%,0.0071,0.0263,0.7723,0.0080,0.1862,SUCCESS
SMASH_MATCH32_SHOT0167_HITFRAME00043827.mp4,SMASH,Smash,Drop,56.44%,0.0052,0.0630,0.5644,0.0023,0.3651,SUCCESS
SMASH_MATCH32_SHOT0174_HITFRAME00046905.mp4,SMASH,Smash,Drop,61.30%,0.0090,0.0528,0.6130,0.0129,0.3124,SUCCESS
SMASH_MATCH32_SHOT0239_HITFRAME00066289.mp4,SMASH,Smash,Drop,54.43%,0.0024,0.0077,0.5443,0.0023,0.4434,SUCCESS
SMASH_MATCH32_SHOT0250_HITFRAME00068270.mp4,SMASH,Smash,Drop,85.31%,0.0021,0.0038,0.8531,0.0008,0.1403,SUCCESS
SMASH_MATCH32_SHOT0253_HITFRAME00068455.mp4,SMASH,Smash,Drop,66.36%,0.0016,0.0025,0.6636,0.0008,0.3315,SUCCESS
SMASH_MATCH32_SHOT0255_HITFRAME00069707.mp4,SMASH,Smash,Drop,57.54%,0.0017,0.0041,0.5754,0.0014,0.4174,SUCCESS
SMASH_MATCH32_SHOT0257_HITFRAME00070374.mp4,SMASH,Smash,Drop,74.07%,0.0021,0.0060,0.7407,0.0015,0.2497,SUCCESS
SMASH_MATCH32_SHOT0282_HITFRAME00076232.mp4,SMASH,Smash,Drop,63.91%,0.0027,0.0053,0.6391,0.0021,0.3509,SUCCESS
SMASH_MATCH32_SHOT0287_HITFRAME00077288.mp4,SMASH,Smash,Drop,57.89%,0.0037,0.0130,0.5789,0.0037,0.4008,SUCCESS
SMASH_MATCH32_SHOT0288_HITFRAME00077373.mp4,SMASH,Smash,Drop,91.56%,0.0022,0.0252,0.9156,0.0005,0.0565,SUCCESS
SMASH_MATCH32_SHOT0296_HITFRAME00082217.mp4,SMASH,Smash,Drop,67.61%,0.0049,0.0223,0.6761,0.0059,0.2907,SUCCESS
SMASH_MATCH32_SHOT0299_HITFRAME00083131.mp4,SMASH,Smash,Drop,64.44%,0.0020,0.0065,0.6444,0.0016,0.3454,SUCCESS
SMASH_MATCH32_SHOT0312_HITFRAME00085703.mp4,SMASH,Smash,Drop,75.37%,0.0021,0.0039,0.7537,0.0010,0.2392,SUCCESS
SMASH_MATCH32_SHOT0321_HITFRAME00087735.mp4,SMASH,Smash,Drop,74.56%,0.0019,0.0015,0.7456,0.0005,0.2504,SUCCESS
SMASH_MATCH32_SHOT0327_HITFRAME00089306.mp4,SMASH,Smash,Drop,71.66%,0.0025,0.0058,0.7166,0.0016,0.2735,SUCCESS
SMASH_MATCH32_SHOT0329_HITFRAME00089438.mp4,SMASH,Smash,Drop,56.81%,0.0030,0.0096,0.5681,0.0029,0.4164,SUCCESS
SMASH_MATCH32_SHOT0337_HITFRAME00092683.mp4,SMASH,Smash,Drop,87.29%,0.0020,0.0031,0.8729,0.0006,0.1214,SUCCESS
SMASH_MATCH32_SHOT0338_HITFRAME00092779.mp4,SMASH,Smash,Drop,88.79%,0.0042,0.0055,0.8879,0.0015,0.1009,SUCCESS
SMASH_MATCH32_SHOT0339_HITFRAME00092975.mp4,SMASH,Smash,Drop,89.39%,0.0006,0.0012,0.8939,0.0002,0.1041,SUCCESS
SMASH_MATCH32_SHOT0343_HITFRAME00094115.mp4,SMASH,Smash,Drop,92.43%,0.0014,0.0040,0.9243,0.0004,0.0699,SUCCESS
SMASH_MATCH32_SHOT0344_HITFRAME00094193.mp4,SMASH,Smash,Drop,85.38%,0.0034,0.0032,0.8538,0.0011,0.1385,SUCCESS
SMASH_MATCH32_SHOT0349_HITFRAME00095085.mp4,SMASH,Smash,Drop,77.17%,0.0024,0.0025,0.7717,0.0009,0.2226,SUCCESS
SMASH_MATCH32_SHOT0352_HITFRAME00095263.mp4,SMASH,Smash,Drop,70.91%,0.0015,0.0033,0.7091,0.0009,0.2851,SUCCESS
SMASH_MATCH32_SHOT0359_HITFRAME00096904.mp4,SMASH,Smash,Drop,74.75%,0.0025,0.0051,0.7475,0.0015,0.2435,SUCCESS
SMASH_MATCH32_SHOT0361_HITFRAME00097006.mp4,SMASH,Smash,Drop,91.53%,0.0033,0.0050,0.9153,0.0007,0.0758,SUCCESS
SMASH_MATCH32_SHOT0365_HITFRAME00098913.mp4,SMASH,Smash,Drop,57.71%,0.0045,0.0128,0.5771,0.0054,0.4003,SUCCESS
SMASH_MATCH32_SHOT0370_HITFRAME00103249.mp4,SMASH,Smash,Drop,59.37%,0.0101,0.1053,0.5937,0.0041,0.2868,SUCCESS
SMASH_MATCH32_SHOT0383_HITFRAME00106079.mp4,SMASH,Smash,Drop,60.67%,0.0093,0.0249,0.6067,0.0080,0.3511,SUCCESS
SMASH_MATCH32_SHOT0385_HITFRAME00106830.mp4,SMASH,Smash,Drop,53.75%,0.0062,0.1033,0.5375,0.0031,0.3499,SUCCESS
SMASH_MATCH32_SHOT0392_HITFRAME00108118.mp4,SMASH,Smash,Drop,65.76%,0.0053,0.0154,0.6576,0.0046,0.3171,SUCCESS
SMASH_MATCH32_SHOT0409_HITFRAME00111624.mp4,SMASH,Smash,Drop,52.59%,0.0060,0.0251,0.5259,0.0055,0.4375,SUCCESS
SMASH_MATCH32_SHOT0455_HITFRAME00121065.mp4,SMASH,Smash,Drop,68.15%,0.0190,0.0300,0.6815,0.0104,0.2591,SUCCESS
SMASH_MATCH32_SHOT0461_HITFRAME00124801.mp4,SMASH,Smash,Drop,88.33%,0.0024,0.0026,0.8833,0.0005,0.1112,SUCCESS
SMASH_MATCH32_SHOT0462_HITFRAME00127091.mp4,SMASH,Smash,Drop,68.53%,0.0045,0.0093,0.6853,0.0032,0.2977,SUCCESS
SMASH_MATCH32_SHOT0469_HITFRAME00128090.mp4,SMASH,Smash,Drop,73.53%,0.0020,0.0040,0.7353,0.0012,0.2575,SUCCESS
SMASH_MATCH32_SHOT0471_HITFRAME00128187.mp4,SMASH,Smash,Drop,83.33%,0.0025,0.0036,0.8333,0.0010,0.1596,SUCCESS
SMASH_MATCH32_SHOT0475_HITFRAME00128447.mp4,SMASH,Smash,Drop,74.45%,0.0035,0.0092,0.7445,0.0023,0.2405,SUCCESS
SMASH_MATCH32_SHOT0487_HITFRAME00131840.mp4,SMASH,Smash,Drop,59.03%,0.0010,0.0020,0.5903,0.0005,0.4063,SUCCESS
SMASH_MATCH32_SHOT0492_HITFRAME00132070.mp4,SMASH,Smash,Drop,58.47%,0.0029,0.0076,0.5847,0.0026,0.4022,SUCCESS
SMASH_MATCH32_SHOT0493_HITFRAME00132821.mp4,SMASH,Smash,Drop,72.59%,0.0018,0.0020,0.7259,0.0006,0.2697,SUCCESS
SMASH_MATCH32_SHOT0495_HITFRAME00133562.mp4,SMASH,Smash,Drop,77.86%,0.0049,0.0095,0.7786,0.0036,0.2034,SUCCESS
SMASH_MATCH32_SHOT0496_HITFRAME00133610.mp4,SMASH,Smash,Drop,70.40%,0.0126,0.0203,0.7040,0.0079,0.2553,SUCCESS
SMASH_MATCH32_SHOT0502_HITFRAME00136112.mp4,SMASH,Smash,Drop,61.94%,0.0023,0.0051,0.6194,0.0019,0.3714,SUCCESS
SMASH_MATCH32_SHOT0508_HITFRAME00138377.mp4,SMASH,Smash,Drop,52.08%,0.0013,0.0034,0.5208,0.0010,0.4735,SUCCESS
SMASH_MATCH32_SHOT0513_HITFRAME00139762.mp4,SMASH,Smash,Drop,71.02%,0.0021,0.0031,0.7102,0.0011,0.2835,SUCCESS
SMASH_MATCH32_SHOT0515_HITFRAME00139879.mp4,SMASH,Smash,Drop,75.60%,0.0015,0.0028,0.7560,0.0007,0.2390,SUCCESS
SMASH_MATCH32_SHOT0518_HITFRAME00141068.mp4,SMASH,Smash,Drop,90.44%,0.0033,0.0042,0.9044,0.0008,0.0874,SUCCESS
SMASH_MATCH32_SHOT0521_HITFRAME00141193.mp4,SMASH,Smash,Drop,93.83%,0.0103,0.0148,0.9383,0.0018,0.0348,SUCCESS
SMASH_MATCH32_SHOT0527_HITFRAME00142175.mp4,SMASH,Smash,Drop,84.61%,0.0021,0.0041,0.8461,0.0008,0.1470,SUCCESS
SMASH_MATCH32_SHOT0531_HITFRAME00143584.mp4,SMASH,Smash,Drop,67.15%,0.0019,0.0036,0.6715,0.0013,0.3216,SUCCESS
SMASH_MATCH32_SHOT0534_HITFRAME00145502.mp4,SMASH,Smash,Drop,77.15%,0.0029,0.0041,0.7715,0.0011,0.2204,SUCCESS
SMASH_MATCH32_SHOT0539_HITFRAME00149478.mp4,SMASH,Smash,Drop,81.47%,0.0020,0.0045,0.8147,0.0011,0.1778,SUCCESS
SMASH_MATCH32_SHOT0542_HITFRAME00149686.mp4,SMASH,Smash,Drop,70.66%,0.0054,0.0181,0.7066,0.0039,0.2660,SUCCESS
SMASH_MATCH34_SHOT0001_HITFRAME00012575.mp4,SMASH,Smash,Drop,89.60%,0.0022,0.0073,0.8960,0.0011,0.0934,SUCCESS
SMASH_MATCH34_SHOT0010_HITFRAME00013529.mp4,SMASH,Smash,Drive,99.48%,0.0003,0.9948,0.0023,0.0006,0.0019,SUCCESS
SMASH_MATCH34_SHOT0016_HITFRAME00015170.mp4,SMASH,Smash,Drop,85.61%,0.0048,0.0342,0.8561,0.0051,0.0998,SUCCESS
SMASH_MATCH34_SHOT0029_HITFRAME00017600.mp4,SMASH,Smash,Drop,67.79%,0.0032,0.0504,0.6779,0.0068,0.2617,SUCCESS
SMASH_MATCH34_SHOT0039_HITFRAME00019251.mp4,SMASH,Smash,Drop,90.01%,0.0014,0.0091,0.9001,0.0011,0.0883,SUCCESS
SMASH_MATCH34_SHOT0051_HITFRAME00022503.mp4,SMASH,Smash,Drive,99.06%,0.0002,0.9906,0.0035,0.0006,0.0051,SUCCESS
SMASH_MATCH34_SHOT0059_HITFRAME00025794.mp4,SMASH,Smash,Drop,94.51%,0.0026,0.0132,0.9451,0.0009,0.0383,SUCCESS
SMASH_MATCH34_SHOT0067_HITFRAME00027102.mp4,SMASH,Smash,Drive,43.37%,0.0025,0.4337,0.3699,0.0036,0.1903,SUCCESS
SMASH_MATCH34_SHOT0068_HITFRAME00028155.mp4,SMASH,Smash,Drop,85.22%,0.0054,0.0612,0.8522,0.0052,0.0760,SUCCESS
SMASH_MATCH34_SHOT0072_HITFRAME00028308.mp4,SMASH,Smash,Drop,67.30%,0.0109,0.1776,0.6730,0.0220,0.1166,SUCCESS
SMASH_MATCH34_SHOT0073_HITFRAME00028440.mp4,SMASH,Smash,Drive,99.66%,0.0002,0.9966,0.0014,0.0004,0.0014,SUCCESS
SMASH_MATCH34_SHOT0079_HITFRAME00029580.mp4,SMASH,Smash,Drop,83.18%,0.0049,0.0521,0.8318,0.0091,0.1021,SUCCESS
SMASH_MATCH34_SHOT0080_HITFRAME00030233.mp4,SMASH,Smash,Drop,80.91%,0.0094,0.0851,0.8091,0.0080,0.0884,SUCCESS
SMASH_MATCH34_SHOT0081_HITFRAME00032337.mp4,SMASH,Smash,Drop,85.63%,0.0048,0.0301,0.8563,0.0035,0.1052,SUCCESS
SMASH_MATCH34_SHOT0082_HITFRAME00032429.mp4,SMASH,Smash,Drop,92.87%,0.0017,0.0019,0.9287,0.0003,0.0673,SUCCESS
SMASH_MATCH34_SHOT0086_HITFRAME00032711.mp4,SMASH,Smash,Drop,95.02%,0.0031,0.0224,0.9502,0.0010,0.0233,SUCCESS
SMASH_MATCH34_SHOT0090_HITFRAME00033717.mp4,SMASH,Smash,Drive,99.54%,0.0002,0.9954,0.0023,0.0005,0.0016,SUCCESS
SMASH_MATCH34_SHOT0094_HITFRAME00036269.mp4,SMASH,Smash,Drop,97.04%,0.0022,0.0031,0.9704,0.0003,0.0240,SUCCESS
SMASH_MATCH34_SHOT0097_HITFRAME00036416.mp4,SMASH,Smash,Drop,83.29%,0.0031,0.0363,0.8329,0.0041,0.1236,SUCCESS
SMASH_MATCH34_SHOT0108_HITFRAME00038399.mp4,SMASH,Smash,Drop,56.26%,0.0105,0.2658,0.5626,0.0167,0.1444,SUCCESS
SMASH_MATCH34_SHOT0109_HITFRAME00038434.mp4,SMASH,Smash,Drop,77.37%,0.0058,0.1510,0.7737,0.0044,0.0651,SUCCESS
SMASH_MATCH34_SHOT0118_HITFRAME00039522.mp4,SMASH,Smash,Drop,80.04%,0.0045,0.0689,0.8004,0.0024,0.1239,SUCCESS
SMASH_MATCH34_SHOT0121_HITFRAME00042508.mp4,SMASH,Smash,Drop,94.83%,0.0008,0.0018,0.9483,0.0002,0.0489,SUCCESS
SMASH_MATCH34_SHOT0123_HITFRAME00042605.mp4,SMASH,Smash,Drive,99.83%,0.0001,0.9983,0.0008,0.0004,0.0004,SUCCESS
SMASH_MATCH34_SHOT0128_HITFRAME00044104.mp4,SMASH,Smash,Drive,64.27%,0.0023,0.6427,0.3049,0.0015,0.0486,SUCCESS
SMASH_MATCH34_SHOT0129_HITFRAME00045028.mp4,SMASH,Smash,Drop,92.74%,0.0015,0.0045,0.9274,0.0003,0.0663,SUCCESS
SMASH_MATCH34_SHOT0143_HITFRAME00047621.mp4,SMASH,Smash,Drop,79.65%,0.0031,0.0243,0.7965,0.0042,0.1719,SUCCESS
SMASH_MATCH34_SHOT0147_HITFRAME00052990.mp4,SMASH,Smash,Drop,87.80%,0.0162,0.0753,0.8780,0.0069,0.0236,SUCCESS
SMASH_MATCH34_SHOT0150_HITFRAME00053129.mp4,SMASH,Smash,Drop,78.50%,0.0059,0.0717,0.7850,0.0067,0.1307,SUCCESS
SMASH_MATCH34_SHOT0153_HITFRAME00054219.mp4,SMASH,Smash,Drop,74.87%,0.0039,0.0537,0.7487,0.0065,0.1871,SUCCESS
SMASH_MATCH34_SHOT0156_HITFRAME00055336.mp4,SMASH,Smash,Drop,79.99%,0.0038,0.0266,0.7999,0.0054,0.1643,SUCCESS
SMASH_MATCH34_SHOT0158_HITFRAME00055462.mp4,SMASH,Smash,Drop,80.04%,0.0041,0.0385,0.8004,0.0049,0.1522,SUCCESS
SMASH_MATCH34_SHOT0163_HITFRAME00056461.mp4,SMASH,Smash,Drop,74.25%,0.0108,0.0540,0.7425,0.0135,0.1791,SUCCESS
SMASH_MATCH34_SHOT0167_HITFRAME00057561.mp4,SMASH,Smash,Drive,95.51%,0.0015,0.9551,0.0319,0.0022,0.0094,SUCCESS
SMASH_MATCH34_SHOT0179_HITFRAME00059887.mp4,SMASH,Smash,Drop,89.70%,0.0069,0.0224,0.8970,0.0037,0.0701,SUCCESS
SMASH_MATCH34_SHOT0184_HITFRAME00060676.mp4,SMASH,Smash,Drop,87.67%,0.0032,0.0160,0.8767,0.0026,0.1014,SUCCESS
SMASH_MATCH34_SHOT0186_HITFRAME00061641.mp4,SMASH,Smash,Drop,82.28%,0.0040,0.0288,0.8228,0.0045,0.1398,SUCCESS
SMASH_MATCH34_SHOT0193_HITFRAME00063649.mp4,SMASH,Smash,Drive,44.60%,0.0052,0.4460,0.3067,0.0087,0.2334,SUCCESS
SMASH_MATCH34_SHOT0202_HITFRAME00068374.mp4,SMASH,Smash,Drop,54.33%,0.0071,0.0135,0.5433,0.0032,0.4329,SUCCESS
SMASH_MATCH34_SHOT0206_HITFRAME00069765.mp4,SMASH,Smash,Drop,59.08%,0.0035,0.0283,0.5908,0.0039,0.3736,SUCCESS
SMASH_MATCH34_SHOT0209_HITFRAME00071089.mp4,SMASH,Smash,Drop,70.51%,0.0025,0.0107,0.7051,0.0022,0.2794,SUCCESS
SMASH_MATCH34_SHOT0211_HITFRAME00071711.mp4,SMASH,Smash,Drop,85.87%,0.0064,0.0552,0.8587,0.0068,0.0729,SUCCESS
SMASH_MATCH34_SHOT0222_HITFRAME00076824.mp4,SMASH,Smash,Drop,88.50%,0.0039,0.0091,0.8850,0.0013,0.1007,SUCCESS
SMASH_MATCH34_SHOT0226_HITFRAME00078015.mp4,SMASH,Smash,Drop,59.57%,0.0056,0.1140,0.5957,0.0080,0.2766,SUCCESS
SMASH_MATCH34_SHOT0236_HITFRAME00078953.mp4,SMASH,Smash,Drive,65.54%,0.0091,0.6554,0.1934,0.0082,0.1339,SUCCESS
SMASH_MATCH34_SHOT0241_HITFRAME00079248.mp4,SMASH,Smash,Drop,70.04%,0.0039,0.0460,0.7004,0.0044,0.2453,SUCCESS
SMASH_MATCH35_SHOT0025_HITFRAME00016996.mp4,SMASH,Smash,Drop,81.58%,0.0063,0.1548,0.8158,0.0025,0.0206,SUCCESS
SMASH_MATCH35_SHOT0040_HITFRAME00019504.mp4,SMASH,Smash,Drop,66.92%,0.0041,0.0506,0.6692,0.0050,0.2711,SUCCESS
SMASH_MATCH35_SHOT0045_HITFRAME00021498.mp4,SMASH,Smash,Drive,99.90%,0.0001,0.9990,0.0004,0.0003,0.0002,SUCCESS
SMASH_MATCH35_SHOT0083_HITFRAME00029518.mp4,SMASH,Smash,Drop,94.57%,0.0047,0.0185,0.9457,0.0014,0.0297,SUCCESS
SMASH_MATCH35_SHOT0097_HITFRAME00034595.mp4,SMASH,Smash,Drop,55.96%,0.0020,0.0127,0.5596,0.0023,0.4234,SUCCESS
SMASH_MATCH35_SHOT0102_HITFRAME00036284.mp4,SMASH,Smash,Drop,49.07%,0.0094,0.2307,0.4907,0.0242,0.2450,SUCCESS
SMASH_MATCH35_SHOT0103_HITFRAME00036344.mp4,SMASH,Smash,Drive,99.40%,0.0003,0.9940,0.0034,0.0006,0.0017,SUCCESS
SMASH_MATCH35_SHOT0170_HITFRAME00051586.mp4,SMASH,Smash,Drop,67.59%,0.0079,0.0909,0.6759,0.0072,0.2181,SUCCESS
SMASH_MATCH35_SHOT0186_HITFRAME00056888.mp4,SMASH,Smash,Drop,94.90%,0.0050,0.0378,0.9490,0.0006,0.0077,SUCCESS
SMASH_MATCH35_SHOT0193_HITFRAME00057259.mp4,SMASH,Smash,Drop,54.72%,0.0049,0.1136,0.5472,0.0088,0.3255,SUCCESS
SMASH_MATCH35_SHOT0196_HITFRAME00057412.mp4,SMASH,Smash,Drop,93.53%,0.0022,0.0155,0.9353,0.0010,0.0460,SUCCESS
SMASH_MATCH35_SHOT0211_HITFRAME00060945.mp4,SMASH,Smash,Drop,82.30%,0.0028,0.0231,0.8230,0.0026,0.1486,SUCCESS
SMASH_MATCH35_SHOT0214_HITFRAME00061076.mp4,SMASH,Smash,Drop,93.44%,0.0020,0.0391,0.9344,0.0005,0.0240,SUCCESS
SMASH_MATCH35_SHOT0215_HITFRAME00061136.mp4,SMASH,Smash,Drive,94.26%,0.0011,0.9426,0.0077,0.0030,0.0456,SUCCESS
SMASH_MATCH35_SHOT0222_HITFRAME00066043.mp4,SMASH,Smash,Drop,66.73%,0.0029,0.0747,0.6673,0.0025,0.2526,SUCCESS
SMASH_MATCH35_SHOT0227_HITFRAME00067384.mp4,SMASH,Smash,Drive,99.12%,0.0002,0.9912,0.0025,0.0004,0.0057,SUCCESS
SMASH_MATCH35_SHOT0228_HITFRAME00067458.mp4,SMASH,Smash,Drop,86.18%,0.0052,0.0592,0.8618,0.0035,0.0703,SUCCESS
SMASH_MATCH35_SHOT0233_HITFRAME00071398.mp4,SMASH,Smash,Drive,66.99%,0.0049,0.6699,0.3118,0.0014,0.0120,SUCCESS
SMASH_MATCH35_SHOT0246_HITFRAME00074236.mp4,SMASH,Smash,Drive,43.93%,0.0020,0.4393,0.1410,0.0061,0.4116,SUCCESS
SMASH_MATCH35_SHOT0248_HITFRAME00075775.mp4,SMASH,Smash,Drop,96.62%,0.0037,0.0105,0.9662,0.0004,0.0192,SUCCESS
SMASH_MATCH35_SHOT0254_HITFRAME00076927.mp4,SMASH,Smash,Drive,98.77%,0.0008,0.9877,0.0079,0.0007,0.0029,SUCCESS
SMASH_MATCH35_SHOT0262_HITFRAME00081405.mp4,SMASH,Smash,Drop,75.33%,0.0041,0.0487,0.7533,0.0051,0.1888,SUCCESS
SMASH_MATCH35_SHOT0264_HITFRAME00084136.mp4,SMASH,Smash,Drive,99.92%,0.0001,0.9992,0.0003,0.0002,0.0002,SUCCESS
SMASH_MATCH35_SHOT0280_HITFRAME00088053.mp4,SMASH,Smash,Drop,93.59%,0.0106,0.0390,0.9359,0.0011,0.0133,SUCCESS
SMASH_MATCH35_SHOT0283_HITFRAME00090293.mp4,SMASH,Smash,Drop,86.52%,0.0021,0.0191,0.8652,0.0019,0.1117,SUCCESS
SMASH_MATCH35_SHOT0284_HITFRAME00090333.mp4,SMASH,Smash,Drop,89.48%,0.0021,0.0235,0.8948,0.0012,0.0783,SUCCESS
SMASH_MATCH35_SHOT0294_HITFRAME00092032.mp4,SMASH,Smash,Drop,85.21%,0.0017,0.0155,0.8521,0.0017,0.1290,SUCCESS
SMASH_MATCH35_SHOT0295_HITFRAME00092077.mp4,SMASH,Smash,Drop,75.40%,0.0061,0.0906,0.7540,0.0088,0.1405,SUCCESS
SMASH_MATCH35_SHOT0296_HITFRAME00092132.mp4,SMASH,Smash,Drop,86.80%,0.0029,0.0323,0.8680,0.0017,0.0950,SUCCESS
SMASH_MATCH35_SHOT0305_HITFRAME00092572.mp4,SMASH,Smash,Drop,55.92%,0.0021,0.0237,0.5592,0.0032,0.4118,SUCCESS
SMASH_MATCH35_SHOT0308_HITFRAME00095151.mp4,SMASH,Smash,Drop,81.39%,0.0033,0.0298,0.8139,0.0019,0.1511,SUCCESS
SMASH_MATCH35_SHOT0312_HITFRAME00095341.mp4,SMASH,Smash,Drop,89.06%,0.0028,0.0021,0.8906,0.0004,0.1041,SUCCESS
SMASH_MATCH35_SHOT0314_HITFRAME00095479.mp4,SMASH,Smash,Drive,99.23%,0.0003,0.9923,0.0035,0.0016,0.0022,SUCCESS
SMASH_MATCH35_SHOT0317_HITFRAME00096440.mp4,SMASH,Smash,Drop,76.56%,0.0012,0.0075,0.7656,0.0009,0.2247,SUCCESS
SMASH_MATCH35_SHOT0320_HITFRAME00097447.mp4,SMASH,Smash,Drop,88.89%,0.0029,0.0219,0.8889,0.0013,0.0849,SUCCESS
SMASH_MATCH35_SHOT0329_HITFRAME00097870.mp4,SMASH,Smash,Drop,62.79%,0.0009,0.0062,0.6279,0.0009,0.3640,SUCCESS
SMASH_MATCH35_SHOT0343_HITFRAME00101158.mp4,SMASH,Smash,Drop,47.74%,0.0061,0.1724,0.4774,0.0108,0.3332,SUCCESS
SMASH_MATCH35_SHOT0348_HITFRAME00102072.mp4,SMASH,Smash,Drop,97.94%,0.0032,0.0104,0.9794,0.0003,0.0068,SUCCESS
SMASH_MATCH35_SHOT0349_HITFRAME00102781.mp4,SMASH,Smash,Drop,95.78%,0.0027,0.0122,0.9578,0.0007,0.0266,SUCCESS
SMASH_MATCH37_SHOT0009_HITFRAME00014424.mp4,SMASH,Smash,Drive,60.34%,0.0008,0.6034,0.0370,0.0014,0.3574,SUCCESS
SMASH_MATCH37_SHOT0144_HITFRAME00052919.mp4,SMASH,Smash,Drop,56.70%,0.0027,0.0144,0.5670,0.0028,0.4132,SUCCESS
SMASH_MATCH37_SHOT0150_HITFRAME00053814.mp4,SMASH,Smash,Drop,83.81%,0.0044,0.0208,0.8381,0.0038,0.1329,SUCCESS
SMASH_MATCH37_SHOT0156_HITFRAME00055708.mp4,SMASH,Smash,Drop,81.70%,0.0055,0.0617,0.8170,0.0075,0.1084,SUCCESS
SMASH_MATCH37_SHOT0174_HITFRAME00058327.mp4,SMASH,Smash,Drop,53.24%,0.0034,0.0566,0.5324,0.0054,0.4022,SUCCESS
SMASH_MATCH37_SHOT0181_HITFRAME00060647.mp4,SMASH,Smash,Drop,88.03%,0.0013,0.0101,0.8803,0.0008,0.1075,SUCCESS
SMASH_MATCH37_SHOT0184_HITFRAME00060936.mp4,SMASH,Smash,Drive,98.24%,0.0004,0.9824,0.0027,0.0008,0.0137,SUCCESS
SMASH_MATCH37_SHOT0201_HITFRAME00066289.mp4,SMASH,Smash,Drive,44.86%,0.0016,0.4486,0.1021,0.0031,0.4447,SUCCESS
SMASH_MATCH37_SHOT0205_HITFRAME00070266.mp4,SMASH,Smash,Drive,86.13%,0.0004,0.8613,0.0154,0.0014,0.1215,SUCCESS
SMASH_MATCH37_SHOT0207_HITFRAME00070344.mp4,SMASH,Smash,Drop,71.18%,0.0093,0.0603,0.7118,0.0082,0.2103,SUCCESS
SMASH_MATCH37_SHOT0209_HITFRAME00070441.mp4,SMASH,Smash,Drop,69.22%,0.0081,0.0888,0.6922,0.0127,0.1982,SUCCESS
SMASH_MATCH37_SHOT0215_HITFRAME00071952.mp4,SMASH,Smash,Drop,74.11%,0.0028,0.0376,0.7411,0.0024,0.2161,SUCCESS
SMASH_MATCH37_SHOT0222_HITFRAME00072305.mp4,SMASH,Smash,Drop,53.04%,0.0057,0.1233,0.5304,0.0093,0.3313,SUCCESS
SMASH_MATCH37_SHOT0231_HITFRAME00074988.mp4,SMASH,Smash,Drop,84.82%,0.0015,0.0089,0.8482,0.0013,0.1401,SUCCESS
SMASH_MATCH37_SHOT0232_HITFRAME00075075.mp4,SMASH,Smash,Drop,71.11%,0.0031,0.0600,0.7111,0.0065,0.2193,SUCCESS
SMASH_MATCH37_SHOT0237_HITFRAME00077030.mp4,SMASH,Smash,Drop,94.93%,0.0017,0.0094,0.9493,0.0007,0.0389,SUCCESS
SMASH_MATCH37_SHOT0238_HITFRAME00082470.mp4,SMASH,Smash,Drop,72.23%,0.0012,0.0059,0.7223,0.0010,0.2696,SUCCESS
SMASH_MATCH37_SHOT0243_HITFRAME00084282.mp4,SMASH,Smash,Drop,41.93%,0.0038,0.2021,0.4193,0.0070,0.3679,SUCCESS
SMASH_MATCH38_SHOT0005_HITFRAME00013358.mp4,SMASH,Smash,Drive,65.09%,0.0029,0.6509,0.1125,0.0032,0.2306,SUCCESS
SMASH_MATCH38_SHOT0006_HITFRAME00014114.mp4,SMASH,Smash,Drop,75.98%,0.0071,0.0074,0.7598,0.0028,0.2229,SUCCESS
SMASH_MATCH38_SHOT0007_HITFRAME00014559.mp4,SMASH,Smash,Drop,69.51%,0.0133,0.1451,0.6951,0.0044,0.1420,SUCCESS
SMASH_MATCH38_SHOT0008_HITFRAME00014923.mp4,SMASH,Smash,Drop,74.91%,0.0033,0.1036,0.7491,0.0016,0.1424,SUCCESS
SMASH_MATCH38_SHOT0016_HITFRAME00018662.mp4,SMASH,Smash,Drive,99.77%,0.0002,0.9977,0.0008,0.0007,0.0006,SUCCESS
SMASH_MATCH38_SHOT0019_HITFRAME00019656.mp4,SMASH,Smash,Drop,87.62%,0.0013,0.0125,0.8762,0.0004,0.1097,SUCCESS
SMASH_MATCH38_SHOT0021_HITFRAME00020636.mp4,SMASH,Smash,Drop,89.12%,0.0202,0.0030,0.8912,0.0012,0.0845,SUCCESS
SMASH_MATCH38_SHOT0022_HITFRAME00021227.mp4,SMASH,Smash,Drop,71.90%,0.0010,0.0025,0.7190,0.0002,0.2774,SUCCESS
SMASH_MATCH38_SHOT0024_HITFRAME00022102.mp4,SMASH,Smash,Drop,57.88%,0.0097,0.0125,0.5788,0.0105,0.3885,SUCCESS
SMASH_MATCH38_SHOT0028_HITFRAME00024582.mp4,SMASH,Smash,Drop,50.20%,0.0039,0.1975,0.5020,0.0013,0.2953,SUCCESS
SMASH_MATCH38_SHOT0037_HITFRAME00026531.mp4,SMASH,Smash,Drive,99.28%,0.0003,0.9928,0.0015,0.0036,0.0018,SUCCESS
SMASH_MATCH38_SHOT0041_HITFRAME00026710.mp4,SMASH,Smash,Drive,55.71%,0.0006,0.5571,0.0175,0.0017,0.4231,SUCCESS
SMASH_MATCH38_SHOT0046_HITFRAME00028263.mp4,SMASH,Smash,Drop,70.54%,0.0022,0.0145,0.7054,0.0010,0.2769,SUCCESS
SMASH_MATCH38_SHOT0047_HITFRAME00028296.mp4,SMASH,Smash,Drive,99.91%,0.0001,0.9991,0.0003,0.0002,0.0004,SUCCESS
SMASH_MATCH38_SHOT0048_HITFRAME00028324.mp4,SMASH,Smash,Drive,99.24%,0.0002,0.9924,0.0019,0.0004,0.0052,SUCCESS
SMASH_MATCH38_SHOT0049_HITFRAME00028351.mp4,SMASH,Smash,Drive,99.78%,0.0002,0.9978,0.0009,0.0007,0.0004,SUCCESS
SMASH_MATCH38_SHOT0050_HITFRAME00029004.mp4,SMASH,Smash,Drive,49.56%,0.0080,0.4956,0.3011,0.0066,0.1886,SUCCESS
SMASH_MATCH38_SHOT0059_HITFRAME00031730.mp4,SMASH,Smash,Drive,99.62%,0.0001,0.9962,0.0010,0.0003,0.0024,SUCCESS
SMASH_MATCH38_SHOT0064_HITFRAME00032546.mp4,SMASH,Smash,Drop,42.74%,0.0058,0.2349,0.4274,0.0066,0.3254,SUCCESS
SMASH_MATCH38_SHOT0066_HITFRAME00033152.mp4,SMASH,Smash,Drop,79.29%,0.0031,0.0129,0.7929,0.0013,0.1899,SUCCESS
SMASH_MATCH38_SHOT0070_HITFRAME00033430.mp4,SMASH,Smash,Drop,71.75%,0.0086,0.0129,0.7175,0.0065,0.2544,SUCCESS
SMASH_MATCH38_SHOT0076_HITFRAME00033675.mp4,SMASH,Smash,Drop,89.40%,0.0167,0.0142,0.8940,0.0048,0.0703,SUCCESS
SMASH_MATCH38_SHOT0081_HITFRAME00034959.mp4,SMASH,Smash,Drop,90.00%,0.0114,0.0140,0.9000,0.0012,0.0735,SUCCESS
SMASH_MATCH38_SHOT0090_HITFRAME00038366.mp4,SMASH,Smash,Drop,82.11%,0.0041,0.0015,0.8211,0.0007,0.1727,SUCCESS
SMASH_MATCH38_SHOT0095_HITFRAME00039110.mp4,SMASH,Smash,Drive,95.93%,0.0038,0.9593,0.0173,0.0150,0.0046,SUCCESS
SMASH_MATCH38_SHOT0096_HITFRAME00042918.mp4,SMASH,Smash,Drop,66.98%,0.0062,0.0218,0.6698,0.0052,0.2971,SUCCESS
SMASH_MATCH38_SHOT0110_HITFRAME00044893.mp4,SMASH,Smash,Drive,77.03%,0.0049,0.7703,0.0565,0.0927,0.0756,SUCCESS
SMASH_MATCH38_SHOT0119_HITFRAME00047170.mp4,SMASH,Smash,Drop,66.50%,0.0053,0.0265,0.6650,0.0055,0.2977,SUCCESS
SMASH_MATCH38_SHOT0128_HITFRAME00048066.mp4,SMASH,Smash,Drive,52.45%,0.0189,0.5245,0.3731,0.0085,0.0750,SUCCESS
SMASH_MATCH38_SHOT0144_HITFRAME00051262.mp4,SMASH,Smash,Drive,42.69%,0.0527,0.4269,0.3403,0.0678,0.1123,SUCCESS
SMASH_MATCH38_SHOT0150_HITFRAME00053522.mp4,SMASH,Smash,Drop,95.64%,0.0014,0.0037,0.9564,0.0002,0.0382,SUCCESS
SMASH_MATCH38_SHOT0159_HITFRAME00055145.mp4,SMASH,Smash,Drive,96.78%,0.0004,0.9678,0.0089,0.0009,0.0221,SUCCESS
SMASH_MATCH38_SHOT0174_HITFRAME00058557.mp4,SMASH,Smash,Drive,99.62%,0.0002,0.9962,0.0014,0.0007,0.0014,SUCCESS
SMASH_MATCH38_SHOT0176_HITFRAME00058641.mp4,SMASH,Smash,Drive,99.72%,0.0001,0.9972,0.0007,0.0004,0.0016,SUCCESS
SMASH_MATCH38_SHOT0182_HITFRAME00061956.mp4,SMASH,Smash,Drive,96.65%,0.0004,0.9665,0.0049,0.0011,0.0271,SUCCESS
SMASH_MATCH38_SHOT0193_HITFRAME00064736.mp4,SMASH,Smash,Drive,80.00%,0.0014,0.8000,0.0313,0.0038,0.1636,SUCCESS
SMASH_MATCH38_SHOT0202_HITFRAME00066833.mp4,SMASH,Smash,Drop,57.08%,0.0023,0.0045,0.5708,0.0015,0.4208,SUCCESS
